question,uid,topical_hit
What are the key findings in this chest X-ray report?,1,True
What abnormality is present according to the report?,1,True
Is the heart size normal?,1,True
What are the key findings in this chest X-ray report?,2,True
What abnormality is present according to the report?,2,True
Is there any cardiomegaly?,2,True
What are the key findings in this chest X-ray report?,3,True
What abnormality is present according to the report?,3,True
Is the heart size normal?,3,True
What are the key findings in this chest X-ray report?,4,True
What abnormality is present according to the report?,4,True
Is there any opacity?,4,True
What are the key findings in this chest X-ray report?,5,True
What abnormality is present according to the report?,5,True
What are the key findings in this chest X-ray report?,6,True
What abnormality is present according to the report?,6,True
Is the heart size normal?,6,True
What are the key findings in this chest X-ray report?,7,True
What abnormality is present according to the report?,7,True
Is there any atelectasis?,7,True
What are the key findings in this chest X-ray report?,8,True
What abnormality is present according to the report?,8,True
Is the heart size normal?,8,True
What are the key findings in this chest X-ray report?,9,True
What abnormality is present according to the report?,9,True
What are the key findings in this chest X-ray report?,10,True
What abnormality is present according to the report?,10,True
What are the key findings in this chest X-ray report?,11,True
What abnormality is present according to the report?,11,True
Is the heart size normal?,11,True
What are the key findings in this chest X-ray report?,12,True
What abnormality is present according to the report?,12,True
Is the heart size normal?,12,True
What are the key findings in this chest X-ray report?,13,True
What abnormality is present according to the report?,13,True
What are the key findings in this chest X-ray report?,14,True
What abnormality is present according to the report?,14,True
What are the key findings in this chest X-ray report?,15,True
What abnormality is present according to the report?,15,True
What are the key findings in this chest X-ray report?,17,True
What abnormality is present according to the report?,17,True
Is the heart size normal?,17,True
What are the key findings in this chest X-ray report?,18,True
What abnormality is present according to the report?,18,True
Is there any effusion?,18,True
What are the key findings in this chest X-ray report?,19,True
What abnormality is present according to the report?,19,True
What are the key findings in this chest X-ray report?,20,True
What abnormality is present according to the report?,20,True
Is the heart size normal?,20,True
What are the key findings in this chest X-ray report?,21,True
What abnormality is present according to the report?,21,True
What are the key findings in this chest X-ray report?,22,True
What abnormality is present according to the report?,22,True
Is the heart size normal?,22,True
What are the key findings in this chest X-ray report?,23,True
What abnormality is present according to the report?,23,True
Is the heart size normal?,23,True
What are the key findings in this chest X-ray report?,24,True
What abnormality is present according to the report?,24,True
Is the heart size normal?,24,True
What are the key findings in this chest X-ray report?,25,True
What abnormality is present according to the report?,25,True
Is there any effusion?,25,True
What are the key findings in this chest X-ray report?,26,True
What abnormality is present according to the report?,26,True
What are the key findings in this chest X-ray report?,27,True
What abnormality is present according to the report?,27,True
What are the key findings in this chest X-ray report?,28,True
What abnormality is present according to the report?,28,True
Is there any opacity?,28,True
Is there any atelectasis?,28,True
What are the key findings in this chest X-ray report?,29,True
What abnormality is present according to the report?,29,True
Is there any cardiomegaly?,29,True
What are the key findings in this chest X-ray report?,30,True
What abnormality is present according to the report?,30,True
Is the heart size normal?,30,True
What are the key findings in this chest X-ray report?,31,True
What abnormality is present according to the report?,31,True
What are the key findings in this chest X-ray report?,32,True
What abnormality is present according to the report?,32,True
What are the key findings in this chest X-ray report?,33,True
What abnormality is present according to the report?,33,True
What are the key findings in this chest X-ray report?,34,True
What abnormality is present according to the report?,34,True
Is the heart size normal?,34,True
What are the key findings in this chest X-ray report?,35,True
What abnormality is present according to the report?,35,True
What are the key findings in this chest X-ray report?,36,True
What abnormality is present according to the report?,36,True
Is the heart size normal?,36,True
What are the key findings in this chest X-ray report?,37,True
What abnormality is present according to the report?,37,True
Is there any opacity?,37,True
What are the key findings in this chest X-ray report?,38,True
What abnormality is present according to the report?,38,True
Is the heart size normal?,38,True
What are the key findings in this chest X-ray report?,39,True
What abnormality is present according to the report?,39,True
What are the key findings in this chest X-ray report?,40,True
What abnormality is present according to the report?,40,True
What are the key findings in this chest X-ray report?,41,True
What abnormality is present according to the report?,41,True
Is there any opacity?,41,True
What are the key findings in this chest X-ray report?,42,True
What abnormality is present according to the report?,42,True
Is the heart size normal?,42,True
What are the key findings in this chest X-ray report?,43,True
What abnormality is present according to the report?,43,True
What are the key findings in this chest X-ray report?,44,True
What abnormality is present according to the report?,44,True
Is the heart size normal?,44,True
What are the key findings in this chest X-ray report?,45,True
What abnormality is present according to the report?,45,True
Is there any cardiomegaly?,45,True
What are the key findings in this chest X-ray report?,46,True
What abnormality is present according to the report?,46,True
Is the heart size normal?,46,True
What are the key findings in this chest X-ray report?,47,True
What abnormality is present according to the report?,47,True
What are the key findings in this chest X-ray report?,48,True
What abnormality is present according to the report?,48,True
What are the key findings in this chest X-ray report?,49,True
What abnormality is present according to the report?,49,True
What are the key findings in this chest X-ray report?,50,True
What abnormality is present according to the report?,50,True
Is there any cardiomegaly?,50,True
What are the key findings in this chest X-ray report?,51,True
What abnormality is present according to the report?,51,True
What are the key findings in this chest X-ray report?,52,True
What abnormality is present according to the report?,52,True
Is the heart size normal?,52,True
What are the key findings in this chest X-ray report?,53,True
What abnormality is present according to the report?,53,True
Is there any opacity?,53,True
Is there any atelectasis?,53,True
What are the key findings in this chest X-ray report?,54,True
What abnormality is present according to the report?,54,True
Is there any atelectasis?,54,True
What are the key findings in this chest X-ray report?,55,True
What abnormality is present according to the report?,55,True
What are the key findings in this chest X-ray report?,56,True
What abnormality is present according to the report?,56,True
Is the heart size normal?,56,True
What are the key findings in this chest X-ray report?,57,True
What abnormality is present according to the report?,57,True
Is there any opacity?,57,True
What are the key findings in this chest X-ray report?,58,True
What abnormality is present according to the report?,58,True
What are the key findings in this chest X-ray report?,59,True
What abnormality is present according to the report?,59,True
What are the key findings in this chest X-ray report?,60,True
What abnormality is present according to the report?,60,True
What are the key findings in this chest X-ray report?,61,True
What abnormality is present according to the report?,61,True
What are the key findings in this chest X-ray report?,62,True
What abnormality is present according to the report?,62,True
What are the key findings in this chest X-ray report?,63,True
What abnormality is present according to the report?,63,True
What are the key findings in this chest X-ray report?,64,True
What abnormality is present according to the report?,64,True
Is there any pneumothorax?,64,True
What are the key findings in this chest X-ray report?,65,True
What abnormality is present according to the report?,65,True
Is the heart size normal?,65,True
What are the key findings in this chest X-ray report?,66,True
What abnormality is present according to the report?,66,True
Is the heart size normal?,66,True
What are the key findings in this chest X-ray report?,67,True
What abnormality is present according to the report?,67,True
What are the key findings in this chest X-ray report?,68,True
What abnormality is present according to the report?,68,True
Is the heart size normal?,68,True
What are the key findings in this chest X-ray report?,69,True
What abnormality is present according to the report?,69,True
Is the heart size normal?,69,True
What are the key findings in this chest X-ray report?,70,True
What abnormality is present according to the report?,70,True
What are the key findings in this chest X-ray report?,71,True
What abnormality is present according to the report?,71,True
Is the heart size normal?,71,True
What are the key findings in this chest X-ray report?,72,True
What abnormality is present according to the report?,72,True
Is the heart size normal?,72,True
What are the key findings in this chest X-ray report?,73,True
What abnormality is present according to the report?,73,True
Is there any effusion?,73,True
Is there any atelectasis?,73,True
What are the key findings in this chest X-ray report?,74,True
What abnormality is present according to the report?,74,True
What are the key findings in this chest X-ray report?,75,True
What abnormality is present according to the report?,75,True
Is there any opacity?,75,True
What are the key findings in this chest X-ray report?,76,True
What abnormality is present according to the report?,76,True
What are the key findings in this chest X-ray report?,77,True
What abnormality is present according to the report?,77,True
What are the key findings in this chest X-ray report?,78,True
What abnormality is present according to the report?,78,True
Is there any atelectasis?,78,True
What are the key findings in this chest X-ray report?,79,True
What abnormality is present according to the report?,79,True
Is the heart size normal?,79,True
What are the key findings in this chest X-ray report?,80,True
What abnormality is present according to the report?,80,True
Is the heart size normal?,80,True
What are the key findings in this chest X-ray report?,81,True
What abnormality is present according to the report?,81,True
Is the heart size normal?,81,True
What are the key findings in this chest X-ray report?,82,True
What abnormality is present according to the report?,82,True
What are the key findings in this chest X-ray report?,83,True
What abnormality is present according to the report?,83,True
Is the heart size normal?,83,True
What are the key findings in this chest X-ray report?,84,True
What abnormality is present according to the report?,84,True
What are the key findings in this chest X-ray report?,85,True
What abnormality is present according to the report?,85,True
What are the key findings in this chest X-ray report?,86,True
What abnormality is present according to the report?,86,True
Is the heart size normal?,86,True
What are the key findings in this chest X-ray report?,87,True
What abnormality is present according to the report?,87,True
Is the heart size normal?,87,True
What are the key findings in this chest X-ray report?,88,True
What abnormality is present according to the report?,88,True
Is there any cardiomegaly?,88,True
What are the key findings in this chest X-ray report?,89,True
What abnormality is present according to the report?,89,True
Is the heart size normal?,89,True
What are the key findings in this chest X-ray report?,90,True
What abnormality is present according to the report?,90,True
What are the key findings in this chest X-ray report?,91,True
What abnormality is present according to the report?,91,True
Is there any pneumothorax?,91,True
What are the key findings in this chest X-ray report?,92,True
What abnormality is present according to the report?,92,True
What are the key findings in this chest X-ray report?,93,True
What abnormality is present according to the report?,93,True
What are the key findings in this chest X-ray report?,94,True
What abnormality is present according to the report?,94,True
Is the heart size normal?,94,True
What are the key findings in this chest X-ray report?,95,True
What abnormality is present according to the report?,95,True
What are the key findings in this chest X-ray report?,96,True
What abnormality is present according to the report?,96,True
Is the heart size normal?,96,True
What are the key findings in this chest X-ray report?,97,True
What abnormality is present according to the report?,97,True
What are the key findings in this chest X-ray report?,98,True
What abnormality is present according to the report?,98,True
Is there any atelectasis?,98,True
What are the key findings in this chest X-ray report?,99,True
What abnormality is present according to the report?,99,True
What are the key findings in this chest X-ray report?,100,True
What abnormality is present according to the report?,100,True
Is the heart size normal?,100,True
What are the key findings in this chest X-ray report?,101,True
What abnormality is present according to the report?,101,True
Is there any cardiomegaly?,101,True
Is there any opacity?,101,True
Is there any atelectasis?,101,True
What are the key findings in this chest X-ray report?,102,True
What abnormality is present according to the report?,102,True
What are the key findings in this chest X-ray report?,103,True
What abnormality is present according to the report?,103,True
What are the key findings in this chest X-ray report?,104,True
What abnormality is present according to the report?,104,True
Is there any opacity?,104,True
What are the key findings in this chest X-ray report?,105,True
What abnormality is present according to the report?,105,True
Is there any effusion?,105,True
What are the key findings in this chest X-ray report?,106,True
What abnormality is present according to the report?,106,True
Is the heart size normal?,106,True
What are the key findings in this chest X-ray report?,107,True
What abnormality is present according to the report?,107,True
Is the heart size normal?,107,True
What are the key findings in this chest X-ray report?,108,True
What abnormality is present according to the report?,108,True
What are the key findings in this chest X-ray report?,110,True
What abnormality is present according to the report?,110,True
Is the heart size normal?,110,True
What are the key findings in this chest X-ray report?,111,True
What abnormality is present according to the report?,111,True
Is there any effusion?,111,True
What are the key findings in this chest X-ray report?,112,True
What abnormality is present according to the report?,112,True
What are the key findings in this chest X-ray report?,113,True
What abnormality is present according to the report?,113,True
Is there any opacity?,113,True
What are the key findings in this chest X-ray report?,114,True
What abnormality is present according to the report?,114,True
Is the heart size normal?,114,True
What are the key findings in this chest X-ray report?,115,True
What abnormality is present according to the report?,115,True
What are the key findings in this chest X-ray report?,116,True
What abnormality is present according to the report?,116,True
What are the key findings in this chest X-ray report?,117,True
What abnormality is present according to the report?,117,True
Is the heart size normal?,117,True
What are the key findings in this chest X-ray report?,118,True
What abnormality is present according to the report?,118,True
What are the key findings in this chest X-ray report?,119,True
What abnormality is present according to the report?,119,True
Is the heart size normal?,119,True
What are the key findings in this chest X-ray report?,120,True
What abnormality is present according to the report?,120,True
What are the key findings in this chest X-ray report?,121,True
What abnormality is present according to the report?,121,True
Is the heart size normal?,121,True
What are the key findings in this chest X-ray report?,122,True
What abnormality is present according to the report?,122,True
What are the key findings in this chest X-ray report?,123,True
What abnormality is present according to the report?,123,True
Is there any cardiomegaly?,123,True
Is there any opacity?,123,True
What are the key findings in this chest X-ray report?,124,True
What abnormality is present according to the report?,124,True
Is there any effusion?,124,True
What are the key findings in this chest X-ray report?,125,True
What abnormality is present according to the report?,125,True
What are the key findings in this chest X-ray report?,126,True
What abnormality is present according to the report?,126,True
Is there any opacity?,126,True
What are the key findings in this chest X-ray report?,127,True
What abnormality is present according to the report?,127,True
What are the key findings in this chest X-ray report?,128,True
What abnormality is present according to the report?,128,True
What are the key findings in this chest X-ray report?,129,True
What abnormality is present according to the report?,129,True
Is the heart size normal?,129,True
What are the key findings in this chest X-ray report?,130,True
What abnormality is present according to the report?,130,True
What are the key findings in this chest X-ray report?,131,True
What abnormality is present according to the report?,131,True
What are the key findings in this chest X-ray report?,132,True
What abnormality is present according to the report?,132,True
What are the key findings in this chest X-ray report?,133,True
What abnormality is present according to the report?,133,True
Is the heart size normal?,133,True
What are the key findings in this chest X-ray report?,134,True
What abnormality is present according to the report?,134,True
What are the key findings in this chest X-ray report?,135,True
What abnormality is present according to the report?,135,True
Is the heart size normal?,135,True
What are the key findings in this chest X-ray report?,136,True
What abnormality is present according to the report?,136,True
Is the heart size normal?,136,True
What are the key findings in this chest X-ray report?,137,True
What abnormality is present according to the report?,137,True
Is there any opacity?,137,True
Is there any atelectasis?,137,True
What are the key findings in this chest X-ray report?,138,True
What abnormality is present according to the report?,138,True
Is the heart size normal?,138,True
What are the key findings in this chest X-ray report?,139,True
What abnormality is present according to the report?,139,True
Is there any cardiomegaly?,139,True
Is there any opacity?,139,True
What are the key findings in this chest X-ray report?,141,True
What abnormality is present according to the report?,141,True
Is the heart size normal?,141,True
What are the key findings in this chest X-ray report?,142,True
What abnormality is present according to the report?,142,True
Is the heart size normal?,142,True
What are the key findings in this chest X-ray report?,143,True
What abnormality is present according to the report?,143,True
What are the key findings in this chest X-ray report?,144,True
What abnormality is present according to the report?,144,True
Is there any atelectasis?,144,True
What are the key findings in this chest X-ray report?,145,True
What abnormality is present according to the report?,145,True
Is there any effusion?,145,True
What are the key findings in this chest X-ray report?,146,True
What abnormality is present according to the report?,146,True
What are the key findings in this chest X-ray report?,147,True
What abnormality is present according to the report?,147,True
Is the heart size normal?,147,True
What are the key findings in this chest X-ray report?,149,True
What abnormality is present according to the report?,149,True
Is the heart size normal?,149,True
What are the key findings in this chest X-ray report?,150,True
What abnormality is present according to the report?,150,True
What are the key findings in this chest X-ray report?,151,True
What abnormality is present according to the report?,151,True
What are the key findings in this chest X-ray report?,152,True
What abnormality is present according to the report?,152,True
Is there any cardiomegaly?,152,True
What are the key findings in this chest X-ray report?,153,True
What abnormality is present according to the report?,153,True
Is there any effusion?,153,True
What are the key findings in this chest X-ray report?,154,True
What abnormality is present according to the report?,154,True
Is the heart size normal?,154,True
What are the key findings in this chest X-ray report?,155,True
What abnormality is present according to the report?,155,True
What are the key findings in this chest X-ray report?,157,True
What abnormality is present according to the report?,157,True
Is the heart size normal?,157,True
What are the key findings in this chest X-ray report?,158,True
What abnormality is present according to the report?,158,True
Is the heart size normal?,158,True
What are the key findings in this chest X-ray report?,159,True
What abnormality is present according to the report?,159,True
What are the key findings in this chest X-ray report?,160,True
What abnormality is present according to the report?,160,True
Is there any opacity?,160,True
What are the key findings in this chest X-ray report?,161,True
What abnormality is present according to the report?,161,True
Is there any atelectasis?,161,True
What are the key findings in this chest X-ray report?,162,True
What abnormality is present according to the report?,162,True
Is the heart size normal?,162,True
What are the key findings in this chest X-ray report?,163,True
What abnormality is present according to the report?,163,True
What are the key findings in this chest X-ray report?,164,True
What abnormality is present according to the report?,164,True
Is the heart size normal?,164,True
What are the key findings in this chest X-ray report?,165,True
What abnormality is present according to the report?,165,True
What are the key findings in this chest X-ray report?,166,True
What abnormality is present according to the report?,166,True
What are the key findings in this chest X-ray report?,167,True
What abnormality is present according to the report?,167,True
What are the key findings in this chest X-ray report?,168,True
What abnormality is present according to the report?,168,True
What are the key findings in this chest X-ray report?,169,True
What abnormality is present according to the report?,169,True
Is the heart size normal?,169,True
What are the key findings in this chest X-ray report?,170,True
What abnormality is present according to the report?,170,True
What are the key findings in this chest X-ray report?,171,True
What abnormality is present according to the report?,171,True
Is the heart size normal?,171,True
What are the key findings in this chest X-ray report?,172,True
What abnormality is present according to the report?,172,True
What are the key findings in this chest X-ray report?,173,True
What abnormality is present according to the report?,173,True
What are the key findings in this chest X-ray report?,174,True
What abnormality is present according to the report?,174,True
What are the key findings in this chest X-ray report?,175,True
What abnormality is present according to the report?,175,True
Is there any cardiomegaly?,175,True
Is there any opacity?,175,True
Is there any atelectasis?,175,True
What are the key findings in this chest X-ray report?,176,True
What abnormality is present according to the report?,176,True
Is the heart size normal?,176,True
What are the key findings in this chest X-ray report?,177,True
What abnormality is present according to the report?,177,True
Is there any cardiomegaly?,177,True
Is there any effusion?,177,True
Is there any opacity?,177,True
Is there any atelectasis?,177,True
What are the key findings in this chest X-ray report?,178,True
What abnormality is present according to the report?,178,True
Is there any opacity?,178,True
What are the key findings in this chest X-ray report?,179,True
What abnormality is present according to the report?,179,True
What are the key findings in this chest X-ray report?,181,True
What abnormality is present according to the report?,181,True
What are the key findings in this chest X-ray report?,182,True
What abnormality is present according to the report?,182,True
Is there any opacity?,182,True
What are the key findings in this chest X-ray report?,183,True
What abnormality is present according to the report?,183,True
Is there any opacity?,183,True
What are the key findings in this chest X-ray report?,184,True
What abnormality is present according to the report?,184,True
What are the key findings in this chest X-ray report?,185,True
What abnormality is present according to the report?,185,True
Is there any opacity?,185,True
What are the key findings in this chest X-ray report?,186,True
What abnormality is present according to the report?,186,True
Is the heart size normal?,186,True
What are the key findings in this chest X-ray report?,187,True
What abnormality is present according to the report?,187,True
What are the key findings in this chest X-ray report?,188,True
What abnormality is present according to the report?,188,True
Is there any effusion?,188,True
Is there any atelectasis?,188,True
What are the key findings in this chest X-ray report?,189,True
What abnormality is present according to the report?,189,True
Is there any opacity?,189,True
Is there any atelectasis?,189,True
What are the key findings in this chest X-ray report?,190,True
What abnormality is present according to the report?,190,True
Is the heart size normal?,190,True
What are the key findings in this chest X-ray report?,191,True
What abnormality is present according to the report?,191,True
Is the heart size normal?,191,True
What are the key findings in this chest X-ray report?,192,True
What abnormality is present according to the report?,192,True
What are the key findings in this chest X-ray report?,193,True
What abnormality is present according to the report?,193,True
What are the key findings in this chest X-ray report?,194,True
What abnormality is present according to the report?,194,True
Is there any atelectasis?,194,True
What are the key findings in this chest X-ray report?,195,True
What abnormality is present according to the report?,195,True
Is the heart size normal?,195,True
What are the key findings in this chest X-ray report?,196,True
What abnormality is present according to the report?,196,True
Is the heart size normal?,196,True
What are the key findings in this chest X-ray report?,197,True
What abnormality is present according to the report?,197,True
What are the key findings in this chest X-ray report?,198,True
What abnormality is present according to the report?,198,True
What are the key findings in this chest X-ray report?,200,True
What abnormality is present according to the report?,200,True
Is the heart size normal?,200,True
What are the key findings in this chest X-ray report?,201,True
What abnormality is present according to the report?,201,True
Is there any opacity?,201,True
Is there any atelectasis?,201,True
What are the key findings in this chest X-ray report?,202,True
What abnormality is present according to the report?,202,True
Is there any cardiomegaly?,202,True
Is there any effusion?,202,True
Is there any opacity?,202,True
What are the key findings in this chest X-ray report?,203,True
What abnormality is present according to the report?,203,True
Is the heart size normal?,203,True
What are the key findings in this chest X-ray report?,204,True
What abnormality is present according to the report?,204,True
Is the heart size normal?,204,True
What are the key findings in this chest X-ray report?,205,True
What abnormality is present according to the report?,205,True
What are the key findings in this chest X-ray report?,206,True
What abnormality is present according to the report?,206,True
Is there any cardiomegaly?,206,True
What are the key findings in this chest X-ray report?,207,True
What abnormality is present according to the report?,207,True
Is the heart size normal?,207,True
What are the key findings in this chest X-ray report?,208,True
What abnormality is present according to the report?,208,True
Is the heart size normal?,208,True
What are the key findings in this chest X-ray report?,209,True
What abnormality is present according to the report?,209,True
What are the key findings in this chest X-ray report?,210,True
What abnormality is present according to the report?,210,True
What are the key findings in this chest X-ray report?,211,True
What abnormality is present according to the report?,211,True
Is the heart size normal?,211,True
What are the key findings in this chest X-ray report?,212,True
What abnormality is present according to the report?,212,True
What are the key findings in this chest X-ray report?,214,True
What abnormality is present according to the report?,214,True
Is there any cardiomegaly?,214,True
What are the key findings in this chest X-ray report?,215,True
What abnormality is present according to the report?,215,True
Is there any cardiomegaly?,215,True
What are the key findings in this chest X-ray report?,216,True
What abnormality is present according to the report?,216,True
Is there any cardiomegaly?,216,True
Is there any atelectasis?,216,True
What are the key findings in this chest X-ray report?,217,True
What abnormality is present according to the report?,217,True
Is the heart size normal?,217,True
What are the key findings in this chest X-ray report?,218,True
What abnormality is present according to the report?,218,True
Is there any opacity?,218,True
What are the key findings in this chest X-ray report?,219,True
What abnormality is present according to the report?,219,True
Is the heart size normal?,219,True
What are the key findings in this chest X-ray report?,220,True
What abnormality is present according to the report?,220,True
What are the key findings in this chest X-ray report?,221,True
What abnormality is present according to the report?,221,True
What are the key findings in this chest X-ray report?,222,True
What abnormality is present according to the report?,222,True
Is the heart size normal?,222,True
What are the key findings in this chest X-ray report?,223,True
What abnormality is present according to the report?,223,True
What are the key findings in this chest X-ray report?,224,True
What abnormality is present according to the report?,224,True
Is the heart size normal?,224,True
What are the key findings in this chest X-ray report?,225,True
What abnormality is present according to the report?,225,True
Is the heart size normal?,225,True
What are the key findings in this chest X-ray report?,226,True
What abnormality is present according to the report?,226,True
Is the heart size normal?,226,True
What are the key findings in this chest X-ray report?,227,True
What abnormality is present according to the report?,227,True
Is there any cardiomegaly?,227,True
Is there any effusion?,227,True
Is there any opacity?,227,True
Is there any edema?,227,True
What are the key findings in this chest X-ray report?,228,True
What abnormality is present according to the report?,228,True
What are the key findings in this chest X-ray report?,229,True
What abnormality is present according to the report?,229,True
What are the key findings in this chest X-ray report?,230,True
What abnormality is present according to the report?,230,True
What are the key findings in this chest X-ray report?,233,True
What abnormality is present according to the report?,233,True
Is there any opacity?,233,True
Is there any atelectasis?,233,True
What are the key findings in this chest X-ray report?,234,True
What abnormality is present according to the report?,234,True
Is the heart size normal?,234,True
What are the key findings in this chest X-ray report?,235,True
What abnormality is present according to the report?,235,True
Is there any cardiomegaly?,235,True
Is there any opacity?,235,True
Is there any edema?,235,True
What are the key findings in this chest X-ray report?,236,True
What abnormality is present according to the report?,236,True
Is the heart size normal?,236,True
What are the key findings in this chest X-ray report?,237,True
What abnormality is present according to the report?,237,True
What are the key findings in this chest X-ray report?,238,True
What abnormality is present according to the report?,238,True
Is the heart size normal?,238,True
What are the key findings in this chest X-ray report?,239,True
What abnormality is present according to the report?,239,True
Is the heart size normal?,239,True
What are the key findings in this chest X-ray report?,240,True
What abnormality is present according to the report?,240,True
What are the key findings in this chest X-ray report?,241,True
What abnormality is present according to the report?,241,True
Is the heart size normal?,241,True
What are the key findings in this chest X-ray report?,242,True
What abnormality is present according to the report?,242,True
Is the heart size normal?,242,True
What are the key findings in this chest X-ray report?,243,True
What abnormality is present according to the report?,243,True
Is the heart size normal?,243,True
What are the key findings in this chest X-ray report?,244,True
What abnormality is present according to the report?,244,True
Is the heart size normal?,244,True
What are the key findings in this chest X-ray report?,245,True
What abnormality is present according to the report?,245,True
What are the key findings in this chest X-ray report?,246,True
What abnormality is present according to the report?,246,True
Is the heart size normal?,246,True
What are the key findings in this chest X-ray report?,247,True
What abnormality is present according to the report?,247,True
Is the heart size normal?,247,True
What are the key findings in this chest X-ray report?,248,True
What abnormality is present according to the report?,248,True
What are the key findings in this chest X-ray report?,249,True
What abnormality is present according to the report?,249,True
What are the key findings in this chest X-ray report?,250,True
What abnormality is present according to the report?,250,True
What are the key findings in this chest X-ray report?,251,True
What abnormality is present according to the report?,251,True
What are the key findings in this chest X-ray report?,252,True
What abnormality is present according to the report?,252,True
Is the heart size normal?,252,True
What are the key findings in this chest X-ray report?,253,True
What abnormality is present according to the report?,253,True
Is there any pneumothorax?,253,True
What are the key findings in this chest X-ray report?,254,True
What abnormality is present according to the report?,254,True
What are the key findings in this chest X-ray report?,255,True
What abnormality is present according to the report?,255,True
Is the heart size normal?,255,True
What are the key findings in this chest X-ray report?,256,True
What abnormality is present according to the report?,256,True
What are the key findings in this chest X-ray report?,257,True
What abnormality is present according to the report?,257,True
Is there any opacity?,257,True
What are the key findings in this chest X-ray report?,258,True
What abnormality is present according to the report?,258,True
What are the key findings in this chest X-ray report?,259,True
What abnormality is present according to the report?,259,True
Is the heart size normal?,259,True
What are the key findings in this chest X-ray report?,260,True
What abnormality is present according to the report?,260,True
What are the key findings in this chest X-ray report?,261,True
What abnormality is present according to the report?,261,True
Is the heart size normal?,261,True
What are the key findings in this chest X-ray report?,262,True
What abnormality is present according to the report?,262,True
Is the heart size normal?,262,True
What are the key findings in this chest X-ray report?,263,True
What abnormality is present according to the report?,263,True
Is the heart size normal?,263,True
What are the key findings in this chest X-ray report?,264,True
What abnormality is present according to the report?,264,True
Is the heart size normal?,264,True
What are the key findings in this chest X-ray report?,266,True
What abnormality is present according to the report?,266,True
Is there any cardiomegaly?,266,True
What are the key findings in this chest X-ray report?,267,True
What abnormality is present according to the report?,267,True
Is there any effusion?,267,True
What are the key findings in this chest X-ray report?,268,True
What abnormality is present according to the report?,268,True
Is there any opacity?,268,True
What are the key findings in this chest X-ray report?,269,True
What abnormality is present according to the report?,269,True
Is the heart size normal?,269,True
What are the key findings in this chest X-ray report?,270,True
What abnormality is present according to the report?,270,True
Is the heart size normal?,270,True
What are the key findings in this chest X-ray report?,271,True
What abnormality is present according to the report?,271,True
Is the heart size normal?,271,True
What are the key findings in this chest X-ray report?,272,True
What abnormality is present according to the report?,272,True
Is the heart size normal?,272,True
What are the key findings in this chest X-ray report?,273,True
What abnormality is present according to the report?,273,True
Is there any cardiomegaly?,273,True
What are the key findings in this chest X-ray report?,274,True
What abnormality is present according to the report?,274,True
What are the key findings in this chest X-ray report?,275,True
What abnormality is present according to the report?,275,True
Is the heart size normal?,275,True
What are the key findings in this chest X-ray report?,276,True
What abnormality is present according to the report?,276,True
Is the heart size normal?,276,True
What are the key findings in this chest X-ray report?,277,True
What abnormality is present according to the report?,277,True
What are the key findings in this chest X-ray report?,278,True
What abnormality is present according to the report?,278,True
Is there any opacity?,278,True
What are the key findings in this chest X-ray report?,279,True
What abnormality is present according to the report?,279,True
Is the heart size normal?,279,True
What are the key findings in this chest X-ray report?,280,True
What abnormality is present according to the report?,280,True
What are the key findings in this chest X-ray report?,281,True
What abnormality is present according to the report?,281,True
Is the heart size normal?,281,True
What are the key findings in this chest X-ray report?,282,True
What abnormality is present according to the report?,282,True
Is the heart size normal?,282,True
What are the key findings in this chest X-ray report?,283,True
What abnormality is present according to the report?,283,True
Is the heart size normal?,283,True
What are the key findings in this chest X-ray report?,284,True
What abnormality is present according to the report?,284,True
Is the heart size normal?,284,True
What are the key findings in this chest X-ray report?,285,True
What abnormality is present according to the report?,285,True
Is there any atelectasis?,285,True
What are the key findings in this chest X-ray report?,286,True
What abnormality is present according to the report?,286,True
What are the key findings in this chest X-ray report?,287,True
What abnormality is present according to the report?,287,True
Is the heart size normal?,287,True
What are the key findings in this chest X-ray report?,288,True
What abnormality is present according to the report?,288,True
What are the key findings in this chest X-ray report?,289,True
What abnormality is present according to the report?,289,True
What are the key findings in this chest X-ray report?,290,True
What abnormality is present according to the report?,290,True
What are the key findings in this chest X-ray report?,291,True
What abnormality is present according to the report?,291,True
Is the heart size normal?,291,True
What are the key findings in this chest X-ray report?,292,True
What abnormality is present according to the report?,292,True
What are the key findings in this chest X-ray report?,293,True
What abnormality is present according to the report?,293,True
What are the key findings in this chest X-ray report?,294,True
What abnormality is present according to the report?,294,True
What are the key findings in this chest X-ray report?,295,True
What abnormality is present according to the report?,295,True
What are the key findings in this chest X-ray report?,296,True
What abnormality is present according to the report?,296,True
What are the key findings in this chest X-ray report?,297,True
What abnormality is present according to the report?,297,True
Is there any opacity?,297,True
Is there any atelectasis?,297,True
What are the key findings in this chest X-ray report?,298,True
What abnormality is present according to the report?,298,True
Is the heart size normal?,298,True
What are the key findings in this chest X-ray report?,299,True
What abnormality is present according to the report?,299,True
What are the key findings in this chest X-ray report?,300,True
What abnormality is present according to the report?,300,True
What are the key findings in this chest X-ray report?,301,True
What abnormality is present according to the report?,301,True
Is the heart size normal?,301,True
What are the key findings in this chest X-ray report?,302,True
What abnormality is present according to the report?,302,True
What are the key findings in this chest X-ray report?,303,True
What abnormality is present according to the report?,303,True
Is there any opacity?,303,True
Is there any atelectasis?,303,True
What are the key findings in this chest X-ray report?,304,True
What abnormality is present according to the report?,304,True
Is there any atelectasis?,304,True
What are the key findings in this chest X-ray report?,305,True
What abnormality is present according to the report?,305,True
Is there any cardiomegaly?,305,True
What are the key findings in this chest X-ray report?,306,True
What abnormality is present according to the report?,306,True
Is the heart size normal?,306,True
What are the key findings in this chest X-ray report?,307,True
What abnormality is present according to the report?,307,True
Is the heart size normal?,307,True
What are the key findings in this chest X-ray report?,308,True
What abnormality is present according to the report?,308,True
Is there any opacity?,308,True
What are the key findings in this chest X-ray report?,309,True
What abnormality is present according to the report?,309,True
Is the heart size normal?,309,True
What are the key findings in this chest X-ray report?,310,True
What abnormality is present according to the report?,310,True
Is the heart size normal?,310,True
What are the key findings in this chest X-ray report?,312,True
What abnormality is present according to the report?,312,True
What are the key findings in this chest X-ray report?,313,True
What abnormality is present according to the report?,313,True
Is there any effusion?,313,True
Is there any opacity?,313,True
What are the key findings in this chest X-ray report?,314,True
What abnormality is present according to the report?,314,True
What are the key findings in this chest X-ray report?,315,True
What abnormality is present according to the report?,315,True
What are the key findings in this chest X-ray report?,316,True
What abnormality is present according to the report?,316,True
What are the key findings in this chest X-ray report?,317,True
What abnormality is present according to the report?,317,True
Is the heart size normal?,317,True
What are the key findings in this chest X-ray report?,318,True
What abnormality is present according to the report?,318,True
Is the heart size normal?,318,True
What are the key findings in this chest X-ray report?,319,True
What abnormality is present according to the report?,319,True
Is the heart size normal?,319,True
What are the key findings in this chest X-ray report?,320,True
What abnormality is present according to the report?,320,True
Is the heart size normal?,320,True
What are the key findings in this chest X-ray report?,321,True
What abnormality is present according to the report?,321,True
Is there any opacity?,321,True
Is there any atelectasis?,321,True
What are the key findings in this chest X-ray report?,322,True
What abnormality is present according to the report?,322,True
What are the key findings in this chest X-ray report?,323,True
What abnormality is present according to the report?,323,True
What are the key findings in this chest X-ray report?,324,True
What abnormality is present according to the report?,324,True
Is the heart size normal?,324,True
What are the key findings in this chest X-ray report?,325,True
What abnormality is present according to the report?,325,True
Is the heart size normal?,325,True
What are the key findings in this chest X-ray report?,326,True
What abnormality is present according to the report?,326,True
Is the heart size normal?,326,True
What are the key findings in this chest X-ray report?,327,True
What abnormality is present according to the report?,327,True
Is there any cardiomegaly?,327,True
What are the key findings in this chest X-ray report?,328,True
What abnormality is present according to the report?,328,True
Is the heart size normal?,328,True
What are the key findings in this chest X-ray report?,329,True
What abnormality is present according to the report?,329,True
What are the key findings in this chest X-ray report?,330,True
What abnormality is present according to the report?,330,True
Is the heart size normal?,330,True
What are the key findings in this chest X-ray report?,331,True
What abnormality is present according to the report?,331,True
Is the heart size normal?,331,True
What are the key findings in this chest X-ray report?,332,True
What abnormality is present according to the report?,332,True
Is there any opacity?,332,True
What are the key findings in this chest X-ray report?,333,True
What abnormality is present according to the report?,333,True
What are the key findings in this chest X-ray report?,334,True
What abnormality is present according to the report?,334,True
Is there any atelectasis?,334,True
What are the key findings in this chest X-ray report?,335,True
What abnormality is present according to the report?,335,True
What are the key findings in this chest X-ray report?,336,True
What abnormality is present according to the report?,336,True
Is the heart size normal?,336,True
What are the key findings in this chest X-ray report?,337,True
What abnormality is present according to the report?,337,True
Is there any opacity?,337,True
What are the key findings in this chest X-ray report?,338,True
What abnormality is present according to the report?,338,True
Is the heart size normal?,338,True
What are the key findings in this chest X-ray report?,339,True
What abnormality is present according to the report?,339,True
Is the heart size normal?,339,True
What are the key findings in this chest X-ray report?,340,True
What abnormality is present according to the report?,340,True
Is there any cardiomegaly?,340,True
What are the key findings in this chest X-ray report?,341,True
What abnormality is present according to the report?,341,True
Is the heart size normal?,341,True
What are the key findings in this chest X-ray report?,342,True
What abnormality is present according to the report?,342,True
Is there any cardiomegaly?,342,True
What are the key findings in this chest X-ray report?,343,True
What abnormality is present according to the report?,343,True
What are the key findings in this chest X-ray report?,344,True
What abnormality is present according to the report?,344,True
Is the heart size normal?,344,True
What are the key findings in this chest X-ray report?,345,True
What abnormality is present according to the report?,345,True
Is the heart size normal?,345,True
What are the key findings in this chest X-ray report?,346,True
What abnormality is present according to the report?,346,True
Is the heart size normal?,346,True
What are the key findings in this chest X-ray report?,347,True
What abnormality is present according to the report?,347,True
What are the key findings in this chest X-ray report?,348,True
What abnormality is present according to the report?,348,True
Is the heart size normal?,348,True
What are the key findings in this chest X-ray report?,349,True
What abnormality is present according to the report?,349,True
Is there any cardiomegaly?,349,True
What are the key findings in this chest X-ray report?,350,True
What abnormality is present according to the report?,350,True
Is there any opacity?,350,True
What are the key findings in this chest X-ray report?,351,True
What abnormality is present according to the report?,351,True
What are the key findings in this chest X-ray report?,352,True
What abnormality is present according to the report?,352,True
What are the key findings in this chest X-ray report?,353,True
What abnormality is present according to the report?,353,True
Is there any effusion?,353,True
Is there any edema?,353,True
What are the key findings in this chest X-ray report?,354,True
What abnormality is present according to the report?,354,True
Is the heart size normal?,354,True
What are the key findings in this chest X-ray report?,355,True
What abnormality is present according to the report?,355,True
What are the key findings in this chest X-ray report?,356,True
What abnormality is present according to the report?,356,True
Is the heart size normal?,356,True
What are the key findings in this chest X-ray report?,357,True
What abnormality is present according to the report?,357,True
Is there any opacity?,357,True
What are the key findings in this chest X-ray report?,358,True
What abnormality is present according to the report?,358,True
Is the heart size normal?,358,True
What are the key findings in this chest X-ray report?,359,True
What abnormality is present according to the report?,359,True
Is the heart size normal?,359,True
What are the key findings in this chest X-ray report?,360,True
What abnormality is present according to the report?,360,True
Is the heart size normal?,360,True
What are the key findings in this chest X-ray report?,361,True
What abnormality is present according to the report?,361,True
Is the heart size normal?,361,True
What are the key findings in this chest X-ray report?,362,True
What abnormality is present according to the report?,362,True
Is the heart size normal?,362,True
What are the key findings in this chest X-ray report?,363,True
What abnormality is present according to the report?,363,True
Is the heart size normal?,363,True
What are the key findings in this chest X-ray report?,364,True
What abnormality is present according to the report?,364,True
Is the heart size normal?,364,True
What are the key findings in this chest X-ray report?,365,True
What abnormality is present according to the report?,365,True
Is the heart size normal?,365,True
What are the key findings in this chest X-ray report?,366,True
What abnormality is present according to the report?,366,True
Is the heart size normal?,366,True
What are the key findings in this chest X-ray report?,367,True
What abnormality is present according to the report?,367,True
Is the heart size normal?,367,True
What are the key findings in this chest X-ray report?,368,True
What abnormality is present according to the report?,368,True
Is the heart size normal?,368,True
What are the key findings in this chest X-ray report?,370,True
What abnormality is present according to the report?,370,True
Is the heart size normal?,370,True
What are the key findings in this chest X-ray report?,371,True
What abnormality is present according to the report?,371,True
What are the key findings in this chest X-ray report?,372,True
What abnormality is present according to the report?,372,True
Is there any effusion?,372,True
What are the key findings in this chest X-ray report?,373,True
What abnormality is present according to the report?,373,True
Is the heart size normal?,373,True
What are the key findings in this chest X-ray report?,374,True
What abnormality is present according to the report?,374,True
Is there any cardiomegaly?,374,True
Is there any effusion?,374,True
Is there any atelectasis?,374,True
What are the key findings in this chest X-ray report?,375,True
What abnormality is present according to the report?,375,True
Is the heart size normal?,375,True
What are the key findings in this chest X-ray report?,376,True
What abnormality is present according to the report?,376,True
What are the key findings in this chest X-ray report?,377,True
What abnormality is present according to the report?,377,True
What are the key findings in this chest X-ray report?,378,True
What abnormality is present according to the report?,378,True
Is there any atelectasis?,378,True
What are the key findings in this chest X-ray report?,379,True
What abnormality is present according to the report?,379,True
Is there any cardiomegaly?,379,True
Is there any effusion?,379,True
Is there any opacity?,379,True
What are the key findings in this chest X-ray report?,380,True
What abnormality is present according to the report?,380,True
What are the key findings in this chest X-ray report?,382,True
What abnormality is present according to the report?,382,True
Is there any opacity?,382,True
What are the key findings in this chest X-ray report?,383,True
What abnormality is present according to the report?,383,True
What are the key findings in this chest X-ray report?,384,True
What abnormality is present according to the report?,384,True
What are the key findings in this chest X-ray report?,385,True
What abnormality is present according to the report?,385,True
Is the heart size normal?,385,True
What are the key findings in this chest X-ray report?,386,True
What abnormality is present according to the report?,386,True
What are the key findings in this chest X-ray report?,387,True
What abnormality is present according to the report?,387,True
Is there any opacity?,387,True
What are the key findings in this chest X-ray report?,388,True
What abnormality is present according to the report?,388,True
Is there any cardiomegaly?,388,True
What are the key findings in this chest X-ray report?,389,True
What abnormality is present according to the report?,389,True
What are the key findings in this chest X-ray report?,390,True
What abnormality is present according to the report?,390,True
What are the key findings in this chest X-ray report?,391,True
What abnormality is present according to the report?,391,True
What are the key findings in this chest X-ray report?,392,True
What abnormality is present according to the report?,392,True
What are the key findings in this chest X-ray report?,393,True
What abnormality is present according to the report?,393,True
Is the heart size normal?,393,True
What are the key findings in this chest X-ray report?,394,True
What abnormality is present according to the report?,394,True
Is there any opacity?,394,True
What are the key findings in this chest X-ray report?,395,True
What abnormality is present according to the report?,395,True
What are the key findings in this chest X-ray report?,396,True
What abnormality is present according to the report?,396,True
What are the key findings in this chest X-ray report?,397,True
What abnormality is present according to the report?,397,True
What are the key findings in this chest X-ray report?,398,True
What abnormality is present according to the report?,398,True
What are the key findings in this chest X-ray report?,399,True
What abnormality is present according to the report?,399,True
What are the key findings in this chest X-ray report?,400,True
What abnormality is present according to the report?,400,True
What are the key findings in this chest X-ray report?,401,True
What abnormality is present according to the report?,401,True
Is there any effusion?,401,True
Is there any opacity?,401,True
What are the key findings in this chest X-ray report?,402,True
What abnormality is present according to the report?,402,True
What are the key findings in this chest X-ray report?,403,True
What abnormality is present according to the report?,403,True
What are the key findings in this chest X-ray report?,404,True
What abnormality is present according to the report?,404,True
What are the key findings in this chest X-ray report?,405,True
What abnormality is present according to the report?,405,True
What are the key findings in this chest X-ray report?,406,True
What abnormality is present according to the report?,406,True
What are the key findings in this chest X-ray report?,407,True
What abnormality is present according to the report?,407,True
Is the heart size normal?,407,True
What are the key findings in this chest X-ray report?,408,True
What abnormality is present according to the report?,408,True
Is there any effusion?,408,True
What are the key findings in this chest X-ray report?,409,True
What abnormality is present according to the report?,409,True
Is there any opacity?,409,True
What are the key findings in this chest X-ray report?,410,True
What abnormality is present according to the report?,410,True
What are the key findings in this chest X-ray report?,411,True
What abnormality is present according to the report?,411,True
Is there any opacity?,411,True
Is there any atelectasis?,411,True
What are the key findings in this chest X-ray report?,412,True
What abnormality is present according to the report?,412,True
Is there any opacity?,412,True
What are the key findings in this chest X-ray report?,413,True
What abnormality is present according to the report?,413,True
Is the heart size normal?,413,True
What are the key findings in this chest X-ray report?,414,True
What abnormality is present according to the report?,414,True
What are the key findings in this chest X-ray report?,415,True
What abnormality is present according to the report?,415,True
What are the key findings in this chest X-ray report?,416,True
What abnormality is present according to the report?,416,True
Is the heart size normal?,416,True
What are the key findings in this chest X-ray report?,417,True
What abnormality is present according to the report?,417,True
What are the key findings in this chest X-ray report?,418,True
What abnormality is present according to the report?,418,True
Is there any atelectasis?,418,True
What are the key findings in this chest X-ray report?,419,True
What abnormality is present according to the report?,419,True
Is the heart size normal?,419,True
What are the key findings in this chest X-ray report?,420,True
What abnormality is present according to the report?,420,True
What are the key findings in this chest X-ray report?,421,True
What abnormality is present according to the report?,421,True
Is the heart size normal?,421,True
What are the key findings in this chest X-ray report?,422,True
What abnormality is present according to the report?,422,True
What are the key findings in this chest X-ray report?,423,True
What abnormality is present according to the report?,423,True
Is there any effusion?,423,True
Is there any atelectasis?,423,True
What are the key findings in this chest X-ray report?,424,True
What abnormality is present according to the report?,424,True
What are the key findings in this chest X-ray report?,425,True
What abnormality is present according to the report?,425,True
Is the heart size normal?,425,True
What are the key findings in this chest X-ray report?,426,True
What abnormality is present according to the report?,426,True
What are the key findings in this chest X-ray report?,427,True
What abnormality is present according to the report?,427,True
Is the heart size normal?,427,True
What are the key findings in this chest X-ray report?,428,True
What abnormality is present according to the report?,428,True
Is the heart size normal?,428,True
What are the key findings in this chest X-ray report?,429,True
What abnormality is present according to the report?,429,True
Is the heart size normal?,429,True
What are the key findings in this chest X-ray report?,430,True
What abnormality is present according to the report?,430,True
Is the heart size normal?,430,True
What are the key findings in this chest X-ray report?,431,True
What abnormality is present according to the report?,431,True
Is there any cardiomegaly?,431,True
What are the key findings in this chest X-ray report?,432,True
What abnormality is present according to the report?,432,True
Is the heart size normal?,432,True
What are the key findings in this chest X-ray report?,433,True
What abnormality is present according to the report?,433,True
Is the heart size normal?,433,True
What are the key findings in this chest X-ray report?,434,True
What abnormality is present according to the report?,434,True
What are the key findings in this chest X-ray report?,435,True
What abnormality is present according to the report?,435,True
Is the heart size normal?,435,True
What are the key findings in this chest X-ray report?,436,True
What abnormality is present according to the report?,436,True
Is there any cardiomegaly?,436,True
What are the key findings in this chest X-ray report?,437,True
What abnormality is present according to the report?,437,True
Is there any cardiomegaly?,437,True
What are the key findings in this chest X-ray report?,438,True
What abnormality is present according to the report?,438,True
Is the heart size normal?,438,True
What are the key findings in this chest X-ray report?,439,True
What abnormality is present according to the report?,439,True
What are the key findings in this chest X-ray report?,440,True
What abnormality is present according to the report?,440,True
What are the key findings in this chest X-ray report?,441,True
What abnormality is present according to the report?,441,True
What are the key findings in this chest X-ray report?,442,True
What abnormality is present according to the report?,442,True
What are the key findings in this chest X-ray report?,443,True
What abnormality is present according to the report?,443,True
What are the key findings in this chest X-ray report?,444,True
What abnormality is present according to the report?,444,True
Is the heart size normal?,444,True
What are the key findings in this chest X-ray report?,445,True
What abnormality is present according to the report?,445,True
Is the heart size normal?,445,True
What are the key findings in this chest X-ray report?,446,True
What abnormality is present according to the report?,446,True
What are the key findings in this chest X-ray report?,448,True
What abnormality is present according to the report?,448,True
Is the heart size normal?,448,True
What are the key findings in this chest X-ray report?,449,True
What abnormality is present according to the report?,449,True
Is the heart size normal?,449,True
What are the key findings in this chest X-ray report?,450,True
What abnormality is present according to the report?,450,True
Is the heart size normal?,450,True
What are the key findings in this chest X-ray report?,451,True
What abnormality is present according to the report?,451,True
What are the key findings in this chest X-ray report?,452,True
What abnormality is present according to the report?,452,True
What are the key findings in this chest X-ray report?,453,True
What abnormality is present according to the report?,453,True
What are the key findings in this chest X-ray report?,454,True
What abnormality is present according to the report?,454,True
Is there any cardiomegaly?,454,True
What are the key findings in this chest X-ray report?,455,True
What abnormality is present according to the report?,455,True
Is there any atelectasis?,455,True
What are the key findings in this chest X-ray report?,456,True
What abnormality is present according to the report?,456,True
What are the key findings in this chest X-ray report?,457,True
What abnormality is present according to the report?,457,True
Is there any opacity?,457,True
What are the key findings in this chest X-ray report?,458,True
What abnormality is present according to the report?,458,True
What are the key findings in this chest X-ray report?,459,True
What abnormality is present according to the report?,459,True
Is the heart size normal?,459,True
What are the key findings in this chest X-ray report?,460,True
What abnormality is present according to the report?,460,True
What are the key findings in this chest X-ray report?,461,True
What abnormality is present according to the report?,461,True
Is the heart size normal?,461,True
What are the key findings in this chest X-ray report?,462,True
What abnormality is present according to the report?,462,True
Is there any cardiomegaly?,462,True
What are the key findings in this chest X-ray report?,463,True
What abnormality is present according to the report?,463,True
Is there any opacity?,463,True
What are the key findings in this chest X-ray report?,464,True
What abnormality is present according to the report?,464,True
What are the key findings in this chest X-ray report?,465,True
What abnormality is present according to the report?,465,True
Is there any effusion?,465,True
Is there any opacity?,465,True
Is there any pneumothorax?,465,True
Is there any atelectasis?,465,True
What are the key findings in this chest X-ray report?,466,True
What abnormality is present according to the report?,466,True
What are the key findings in this chest X-ray report?,467,True
What abnormality is present according to the report?,467,True
Is the heart size normal?,467,True
What are the key findings in this chest X-ray report?,468,True
What abnormality is present according to the report?,468,True
What are the key findings in this chest X-ray report?,469,True
What abnormality is present according to the report?,469,True
What are the key findings in this chest X-ray report?,470,True
What abnormality is present according to the report?,470,True
Is the heart size normal?,470,True
What are the key findings in this chest X-ray report?,471,True
What abnormality is present according to the report?,471,True
What are the key findings in this chest X-ray report?,472,True
What abnormality is present according to the report?,472,True
What are the key findings in this chest X-ray report?,473,True
What abnormality is present according to the report?,473,True
Is the heart size normal?,473,True
What are the key findings in this chest X-ray report?,474,True
What abnormality is present according to the report?,474,True
Is the heart size normal?,474,True
What are the key findings in this chest X-ray report?,475,True
What abnormality is present according to the report?,475,True
Is the heart size normal?,475,True
What are the key findings in this chest X-ray report?,476,True
What abnormality is present according to the report?,476,True
What are the key findings in this chest X-ray report?,477,True
What abnormality is present according to the report?,477,True
Is the heart size normal?,477,True
What are the key findings in this chest X-ray report?,478,True
What abnormality is present according to the report?,478,True
What are the key findings in this chest X-ray report?,479,True
What abnormality is present according to the report?,479,True
Is the heart size normal?,479,True
What are the key findings in this chest X-ray report?,480,True
What abnormality is present according to the report?,480,True
Is the heart size normal?,480,True
What are the key findings in this chest X-ray report?,481,True
What abnormality is present according to the report?,481,True
What are the key findings in this chest X-ray report?,482,True
What abnormality is present according to the report?,482,True
What are the key findings in this chest X-ray report?,483,True
What abnormality is present according to the report?,483,True
Is there any cardiomegaly?,483,True
What are the key findings in this chest X-ray report?,484,True
What abnormality is present according to the report?,484,True
What are the key findings in this chest X-ray report?,485,True
What abnormality is present according to the report?,485,True
What are the key findings in this chest X-ray report?,486,True
What abnormality is present according to the report?,486,True
What are the key findings in this chest X-ray report?,487,True
What abnormality is present according to the report?,487,True
Is the heart size normal?,487,True
What are the key findings in this chest X-ray report?,488,True
What abnormality is present according to the report?,488,True
What are the key findings in this chest X-ray report?,489,True
What abnormality is present according to the report?,489,True
What are the key findings in this chest X-ray report?,490,True
What abnormality is present according to the report?,490,True
What are the key findings in this chest X-ray report?,491,True
What abnormality is present according to the report?,491,True
Is there any opacity?,491,True
Is there any atelectasis?,491,True
What are the key findings in this chest X-ray report?,492,True
What abnormality is present according to the report?,492,True
Is the heart size normal?,492,True
What are the key findings in this chest X-ray report?,493,True
What abnormality is present according to the report?,493,True
What are the key findings in this chest X-ray report?,494,True
What abnormality is present according to the report?,494,True
Is there any opacity?,494,True
What are the key findings in this chest X-ray report?,495,True
What abnormality is present according to the report?,495,True
What are the key findings in this chest X-ray report?,496,True
What abnormality is present according to the report?,496,True
Is the heart size normal?,496,True
What are the key findings in this chest X-ray report?,497,True
What abnormality is present according to the report?,497,True
Is the heart size normal?,497,True
What are the key findings in this chest X-ray report?,498,True
What abnormality is present according to the report?,498,True
What are the key findings in this chest X-ray report?,499,True
What abnormality is present according to the report?,499,True
Is the heart size normal?,499,True
What are the key findings in this chest X-ray report?,500,True
What abnormality is present according to the report?,500,True
Is there any cardiomegaly?,500,True
What are the key findings in this chest X-ray report?,501,True
What abnormality is present according to the report?,501,True
Is there any opacity?,501,True
What are the key findings in this chest X-ray report?,502,True
What abnormality is present according to the report?,502,True
Is the heart size normal?,502,True
What are the key findings in this chest X-ray report?,503,True
What abnormality is present according to the report?,503,True
Is the heart size normal?,503,True
What are the key findings in this chest X-ray report?,504,True
What abnormality is present according to the report?,504,True
Is there any opacity?,504,True
Is there any atelectasis?,504,True
What are the key findings in this chest X-ray report?,505,True
What abnormality is present according to the report?,505,True
Is the heart size normal?,505,True
What are the key findings in this chest X-ray report?,506,True
What abnormality is present according to the report?,506,True
Is the heart size normal?,506,True
What are the key findings in this chest X-ray report?,507,True
What abnormality is present according to the report?,507,True
What are the key findings in this chest X-ray report?,508,True
What abnormality is present according to the report?,508,True
Is the heart size normal?,508,True
What are the key findings in this chest X-ray report?,509,True
What abnormality is present according to the report?,509,True
Is there any effusion?,509,True
What are the key findings in this chest X-ray report?,510,True
What abnormality is present according to the report?,510,True
Is the heart size normal?,510,True
What are the key findings in this chest X-ray report?,511,True
What abnormality is present according to the report?,511,True
What are the key findings in this chest X-ray report?,512,True
What abnormality is present according to the report?,512,True
What are the key findings in this chest X-ray report?,513,True
What abnormality is present according to the report?,513,True
Is there any cardiomegaly?,513,True
What are the key findings in this chest X-ray report?,514,True
What abnormality is present according to the report?,514,True
Is the heart size normal?,514,True
What are the key findings in this chest X-ray report?,515,True
What abnormality is present according to the report?,515,True
Is the heart size normal?,515,True
What are the key findings in this chest X-ray report?,516,True
What abnormality is present according to the report?,516,True
What are the key findings in this chest X-ray report?,517,True
What abnormality is present according to the report?,517,True
What are the key findings in this chest X-ray report?,518,True
What abnormality is present according to the report?,518,True
Is the heart size normal?,518,True
What are the key findings in this chest X-ray report?,519,True
What abnormality is present according to the report?,519,True
Is the heart size normal?,519,True
What are the key findings in this chest X-ray report?,520,True
What abnormality is present according to the report?,520,True
What are the key findings in this chest X-ray report?,521,True
What abnormality is present according to the report?,521,True
What are the key findings in this chest X-ray report?,522,True
What abnormality is present according to the report?,522,True
Is there any atelectasis?,522,True
What are the key findings in this chest X-ray report?,523,True
What abnormality is present according to the report?,523,True
Is the heart size normal?,523,True
What are the key findings in this chest X-ray report?,524,True
What abnormality is present according to the report?,524,True
Is there any opacity?,524,True
What are the key findings in this chest X-ray report?,525,True
What abnormality is present according to the report?,525,True
What are the key findings in this chest X-ray report?,526,True
What abnormality is present according to the report?,526,True
Is there any cardiomegaly?,526,True
What are the key findings in this chest X-ray report?,527,True
What abnormality is present according to the report?,527,True
Is the heart size normal?,527,True
What are the key findings in this chest X-ray report?,529,True
What abnormality is present according to the report?,529,True
Is the heart size normal?,529,True
What are the key findings in this chest X-ray report?,530,True
What abnormality is present according to the report?,530,True
Is there any cardiomegaly?,530,True
What are the key findings in this chest X-ray report?,531,True
What abnormality is present according to the report?,531,True
What are the key findings in this chest X-ray report?,532,True
What abnormality is present according to the report?,532,True
Is the heart size normal?,532,True
What are the key findings in this chest X-ray report?,533,True
What abnormality is present according to the report?,533,True
What are the key findings in this chest X-ray report?,534,True
What abnormality is present according to the report?,534,True
Is there any opacity?,534,True
Is there any atelectasis?,534,True
What are the key findings in this chest X-ray report?,535,True
What abnormality is present according to the report?,535,True
Is there any opacity?,535,True
Is there any atelectasis?,535,True
What are the key findings in this chest X-ray report?,536,True
What abnormality is present according to the report?,536,True
Is the heart size normal?,536,True
What are the key findings in this chest X-ray report?,537,True
What abnormality is present according to the report?,537,True
What are the key findings in this chest X-ray report?,538,True
What abnormality is present according to the report?,538,True
Is the heart size normal?,538,True
What are the key findings in this chest X-ray report?,539,True
What abnormality is present according to the report?,539,True
Is the heart size normal?,539,True
What are the key findings in this chest X-ray report?,540,True
What abnormality is present according to the report?,540,True
Is there any opacity?,540,True
Is there any atelectasis?,540,True
What are the key findings in this chest X-ray report?,541,True
What abnormality is present according to the report?,541,True
What are the key findings in this chest X-ray report?,542,True
What abnormality is present according to the report?,542,True
Is the heart size normal?,542,True
What are the key findings in this chest X-ray report?,543,True
What abnormality is present according to the report?,543,True
Is the heart size normal?,543,True
What are the key findings in this chest X-ray report?,544,True
What abnormality is present according to the report?,544,True
Is the heart size normal?,544,True
What are the key findings in this chest X-ray report?,545,True
What abnormality is present according to the report?,545,True
Is there any opacity?,545,True
Is there any atelectasis?,545,True
What are the key findings in this chest X-ray report?,546,True
What abnormality is present according to the report?,546,True
Is there any effusion?,546,True
What are the key findings in this chest X-ray report?,547,True
What abnormality is present according to the report?,547,True
What are the key findings in this chest X-ray report?,548,True
What abnormality is present according to the report?,548,True
What are the key findings in this chest X-ray report?,549,True
What abnormality is present according to the report?,549,True
What are the key findings in this chest X-ray report?,550,True
What abnormality is present according to the report?,550,True
Is the heart size normal?,550,True
What are the key findings in this chest X-ray report?,551,True
What abnormality is present according to the report?,551,True
What are the key findings in this chest X-ray report?,552,True
What abnormality is present according to the report?,552,True
What are the key findings in this chest X-ray report?,553,True
What abnormality is present according to the report?,553,True
What are the key findings in this chest X-ray report?,554,True
What abnormality is present according to the report?,554,True
Is the heart size normal?,554,True
What are the key findings in this chest X-ray report?,555,True
What abnormality is present according to the report?,555,True
What are the key findings in this chest X-ray report?,556,True
What abnormality is present according to the report?,556,True
Is the heart size normal?,556,True
What are the key findings in this chest X-ray report?,557,True
What abnormality is present according to the report?,557,True
Is the heart size normal?,557,True
What are the key findings in this chest X-ray report?,558,True
What abnormality is present according to the report?,558,True
What are the key findings in this chest X-ray report?,559,True
What abnormality is present according to the report?,559,True
Is the heart size normal?,559,True
What are the key findings in this chest X-ray report?,560,True
What abnormality is present according to the report?,560,True
Is the heart size normal?,560,True
What are the key findings in this chest X-ray report?,561,True
What abnormality is present according to the report?,561,True
Is the heart size normal?,561,True
What are the key findings in this chest X-ray report?,562,True
What abnormality is present according to the report?,562,True
Is the heart size normal?,562,True
What are the key findings in this chest X-ray report?,563,True
What abnormality is present according to the report?,563,True
Is the heart size normal?,563,True
What are the key findings in this chest X-ray report?,564,True
What abnormality is present according to the report?,564,True
Is there any opacity?,564,True
What are the key findings in this chest X-ray report?,565,True
What abnormality is present according to the report?,565,True
Is the heart size normal?,565,True
What are the key findings in this chest X-ray report?,567,True
What abnormality is present according to the report?,567,True
Is there any atelectasis?,567,True
What are the key findings in this chest X-ray report?,568,True
What abnormality is present according to the report?,568,True
What are the key findings in this chest X-ray report?,569,True
What abnormality is present according to the report?,569,True
Is there any opacity?,569,True
What are the key findings in this chest X-ray report?,570,True
What abnormality is present according to the report?,570,True
Is the heart size normal?,570,True
What are the key findings in this chest X-ray report?,571,True
What abnormality is present according to the report?,571,True
Is the heart size normal?,571,True
What are the key findings in this chest X-ray report?,572,True
What abnormality is present according to the report?,572,True
Is the heart size normal?,572,True
What are the key findings in this chest X-ray report?,573,True
What abnormality is present according to the report?,573,True
Is there any opacity?,573,True
What are the key findings in this chest X-ray report?,575,True
What abnormality is present according to the report?,575,True
What are the key findings in this chest X-ray report?,576,True
What abnormality is present according to the report?,576,True
Is there any cardiomegaly?,576,True
Is there any effusion?,576,True
Is there any atelectasis?,576,True
What are the key findings in this chest X-ray report?,577,True
What abnormality is present according to the report?,577,True
Is the heart size normal?,577,True
What are the key findings in this chest X-ray report?,578,True
What abnormality is present according to the report?,578,True
What are the key findings in this chest X-ray report?,579,True
What abnormality is present according to the report?,579,True
Is the heart size normal?,579,True
What are the key findings in this chest X-ray report?,580,True
What abnormality is present according to the report?,580,True
What are the key findings in this chest X-ray report?,581,True
What abnormality is present according to the report?,581,True
Is the heart size normal?,581,True
What are the key findings in this chest X-ray report?,582,True
What abnormality is present according to the report?,582,True
Is the heart size normal?,582,True
What are the key findings in this chest X-ray report?,583,True
What abnormality is present according to the report?,583,True
What are the key findings in this chest X-ray report?,584,True
What abnormality is present according to the report?,584,True
Is the heart size normal?,584,True
What are the key findings in this chest X-ray report?,585,True
What abnormality is present according to the report?,585,True
Is there any opacity?,585,True
Is there any atelectasis?,585,True
What are the key findings in this chest X-ray report?,586,True
What abnormality is present according to the report?,586,True
Is there any cardiomegaly?,586,True
Is there any opacity?,586,True
Is there any atelectasis?,586,True
What are the key findings in this chest X-ray report?,587,True
What abnormality is present according to the report?,587,True
Is there any opacity?,587,True
What are the key findings in this chest X-ray report?,588,True
What abnormality is present according to the report?,588,True
Is the heart size normal?,588,True
What are the key findings in this chest X-ray report?,589,True
What abnormality is present according to the report?,589,True
Is the heart size normal?,589,True
What are the key findings in this chest X-ray report?,590,True
What abnormality is present according to the report?,590,True
What are the key findings in this chest X-ray report?,591,True
What abnormality is present according to the report?,591,True
What are the key findings in this chest X-ray report?,592,True
What abnormality is present according to the report?,592,True
What are the key findings in this chest X-ray report?,593,True
What abnormality is present according to the report?,593,True
Is there any cardiomegaly?,593,True
What are the key findings in this chest X-ray report?,594,True
What abnormality is present according to the report?,594,True
Is there any cardiomegaly?,594,True
Is there any opacity?,594,True
What are the key findings in this chest X-ray report?,595,True
What abnormality is present according to the report?,595,True
Is the heart size normal?,595,True
What are the key findings in this chest X-ray report?,596,True
What abnormality is present according to the report?,596,True
What are the key findings in this chest X-ray report?,597,True
What abnormality is present according to the report?,597,True
Is there any opacity?,597,True
Is there any atelectasis?,597,True
What are the key findings in this chest X-ray report?,598,True
What abnormality is present according to the report?,598,True
What are the key findings in this chest X-ray report?,599,True
What abnormality is present according to the report?,599,True
What are the key findings in this chest X-ray report?,600,True
What abnormality is present according to the report?,600,True
What are the key findings in this chest X-ray report?,601,True
What abnormality is present according to the report?,601,True
Is there any opacity?,601,True
What are the key findings in this chest X-ray report?,602,True
What abnormality is present according to the report?,602,True
Is the heart size normal?,602,True
What are the key findings in this chest X-ray report?,603,True
What abnormality is present according to the report?,603,True
What are the key findings in this chest X-ray report?,604,True
What abnormality is present according to the report?,604,True
What are the key findings in this chest X-ray report?,605,True
What abnormality is present according to the report?,605,True
Is there any opacity?,605,True
What are the key findings in this chest X-ray report?,606,True
What abnormality is present according to the report?,606,True
What are the key findings in this chest X-ray report?,607,True
What abnormality is present according to the report?,607,True
What are the key findings in this chest X-ray report?,608,True
What abnormality is present according to the report?,608,True
What are the key findings in this chest X-ray report?,609,True
What abnormality is present according to the report?,609,True
Is the heart size normal?,609,True
What are the key findings in this chest X-ray report?,610,True
What abnormality is present according to the report?,610,True
Is there any cardiomegaly?,610,True
What are the key findings in this chest X-ray report?,611,True
What abnormality is present according to the report?,611,True
What are the key findings in this chest X-ray report?,612,True
What abnormality is present according to the report?,612,True
Is there any cardiomegaly?,612,True
Is there any opacity?,612,True
Is there any atelectasis?,612,True
What are the key findings in this chest X-ray report?,613,True
What abnormality is present according to the report?,613,True
What are the key findings in this chest X-ray report?,615,True
What abnormality is present according to the report?,615,True
What are the key findings in this chest X-ray report?,616,True
What abnormality is present according to the report?,616,True
What are the key findings in this chest X-ray report?,617,True
What abnormality is present according to the report?,617,True
What are the key findings in this chest X-ray report?,618,True
What abnormality is present according to the report?,618,True
Is the heart size normal?,618,True
What are the key findings in this chest X-ray report?,619,True
What abnormality is present according to the report?,619,True
Is there any cardiomegaly?,619,True
What are the key findings in this chest X-ray report?,620,True
What abnormality is present according to the report?,620,True
What are the key findings in this chest X-ray report?,621,True
What abnormality is present according to the report?,621,True
What are the key findings in this chest X-ray report?,622,True
What abnormality is present according to the report?,622,True
Is the heart size normal?,622,True
What are the key findings in this chest X-ray report?,623,True
What abnormality is present according to the report?,623,True
What are the key findings in this chest X-ray report?,624,True
What abnormality is present according to the report?,624,True
What are the key findings in this chest X-ray report?,626,True
What abnormality is present according to the report?,626,True
Is the heart size normal?,626,True
What are the key findings in this chest X-ray report?,627,True
What abnormality is present according to the report?,627,True
Is there any cardiomegaly?,627,True
What are the key findings in this chest X-ray report?,628,True
What abnormality is present according to the report?,628,True
What are the key findings in this chest X-ray report?,629,True
What abnormality is present according to the report?,629,True
Is the heart size normal?,629,True
What are the key findings in this chest X-ray report?,630,True
What abnormality is present according to the report?,630,True
Is the heart size normal?,630,True
What are the key findings in this chest X-ray report?,631,True
What abnormality is present according to the report?,631,True
Is there any opacity?,631,True
Is there any atelectasis?,631,True
What are the key findings in this chest X-ray report?,632,True
What abnormality is present according to the report?,632,True
Is the heart size normal?,632,True
What are the key findings in this chest X-ray report?,633,True
What abnormality is present according to the report?,633,True
What are the key findings in this chest X-ray report?,634,True
What abnormality is present according to the report?,634,True
What are the key findings in this chest X-ray report?,635,True
What abnormality is present according to the report?,635,True
Is there any effusion?,635,True
Is there any atelectasis?,635,True
What are the key findings in this chest X-ray report?,636,True
What abnormality is present according to the report?,636,True
Is there any atelectasis?,636,True
What are the key findings in this chest X-ray report?,637,True
What abnormality is present according to the report?,637,True
What are the key findings in this chest X-ray report?,638,True
What abnormality is present according to the report?,638,True
What are the key findings in this chest X-ray report?,639,True
What abnormality is present according to the report?,639,True
Is the heart size normal?,639,True
What are the key findings in this chest X-ray report?,640,True
What abnormality is present according to the report?,640,True
What are the key findings in this chest X-ray report?,641,True
What abnormality is present according to the report?,641,True
What are the key findings in this chest X-ray report?,642,True
What abnormality is present according to the report?,642,True
Is the heart size normal?,642,True
What are the key findings in this chest X-ray report?,643,True
What abnormality is present according to the report?,643,True
What are the key findings in this chest X-ray report?,644,True
What abnormality is present according to the report?,644,True
What are the key findings in this chest X-ray report?,645,True
What abnormality is present according to the report?,645,True
What are the key findings in this chest X-ray report?,646,True
What abnormality is present according to the report?,646,True
What are the key findings in this chest X-ray report?,647,True
What abnormality is present according to the report?,647,True
Is there any effusion?,647,True
Is there any atelectasis?,647,True
What are the key findings in this chest X-ray report?,648,True
What abnormality is present according to the report?,648,True
What are the key findings in this chest X-ray report?,649,True
What abnormality is present according to the report?,649,True
Is there any effusion?,649,True
Is there any opacity?,649,True
What are the key findings in this chest X-ray report?,650,True
What abnormality is present according to the report?,650,True
Is there any cardiomegaly?,650,True
Is there any effusion?,650,True
Is there any opacity?,650,True
What are the key findings in this chest X-ray report?,651,True
What abnormality is present according to the report?,651,True
Is there any effusion?,651,True
What are the key findings in this chest X-ray report?,652,True
What abnormality is present according to the report?,652,True
Is the heart size normal?,652,True
What are the key findings in this chest X-ray report?,653,True
What abnormality is present according to the report?,653,True
What are the key findings in this chest X-ray report?,654,True
What abnormality is present according to the report?,654,True
Is the heart size normal?,654,True
What are the key findings in this chest X-ray report?,655,True
What abnormality is present according to the report?,655,True
What are the key findings in this chest X-ray report?,656,True
What abnormality is present according to the report?,656,True
Is there any cardiomegaly?,656,True
What are the key findings in this chest X-ray report?,657,True
What abnormality is present according to the report?,657,True
Is the heart size normal?,657,True
What are the key findings in this chest X-ray report?,658,True
What abnormality is present according to the report?,658,True
Is the heart size normal?,658,True
What are the key findings in this chest X-ray report?,659,True
What abnormality is present according to the report?,659,True
What are the key findings in this chest X-ray report?,660,True
What abnormality is present according to the report?,660,True
What are the key findings in this chest X-ray report?,661,True
What abnormality is present according to the report?,661,True
What are the key findings in this chest X-ray report?,662,True
What abnormality is present according to the report?,662,True
What are the key findings in this chest X-ray report?,663,True
What abnormality is present according to the report?,663,True
Is the heart size normal?,663,True
What are the key findings in this chest X-ray report?,664,True
What abnormality is present according to the report?,664,True
What are the key findings in this chest X-ray report?,665,True
What abnormality is present according to the report?,665,True
Is there any cardiomegaly?,665,True
What are the key findings in this chest X-ray report?,666,True
What abnormality is present according to the report?,666,True
Is there any cardiomegaly?,666,True
Is there any atelectasis?,666,True
What are the key findings in this chest X-ray report?,667,True
What abnormality is present according to the report?,667,True
Is there any atelectasis?,667,True
What are the key findings in this chest X-ray report?,668,True
What abnormality is present according to the report?,668,True
Is the heart size normal?,668,True
What are the key findings in this chest X-ray report?,669,True
What abnormality is present according to the report?,669,True
Is there any cardiomegaly?,669,True
What are the key findings in this chest X-ray report?,670,True
What abnormality is present according to the report?,670,True
Is there any cardiomegaly?,670,True
What are the key findings in this chest X-ray report?,671,True
What abnormality is present according to the report?,671,True
What are the key findings in this chest X-ray report?,672,True
What abnormality is present according to the report?,672,True
Is there any cardiomegaly?,672,True
Is there any edema?,672,True
What are the key findings in this chest X-ray report?,674,True
What abnormality is present according to the report?,674,True
What are the key findings in this chest X-ray report?,675,True
What abnormality is present according to the report?,675,True
What are the key findings in this chest X-ray report?,676,True
What abnormality is present according to the report?,676,True
Is the heart size normal?,676,True
What are the key findings in this chest X-ray report?,677,True
What abnormality is present according to the report?,677,True
Is there any effusion?,677,True
What are the key findings in this chest X-ray report?,679,True
What abnormality is present according to the report?,679,True
What are the key findings in this chest X-ray report?,680,True
What abnormality is present according to the report?,680,True
What are the key findings in this chest X-ray report?,681,True
What abnormality is present according to the report?,681,True
Is there any opacity?,681,True
What are the key findings in this chest X-ray report?,682,True
What abnormality is present according to the report?,682,True
What are the key findings in this chest X-ray report?,683,True
What abnormality is present according to the report?,683,True
Is the heart size normal?,683,True
What are the key findings in this chest X-ray report?,684,True
What abnormality is present according to the report?,684,True
Is there any cardiomegaly?,684,True
What are the key findings in this chest X-ray report?,685,True
What abnormality is present according to the report?,685,True
What are the key findings in this chest X-ray report?,686,True
What abnormality is present according to the report?,686,True
Is there any cardiomegaly?,686,True
What are the key findings in this chest X-ray report?,687,True
What abnormality is present according to the report?,687,True
What are the key findings in this chest X-ray report?,688,True
What abnormality is present according to the report?,688,True
Is there any opacity?,688,True
Is there any atelectasis?,688,True
What are the key findings in this chest X-ray report?,689,True
What abnormality is present according to the report?,689,True
What are the key findings in this chest X-ray report?,690,True
What abnormality is present according to the report?,690,True
Is the heart size normal?,690,True
What are the key findings in this chest X-ray report?,691,True
What abnormality is present according to the report?,691,True
Is the heart size normal?,691,True
What are the key findings in this chest X-ray report?,692,True
What abnormality is present according to the report?,692,True
What are the key findings in this chest X-ray report?,693,True
What abnormality is present according to the report?,693,True
What are the key findings in this chest X-ray report?,694,True
What abnormality is present according to the report?,694,True
What are the key findings in this chest X-ray report?,695,True
What abnormality is present according to the report?,695,True
Is there any opacity?,695,True
What are the key findings in this chest X-ray report?,696,True
What abnormality is present according to the report?,696,True
Is the heart size normal?,696,True
What are the key findings in this chest X-ray report?,697,True
What abnormality is present according to the report?,697,True
What are the key findings in this chest X-ray report?,698,True
What abnormality is present according to the report?,698,True
What are the key findings in this chest X-ray report?,699,True
What abnormality is present according to the report?,699,True
Is there any cardiomegaly?,699,True
Is there any opacity?,699,True
What are the key findings in this chest X-ray report?,700,True
What abnormality is present according to the report?,700,True
What are the key findings in this chest X-ray report?,701,True
What abnormality is present according to the report?,701,True
What are the key findings in this chest X-ray report?,702,True
What abnormality is present according to the report?,702,True
Is there any effusion?,702,True
Is there any opacity?,702,True
Is there any atelectasis?,702,True
What are the key findings in this chest X-ray report?,703,True
What abnormality is present according to the report?,703,True
What are the key findings in this chest X-ray report?,704,True
What abnormality is present according to the report?,704,True
Is the heart size normal?,704,True
What are the key findings in this chest X-ray report?,705,True
What abnormality is present according to the report?,705,True
What are the key findings in this chest X-ray report?,706,True
What abnormality is present according to the report?,706,True
What are the key findings in this chest X-ray report?,707,True
What abnormality is present according to the report?,707,True
Is the heart size normal?,707,True
What are the key findings in this chest X-ray report?,708,True
What abnormality is present according to the report?,708,True
Is the heart size normal?,708,True
What are the key findings in this chest X-ray report?,709,True
What abnormality is present according to the report?,709,True
What are the key findings in this chest X-ray report?,710,True
What abnormality is present according to the report?,710,True
What are the key findings in this chest X-ray report?,711,True
What abnormality is present according to the report?,711,True
What are the key findings in this chest X-ray report?,712,True
What abnormality is present according to the report?,712,True
What are the key findings in this chest X-ray report?,713,True
What abnormality is present according to the report?,713,True
What are the key findings in this chest X-ray report?,714,True
What abnormality is present according to the report?,714,True
What are the key findings in this chest X-ray report?,715,True
What abnormality is present according to the report?,715,True
Is there any atelectasis?,715,True
What are the key findings in this chest X-ray report?,716,True
What abnormality is present according to the report?,716,True
Is there any cardiomegaly?,716,True
What are the key findings in this chest X-ray report?,717,True
What abnormality is present according to the report?,717,True
Is the heart size normal?,717,True
What are the key findings in this chest X-ray report?,718,True
What abnormality is present according to the report?,718,True
What are the key findings in this chest X-ray report?,719,True
What abnormality is present according to the report?,719,True
Is the heart size normal?,719,True
What are the key findings in this chest X-ray report?,720,True
What abnormality is present according to the report?,720,True
Is the heart size normal?,720,True
What are the key findings in this chest X-ray report?,721,True
What abnormality is present according to the report?,721,True
Is the heart size normal?,721,True
What are the key findings in this chest X-ray report?,722,True
What abnormality is present according to the report?,722,True
Is the heart size normal?,722,True
What are the key findings in this chest X-ray report?,723,True
What abnormality is present according to the report?,723,True
Is there any opacity?,723,True
Is there any atelectasis?,723,True
What are the key findings in this chest X-ray report?,725,True
What abnormality is present according to the report?,725,True
Is the heart size normal?,725,True
What are the key findings in this chest X-ray report?,726,True
What abnormality is present according to the report?,726,True
What are the key findings in this chest X-ray report?,727,True
What abnormality is present according to the report?,727,True
Is the heart size normal?,727,True
What are the key findings in this chest X-ray report?,728,True
What abnormality is present according to the report?,728,True
What are the key findings in this chest X-ray report?,729,True
What abnormality is present according to the report?,729,True
Is there any opacity?,729,True
What are the key findings in this chest X-ray report?,730,True
What abnormality is present according to the report?,730,True
What are the key findings in this chest X-ray report?,731,True
What abnormality is present according to the report?,731,True
Is the heart size normal?,731,True
What are the key findings in this chest X-ray report?,732,True
What abnormality is present according to the report?,732,True
What are the key findings in this chest X-ray report?,733,True
What abnormality is present according to the report?,733,True
What are the key findings in this chest X-ray report?,734,True
What abnormality is present according to the report?,734,True
Is the heart size normal?,734,True
What are the key findings in this chest X-ray report?,735,True
What abnormality is present according to the report?,735,True
Is the heart size normal?,735,True
What are the key findings in this chest X-ray report?,736,True
What abnormality is present according to the report?,736,True
Is there any effusion?,736,True
Is there any opacity?,736,True
Is there any atelectasis?,736,True
What are the key findings in this chest X-ray report?,737,True
What abnormality is present according to the report?,737,True
Is the heart size normal?,737,True
What are the key findings in this chest X-ray report?,738,True
What abnormality is present according to the report?,738,True
What are the key findings in this chest X-ray report?,739,True
What abnormality is present according to the report?,739,True
Is the heart size normal?,739,True
What are the key findings in this chest X-ray report?,740,True
What abnormality is present according to the report?,740,True
Is the heart size normal?,740,True
What are the key findings in this chest X-ray report?,741,True
What abnormality is present according to the report?,741,True
Is the heart size normal?,741,True
What are the key findings in this chest X-ray report?,742,True
What abnormality is present according to the report?,742,True
Is there any opacity?,742,True
What are the key findings in this chest X-ray report?,743,True
What abnormality is present according to the report?,743,True
What are the key findings in this chest X-ray report?,744,True
What abnormality is present according to the report?,744,True
Is there any opacity?,744,True
What are the key findings in this chest X-ray report?,745,True
What abnormality is present according to the report?,745,True
What are the key findings in this chest X-ray report?,746,True
What abnormality is present according to the report?,746,True
Is there any atelectasis?,746,True
What are the key findings in this chest X-ray report?,747,True
What abnormality is present according to the report?,747,True
What are the key findings in this chest X-ray report?,748,True
What abnormality is present according to the report?,748,True
Is the heart size normal?,748,True
What are the key findings in this chest X-ray report?,749,True
What abnormality is present according to the report?,749,True
Is there any opacity?,749,True
Is there any atelectasis?,749,True
What are the key findings in this chest X-ray report?,750,True
What abnormality is present according to the report?,750,True
What are the key findings in this chest X-ray report?,751,True
What abnormality is present according to the report?,751,True
Is the heart size normal?,751,True
What are the key findings in this chest X-ray report?,752,True
What abnormality is present according to the report?,752,True
What are the key findings in this chest X-ray report?,753,True
What abnormality is present according to the report?,753,True
What are the key findings in this chest X-ray report?,754,True
What abnormality is present according to the report?,754,True
What are the key findings in this chest X-ray report?,755,True
What abnormality is present according to the report?,755,True
What are the key findings in this chest X-ray report?,756,True
What abnormality is present according to the report?,756,True
Is the heart size normal?,756,True
What are the key findings in this chest X-ray report?,757,True
What abnormality is present according to the report?,757,True
Is the heart size normal?,757,True
What are the key findings in this chest X-ray report?,758,True
What abnormality is present according to the report?,758,True
Is the heart size normal?,758,True
What are the key findings in this chest X-ray report?,759,True
What abnormality is present according to the report?,759,True
What are the key findings in this chest X-ray report?,760,True
What abnormality is present according to the report?,760,True
Is there any opacity?,760,True
Is there any atelectasis?,760,True
What are the key findings in this chest X-ray report?,761,True
What abnormality is present according to the report?,761,True
What are the key findings in this chest X-ray report?,762,True
What abnormality is present according to the report?,762,True
What are the key findings in this chest X-ray report?,763,True
What abnormality is present according to the report?,763,True
What are the key findings in this chest X-ray report?,764,True
What abnormality is present according to the report?,764,True
Is the heart size normal?,764,True
What are the key findings in this chest X-ray report?,765,True
What abnormality is present according to the report?,765,True
What are the key findings in this chest X-ray report?,766,True
What abnormality is present according to the report?,766,True
Is the heart size normal?,766,True
What are the key findings in this chest X-ray report?,767,True
What abnormality is present according to the report?,767,True
Is the heart size normal?,767,True
What are the key findings in this chest X-ray report?,768,True
What abnormality is present according to the report?,768,True
Is the heart size normal?,768,True
What are the key findings in this chest X-ray report?,769,True
What abnormality is present according to the report?,769,True
What are the key findings in this chest X-ray report?,770,True
What abnormality is present according to the report?,770,True
Is the heart size normal?,770,True
What are the key findings in this chest X-ray report?,771,True
What abnormality is present according to the report?,771,True
Is the heart size normal?,771,True
What are the key findings in this chest X-ray report?,772,True
What abnormality is present according to the report?,772,True
Is there any cardiomegaly?,772,True
What are the key findings in this chest X-ray report?,773,True
What abnormality is present according to the report?,773,True
What are the key findings in this chest X-ray report?,774,True
What abnormality is present according to the report?,774,True
What are the key findings in this chest X-ray report?,776,True
What abnormality is present according to the report?,776,True
Is there any opacity?,776,True
Is there any atelectasis?,776,True
What are the key findings in this chest X-ray report?,777,True
What abnormality is present according to the report?,777,True
What are the key findings in this chest X-ray report?,778,True
What abnormality is present according to the report?,778,True
What are the key findings in this chest X-ray report?,779,True
What abnormality is present according to the report?,779,True
Is the heart size normal?,779,True
What are the key findings in this chest X-ray report?,780,True
What abnormality is present according to the report?,780,True
What are the key findings in this chest X-ray report?,781,True
What abnormality is present according to the report?,781,True
Is the heart size normal?,781,True
What are the key findings in this chest X-ray report?,782,True
What abnormality is present according to the report?,782,True
What are the key findings in this chest X-ray report?,783,True
What abnormality is present according to the report?,783,True
What are the key findings in this chest X-ray report?,784,True
What abnormality is present according to the report?,784,True
Is there any effusion?,784,True
Is there any atelectasis?,784,True
What are the key findings in this chest X-ray report?,785,True
What abnormality is present according to the report?,785,True
Is the heart size normal?,785,True
What are the key findings in this chest X-ray report?,786,True
What abnormality is present according to the report?,786,True
What are the key findings in this chest X-ray report?,787,True
What abnormality is present according to the report?,787,True
Is the heart size normal?,787,True
What are the key findings in this chest X-ray report?,788,True
What abnormality is present according to the report?,788,True
What are the key findings in this chest X-ray report?,790,True
What abnormality is present according to the report?,790,True
What are the key findings in this chest X-ray report?,791,True
What abnormality is present according to the report?,791,True
What are the key findings in this chest X-ray report?,792,True
What abnormality is present according to the report?,792,True
Is the heart size normal?,792,True
What are the key findings in this chest X-ray report?,793,True
What abnormality is present according to the report?,793,True
Is the heart size normal?,793,True
What are the key findings in this chest X-ray report?,794,True
What abnormality is present according to the report?,794,True
Is the heart size normal?,794,True
What are the key findings in this chest X-ray report?,795,True
What abnormality is present according to the report?,795,True
Is the heart size normal?,795,True
What are the key findings in this chest X-ray report?,796,True
What abnormality is present according to the report?,796,True
Is the heart size normal?,796,True
What are the key findings in this chest X-ray report?,797,True
What abnormality is present according to the report?,797,True
Is there any cardiomegaly?,797,True
What are the key findings in this chest X-ray report?,798,True
What abnormality is present according to the report?,798,True
Is the heart size normal?,798,True
What are the key findings in this chest X-ray report?,799,True
What abnormality is present according to the report?,799,True
Is the heart size normal?,799,True
What are the key findings in this chest X-ray report?,800,True
What abnormality is present according to the report?,800,True
Is there any cardiomegaly?,800,True
What are the key findings in this chest X-ray report?,801,True
What abnormality is present according to the report?,801,True
Is the heart size normal?,801,True
What are the key findings in this chest X-ray report?,802,True
What abnormality is present according to the report?,802,True
Is there any cardiomegaly?,802,True
Is there any edema?,802,True
What are the key findings in this chest X-ray report?,803,True
What abnormality is present according to the report?,803,True
What are the key findings in this chest X-ray report?,804,True
What abnormality is present according to the report?,804,True
Is there any opacity?,804,True
Is there any edema?,804,True
What are the key findings in this chest X-ray report?,805,True
What abnormality is present according to the report?,805,True
What are the key findings in this chest X-ray report?,806,True
What abnormality is present according to the report?,806,True
Is there any cardiomegaly?,806,True
What are the key findings in this chest X-ray report?,808,True
What abnormality is present according to the report?,808,True
Is there any atelectasis?,808,True
What are the key findings in this chest X-ray report?,809,True
What abnormality is present according to the report?,809,True
What are the key findings in this chest X-ray report?,810,True
What abnormality is present according to the report?,810,True
What are the key findings in this chest X-ray report?,811,True
What abnormality is present according to the report?,811,True
What are the key findings in this chest X-ray report?,812,True
What abnormality is present according to the report?,812,True
What are the key findings in this chest X-ray report?,813,True
What abnormality is present according to the report?,813,True
Is there any atelectasis?,813,True
What are the key findings in this chest X-ray report?,814,True
What abnormality is present according to the report?,814,True
What are the key findings in this chest X-ray report?,815,True
What abnormality is present according to the report?,815,True
Is the heart size normal?,815,True
What are the key findings in this chest X-ray report?,817,True
What abnormality is present according to the report?,817,True
Is there any opacity?,817,True
Is there any atelectasis?,817,True
What are the key findings in this chest X-ray report?,818,True
What abnormality is present according to the report?,818,True
What are the key findings in this chest X-ray report?,819,True
What abnormality is present according to the report?,819,True
What are the key findings in this chest X-ray report?,820,True
What abnormality is present according to the report?,820,True
What are the key findings in this chest X-ray report?,821,True
What abnormality is present according to the report?,821,True
What are the key findings in this chest X-ray report?,822,True
What abnormality is present according to the report?,822,True
Is there any opacity?,822,True
Is there any atelectasis?,822,True
What are the key findings in this chest X-ray report?,824,True
What abnormality is present according to the report?,824,True
What are the key findings in this chest X-ray report?,825,True
What abnormality is present according to the report?,825,True
Is there any cardiomegaly?,825,True
Is there any atelectasis?,825,True
What are the key findings in this chest X-ray report?,826,True
What abnormality is present according to the report?,826,True
Is the heart size normal?,826,True
What are the key findings in this chest X-ray report?,827,True
What abnormality is present according to the report?,827,True
What are the key findings in this chest X-ray report?,828,True
What abnormality is present according to the report?,828,True
Is there any opacity?,828,True
Is there any atelectasis?,828,True
What are the key findings in this chest X-ray report?,829,True
What abnormality is present according to the report?,829,True
Is the heart size normal?,829,True
What are the key findings in this chest X-ray report?,830,True
What abnormality is present according to the report?,830,True
Is there any effusion?,830,True
Is there any pneumothorax?,830,True
What are the key findings in this chest X-ray report?,831,True
What abnormality is present according to the report?,831,True
What are the key findings in this chest X-ray report?,832,True
What abnormality is present according to the report?,832,True
What are the key findings in this chest X-ray report?,833,True
What abnormality is present according to the report?,833,True
Is the heart size normal?,833,True
What are the key findings in this chest X-ray report?,834,True
What abnormality is present according to the report?,834,True
What are the key findings in this chest X-ray report?,835,True
What abnormality is present according to the report?,835,True
What are the key findings in this chest X-ray report?,836,True
What abnormality is present according to the report?,836,True
What are the key findings in this chest X-ray report?,837,True
What abnormality is present according to the report?,837,True
What are the key findings in this chest X-ray report?,838,True
What abnormality is present according to the report?,838,True
What are the key findings in this chest X-ray report?,839,True
What abnormality is present according to the report?,839,True
Is the heart size normal?,839,True
What are the key findings in this chest X-ray report?,840,True
What abnormality is present according to the report?,840,True
Is there any pneumothorax?,840,True
Is there any atelectasis?,840,True
What are the key findings in this chest X-ray report?,841,True
What abnormality is present according to the report?,841,True
What are the key findings in this chest X-ray report?,842,True
What abnormality is present according to the report?,842,True
Is the heart size normal?,842,True
What are the key findings in this chest X-ray report?,843,True
What abnormality is present according to the report?,843,True
What are the key findings in this chest X-ray report?,844,True
What abnormality is present according to the report?,844,True
Is the heart size normal?,844,True
What are the key findings in this chest X-ray report?,845,True
What abnormality is present according to the report?,845,True
Is there any atelectasis?,845,True
What are the key findings in this chest X-ray report?,846,True
What abnormality is present according to the report?,846,True
What are the key findings in this chest X-ray report?,847,True
What abnormality is present according to the report?,847,True
Is there any cardiomegaly?,847,True
What are the key findings in this chest X-ray report?,849,True
What abnormality is present according to the report?,849,True
What are the key findings in this chest X-ray report?,850,True
What abnormality is present according to the report?,850,True
Is the heart size normal?,850,True
What are the key findings in this chest X-ray report?,851,True
What abnormality is present according to the report?,851,True
Is there any atelectasis?,851,True
What are the key findings in this chest X-ray report?,853,True
What abnormality is present according to the report?,853,True
Is the heart size normal?,853,True
What are the key findings in this chest X-ray report?,854,True
What abnormality is present according to the report?,854,True
What are the key findings in this chest X-ray report?,855,True
What abnormality is present according to the report?,855,True
What are the key findings in this chest X-ray report?,856,True
What abnormality is present according to the report?,856,True
Is there any cardiomegaly?,856,True
Is there any opacity?,856,True
What are the key findings in this chest X-ray report?,857,True
What abnormality is present according to the report?,857,True
Is the heart size normal?,857,True
What are the key findings in this chest X-ray report?,858,True
What abnormality is present according to the report?,858,True
What are the key findings in this chest X-ray report?,859,True
What abnormality is present according to the report?,859,True
Is there any opacity?,859,True
Is there any atelectasis?,859,True
What are the key findings in this chest X-ray report?,860,True
What abnormality is present according to the report?,860,True
What are the key findings in this chest X-ray report?,861,True
What abnormality is present according to the report?,861,True
What are the key findings in this chest X-ray report?,862,True
What abnormality is present according to the report?,862,True
What are the key findings in this chest X-ray report?,863,True
What abnormality is present according to the report?,863,True
Is the heart size normal?,863,True
What are the key findings in this chest X-ray report?,864,True
What abnormality is present according to the report?,864,True
What are the key findings in this chest X-ray report?,865,True
What abnormality is present according to the report?,865,True
Is the heart size normal?,865,True
What are the key findings in this chest X-ray report?,866,True
What abnormality is present according to the report?,866,True
Is the heart size normal?,866,True
What are the key findings in this chest X-ray report?,867,True
What abnormality is present according to the report?,867,True
What are the key findings in this chest X-ray report?,868,True
What abnormality is present according to the report?,868,True
Is there any opacity?,868,True
What are the key findings in this chest X-ray report?,869,True
What abnormality is present according to the report?,869,True
Is the heart size normal?,869,True
What are the key findings in this chest X-ray report?,870,True
What abnormality is present according to the report?,870,True
What are the key findings in this chest X-ray report?,871,True
What abnormality is present according to the report?,871,True
Is the heart size normal?,871,True
What are the key findings in this chest X-ray report?,872,True
What abnormality is present according to the report?,872,True
What are the key findings in this chest X-ray report?,874,True
What abnormality is present according to the report?,874,True
What are the key findings in this chest X-ray report?,875,True
What abnormality is present according to the report?,875,True
What are the key findings in this chest X-ray report?,877,True
What abnormality is present according to the report?,877,True
What are the key findings in this chest X-ray report?,878,True
What abnormality is present according to the report?,878,True
What are the key findings in this chest X-ray report?,879,True
What abnormality is present according to the report?,879,True
Is the heart size normal?,879,True
What are the key findings in this chest X-ray report?,880,True
What abnormality is present according to the report?,880,True
What are the key findings in this chest X-ray report?,881,True
What abnormality is present according to the report?,881,True
Is the heart size normal?,881,True
What are the key findings in this chest X-ray report?,882,True
What abnormality is present according to the report?,882,True
Is the heart size normal?,882,True
What are the key findings in this chest X-ray report?,883,True
What abnormality is present according to the report?,883,True
Is the heart size normal?,883,True
What are the key findings in this chest X-ray report?,884,True
What abnormality is present according to the report?,884,True
What are the key findings in this chest X-ray report?,885,True
What abnormality is present according to the report?,885,True
What are the key findings in this chest X-ray report?,886,True
What abnormality is present according to the report?,886,True
Is the heart size normal?,886,True
What are the key findings in this chest X-ray report?,887,True
What abnormality is present according to the report?,887,True
Is the heart size normal?,887,True
What are the key findings in this chest X-ray report?,888,True
What abnormality is present according to the report?,888,True
Is the heart size normal?,888,True
What are the key findings in this chest X-ray report?,889,True
What abnormality is present according to the report?,889,True
Is the heart size normal?,889,True
What are the key findings in this chest X-ray report?,890,True
What abnormality is present according to the report?,890,True
What are the key findings in this chest X-ray report?,891,True
What abnormality is present according to the report?,891,True
Is the heart size normal?,891,True
What are the key findings in this chest X-ray report?,892,True
What abnormality is present according to the report?,892,True
What are the key findings in this chest X-ray report?,893,True
What abnormality is present according to the report?,893,True
Is the heart size normal?,893,True
What are the key findings in this chest X-ray report?,896,True
What abnormality is present according to the report?,896,True
Is the heart size normal?,896,True
What are the key findings in this chest X-ray report?,897,True
What abnormality is present according to the report?,897,True
Is there any opacity?,897,True
What are the key findings in this chest X-ray report?,899,True
What abnormality is present according to the report?,899,True
Is the heart size normal?,899,True
What are the key findings in this chest X-ray report?,900,True
What abnormality is present according to the report?,900,True
What are the key findings in this chest X-ray report?,901,True
What abnormality is present according to the report?,901,True
Is there any cardiomegaly?,901,True
What are the key findings in this chest X-ray report?,902,True
What abnormality is present according to the report?,902,True
What are the key findings in this chest X-ray report?,903,True
What abnormality is present according to the report?,903,True
What are the key findings in this chest X-ray report?,904,True
What abnormality is present according to the report?,904,True
What are the key findings in this chest X-ray report?,905,True
What abnormality is present according to the report?,905,True
Is the heart size normal?,905,True
What are the key findings in this chest X-ray report?,906,True
What abnormality is present according to the report?,906,True
Is there any cardiomegaly?,906,True
What are the key findings in this chest X-ray report?,907,True
What abnormality is present according to the report?,907,True
What are the key findings in this chest X-ray report?,908,True
What abnormality is present according to the report?,908,True
What are the key findings in this chest X-ray report?,909,True
What abnormality is present according to the report?,909,True
Is the heart size normal?,909,True
What are the key findings in this chest X-ray report?,910,True
What abnormality is present according to the report?,910,True
Is there any cardiomegaly?,910,True
What are the key findings in this chest X-ray report?,911,True
What abnormality is present according to the report?,911,True
Is the heart size normal?,911,True
What are the key findings in this chest X-ray report?,912,True
What abnormality is present according to the report?,912,True
Is the heart size normal?,912,True
What are the key findings in this chest X-ray report?,913,True
What abnormality is present according to the report?,913,True
Is the heart size normal?,913,True
What are the key findings in this chest X-ray report?,914,True
What abnormality is present according to the report?,914,True
What are the key findings in this chest X-ray report?,915,True
What abnormality is present according to the report?,915,True
What are the key findings in this chest X-ray report?,916,True
What abnormality is present according to the report?,916,True
What are the key findings in this chest X-ray report?,917,True
What abnormality is present according to the report?,917,True
What are the key findings in this chest X-ray report?,918,True
What abnormality is present according to the report?,918,True
Is the heart size normal?,918,True
What are the key findings in this chest X-ray report?,919,True
What abnormality is present according to the report?,919,True
What are the key findings in this chest X-ray report?,920,True
What abnormality is present according to the report?,920,True
Is the heart size normal?,920,True
What are the key findings in this chest X-ray report?,921,True
What abnormality is present according to the report?,921,True
Is the heart size normal?,921,True
What are the key findings in this chest X-ray report?,922,True
What abnormality is present according to the report?,922,True
Is there any cardiomegaly?,922,True
What are the key findings in this chest X-ray report?,923,True
What abnormality is present according to the report?,923,True
What are the key findings in this chest X-ray report?,925,True
What abnormality is present according to the report?,925,True
Is there any cardiomegaly?,925,True
Is there any edema?,925,True
What are the key findings in this chest X-ray report?,926,True
What abnormality is present according to the report?,926,True
Is the heart size normal?,926,True
What are the key findings in this chest X-ray report?,927,True
What abnormality is present according to the report?,927,True
What are the key findings in this chest X-ray report?,928,True
What abnormality is present according to the report?,928,True
Is the heart size normal?,928,True
What are the key findings in this chest X-ray report?,929,True
What abnormality is present according to the report?,929,True
Is there any opacity?,929,True
Is there any atelectasis?,929,True
What are the key findings in this chest X-ray report?,930,True
What abnormality is present according to the report?,930,True
What are the key findings in this chest X-ray report?,931,True
What abnormality is present according to the report?,931,True
Is the heart size normal?,931,True
What are the key findings in this chest X-ray report?,932,True
What abnormality is present according to the report?,932,True
Is the heart size normal?,932,True
What are the key findings in this chest X-ray report?,933,True
What abnormality is present according to the report?,933,True
What are the key findings in this chest X-ray report?,934,True
What abnormality is present according to the report?,934,True
Is there any opacity?,934,True
Is there any edema?,934,True
What are the key findings in this chest X-ray report?,935,True
What abnormality is present according to the report?,935,True
Is the heart size normal?,935,True
What are the key findings in this chest X-ray report?,936,True
What abnormality is present according to the report?,936,True
Is the heart size normal?,936,True
What are the key findings in this chest X-ray report?,937,True
What abnormality is present according to the report?,937,True
Is the heart size normal?,937,True
What are the key findings in this chest X-ray report?,938,True
What abnormality is present according to the report?,938,True
What are the key findings in this chest X-ray report?,939,True
What abnormality is present according to the report?,939,True
Is the heart size normal?,939,True
What are the key findings in this chest X-ray report?,940,True
What abnormality is present according to the report?,940,True
Is the heart size normal?,940,True
What are the key findings in this chest X-ray report?,941,True
What abnormality is present according to the report?,941,True
Is the heart size normal?,941,True
What are the key findings in this chest X-ray report?,942,True
What abnormality is present according to the report?,942,True
What are the key findings in this chest X-ray report?,943,True
What abnormality is present according to the report?,943,True
Is the heart size normal?,943,True
What are the key findings in this chest X-ray report?,944,True
What abnormality is present according to the report?,944,True
What are the key findings in this chest X-ray report?,945,True
What abnormality is present according to the report?,945,True
Is there any opacity?,945,True
Is there any atelectasis?,945,True
What are the key findings in this chest X-ray report?,946,True
What abnormality is present according to the report?,946,True
Is the heart size normal?,946,True
What are the key findings in this chest X-ray report?,947,True
What abnormality is present according to the report?,947,True
Is the heart size normal?,947,True
What are the key findings in this chest X-ray report?,948,True
What abnormality is present according to the report?,948,True
Is there any cardiomegaly?,948,True
What are the key findings in this chest X-ray report?,949,True
What abnormality is present according to the report?,949,True
What are the key findings in this chest X-ray report?,950,True
What abnormality is present according to the report?,950,True
Is the heart size normal?,950,True
What are the key findings in this chest X-ray report?,951,True
What abnormality is present according to the report?,951,True
Is the heart size normal?,951,True
What are the key findings in this chest X-ray report?,952,True
What abnormality is present according to the report?,952,True
Is there any opacity?,952,True
Is there any atelectasis?,952,True
What are the key findings in this chest X-ray report?,953,True
What abnormality is present according to the report?,953,True
Is there any cardiomegaly?,953,True
What are the key findings in this chest X-ray report?,954,True
What abnormality is present according to the report?,954,True
What are the key findings in this chest X-ray report?,955,True
What abnormality is present according to the report?,955,True
What are the key findings in this chest X-ray report?,956,True
What abnormality is present according to the report?,956,True
Is there any cardiomegaly?,956,True
What are the key findings in this chest X-ray report?,957,True
What abnormality is present according to the report?,957,True
What are the key findings in this chest X-ray report?,958,True
What abnormality is present according to the report?,958,True
Is the heart size normal?,958,True
What are the key findings in this chest X-ray report?,959,True
What abnormality is present according to the report?,959,True
What are the key findings in this chest X-ray report?,960,True
What abnormality is present according to the report?,960,True
What are the key findings in this chest X-ray report?,961,True
What abnormality is present according to the report?,961,True
Is there any opacity?,961,True
What are the key findings in this chest X-ray report?,962,True
What abnormality is present according to the report?,962,True
Is the heart size normal?,962,True
What are the key findings in this chest X-ray report?,963,True
What abnormality is present according to the report?,963,True
What are the key findings in this chest X-ray report?,964,True
What abnormality is present according to the report?,964,True
Is the heart size normal?,964,True
What are the key findings in this chest X-ray report?,965,True
What abnormality is present according to the report?,965,True
Is the heart size normal?,965,True
What are the key findings in this chest X-ray report?,966,True
What abnormality is present according to the report?,966,True
Is there any atelectasis?,966,True
What are the key findings in this chest X-ray report?,967,True
What abnormality is present according to the report?,967,True
Is the heart size normal?,967,True
What are the key findings in this chest X-ray report?,968,True
What abnormality is present according to the report?,968,True
Is the heart size normal?,968,True
What are the key findings in this chest X-ray report?,969,True
What abnormality is present according to the report?,969,True
What are the key findings in this chest X-ray report?,970,True
What abnormality is present according to the report?,970,True
Is the heart size normal?,970,True
What are the key findings in this chest X-ray report?,971,True
What abnormality is present according to the report?,971,True
Is the heart size normal?,971,True
What are the key findings in this chest X-ray report?,972,True
What abnormality is present according to the report?,972,True
Is there any opacity?,972,True
Is there any atelectasis?,972,True
What are the key findings in this chest X-ray report?,973,True
What abnormality is present according to the report?,973,True
What are the key findings in this chest X-ray report?,974,True
What abnormality is present according to the report?,974,True
What are the key findings in this chest X-ray report?,975,True
What abnormality is present according to the report?,975,True
What are the key findings in this chest X-ray report?,976,True
What abnormality is present according to the report?,976,True
What are the key findings in this chest X-ray report?,977,True
What abnormality is present according to the report?,977,True
Is the heart size normal?,977,True
What are the key findings in this chest X-ray report?,978,True
What abnormality is present according to the report?,978,True
Is there any cardiomegaly?,978,True
Is there any effusion?,978,True
What are the key findings in this chest X-ray report?,979,True
What abnormality is present according to the report?,979,True
What are the key findings in this chest X-ray report?,980,True
What abnormality is present according to the report?,980,True
Is the heart size normal?,980,True
What are the key findings in this chest X-ray report?,981,True
What abnormality is present according to the report?,981,True
Is there any cardiomegaly?,981,True
What are the key findings in this chest X-ray report?,982,True
What abnormality is present according to the report?,982,True
Is the heart size normal?,982,True
What are the key findings in this chest X-ray report?,983,True
What abnormality is present according to the report?,983,True
Is there any opacity?,983,True
What are the key findings in this chest X-ray report?,984,True
What abnormality is present according to the report?,984,True
Is there any opacity?,984,True
Is there any atelectasis?,984,True
What are the key findings in this chest X-ray report?,985,True
What abnormality is present according to the report?,985,True
Is the heart size normal?,985,True
What are the key findings in this chest X-ray report?,986,True
What abnormality is present according to the report?,986,True
Is the heart size normal?,986,True
What are the key findings in this chest X-ray report?,987,True
What abnormality is present according to the report?,987,True
What are the key findings in this chest X-ray report?,988,True
What abnormality is present according to the report?,988,True
Is the heart size normal?,988,True
What are the key findings in this chest X-ray report?,989,True
What abnormality is present according to the report?,989,True
What are the key findings in this chest X-ray report?,990,True
What abnormality is present according to the report?,990,True
Is the heart size normal?,990,True
What are the key findings in this chest X-ray report?,991,True
What abnormality is present according to the report?,991,True
Is there any opacity?,991,True
What are the key findings in this chest X-ray report?,992,True
What abnormality is present according to the report?,992,True
What are the key findings in this chest X-ray report?,993,True
What abnormality is present according to the report?,993,True
Is the heart size normal?,993,True
What are the key findings in this chest X-ray report?,994,True
What abnormality is present according to the report?,994,True
Is the heart size normal?,994,True
What are the key findings in this chest X-ray report?,995,True
What abnormality is present according to the report?,995,True
What are the key findings in this chest X-ray report?,996,True
What abnormality is present according to the report?,996,True
Is the heart size normal?,996,True
What are the key findings in this chest X-ray report?,997,True
What abnormality is present according to the report?,997,True
What are the key findings in this chest X-ray report?,998,True
What abnormality is present according to the report?,998,True
What are the key findings in this chest X-ray report?,999,True
What abnormality is present according to the report?,999,True
Is the heart size normal?,999,True
What are the key findings in this chest X-ray report?,1000,True
What abnormality is present according to the report?,1000,True
Is there any opacity?,1000,True
Is there any atelectasis?,1000,True
What are the key findings in this chest X-ray report?,1001,True
What abnormality is present according to the report?,1001,True
What are the key findings in this chest X-ray report?,1002,True
What abnormality is present according to the report?,1002,True
What are the key findings in this chest X-ray report?,1003,True
What abnormality is present according to the report?,1003,True
Is there any opacity?,1003,True
What are the key findings in this chest X-ray report?,1004,True
What abnormality is present according to the report?,1004,True
What are the key findings in this chest X-ray report?,1005,True
What abnormality is present according to the report?,1005,True
Is the heart size normal?,1005,True
What are the key findings in this chest X-ray report?,1006,True
What abnormality is present according to the report?,1006,True
Is the heart size normal?,1006,True
What are the key findings in this chest X-ray report?,1007,True
What abnormality is present according to the report?,1007,True
What are the key findings in this chest X-ray report?,1008,True
What abnormality is present according to the report?,1008,True
Is the heart size normal?,1008,True
What are the key findings in this chest X-ray report?,1009,True
What abnormality is present according to the report?,1009,True
Is the heart size normal?,1009,True
What are the key findings in this chest X-ray report?,1010,True
What abnormality is present according to the report?,1010,True
Is the heart size normal?,1010,True
What are the key findings in this chest X-ray report?,1011,True
What abnormality is present according to the report?,1011,True
Is the heart size normal?,1011,True
What are the key findings in this chest X-ray report?,1012,True
What abnormality is present according to the report?,1012,True
Is there any effusion?,1012,True
What are the key findings in this chest X-ray report?,1013,True
What abnormality is present according to the report?,1013,True
Is there any cardiomegaly?,1013,True
What are the key findings in this chest X-ray report?,1014,True
What abnormality is present according to the report?,1014,True
Is there any cardiomegaly?,1014,True
What are the key findings in this chest X-ray report?,1015,True
What abnormality is present according to the report?,1015,True
Is there any opacity?,1015,True
What are the key findings in this chest X-ray report?,1016,True
What abnormality is present according to the report?,1016,True
Is there any effusion?,1016,True
Is there any opacity?,1016,True
Is there any atelectasis?,1016,True
What are the key findings in this chest X-ray report?,1017,True
What abnormality is present according to the report?,1017,True
Is there any atelectasis?,1017,True
What are the key findings in this chest X-ray report?,1018,True
What abnormality is present according to the report?,1018,True
What are the key findings in this chest X-ray report?,1019,True
What abnormality is present according to the report?,1019,True
What are the key findings in this chest X-ray report?,1020,True
What abnormality is present according to the report?,1020,True
What are the key findings in this chest X-ray report?,1021,True
What abnormality is present according to the report?,1021,True
Is there any pneumothorax?,1021,True
Is there any atelectasis?,1021,True
What are the key findings in this chest X-ray report?,1022,True
What abnormality is present according to the report?,1022,True
What are the key findings in this chest X-ray report?,1023,True
What abnormality is present according to the report?,1023,True
What are the key findings in this chest X-ray report?,1024,True
What abnormality is present according to the report?,1024,True
Is the heart size normal?,1024,True
What are the key findings in this chest X-ray report?,1025,True
What abnormality is present according to the report?,1025,True
What are the key findings in this chest X-ray report?,1026,True
What abnormality is present according to the report?,1026,True
Is the heart size normal?,1026,True
What are the key findings in this chest X-ray report?,1027,True
What abnormality is present according to the report?,1027,True
What are the key findings in this chest X-ray report?,1028,True
What abnormality is present according to the report?,1028,True
Is the heart size normal?,1028,True
What are the key findings in this chest X-ray report?,1029,True
What abnormality is present according to the report?,1029,True
What are the key findings in this chest X-ray report?,1030,True
What abnormality is present according to the report?,1030,True
What are the key findings in this chest X-ray report?,1031,True
What abnormality is present according to the report?,1031,True
Is there any cardiomegaly?,1031,True
What are the key findings in this chest X-ray report?,1032,True
What abnormality is present according to the report?,1032,True
What are the key findings in this chest X-ray report?,1033,True
What abnormality is present according to the report?,1033,True
Is there any atelectasis?,1033,True
What are the key findings in this chest X-ray report?,1034,True
What abnormality is present according to the report?,1034,True
What are the key findings in this chest X-ray report?,1035,True
What abnormality is present according to the report?,1035,True
Is there any opacity?,1035,True
What are the key findings in this chest X-ray report?,1036,True
What abnormality is present according to the report?,1036,True
What are the key findings in this chest X-ray report?,1037,True
What abnormality is present according to the report?,1037,True
What are the key findings in this chest X-ray report?,1038,True
What abnormality is present according to the report?,1038,True
Is the heart size normal?,1038,True
What are the key findings in this chest X-ray report?,1039,True
What abnormality is present according to the report?,1039,True
Is the heart size normal?,1039,True
What are the key findings in this chest X-ray report?,1040,True
What abnormality is present according to the report?,1040,True
What are the key findings in this chest X-ray report?,1041,True
What abnormality is present according to the report?,1041,True
What are the key findings in this chest X-ray report?,1042,True
What abnormality is present according to the report?,1042,True
Is the heart size normal?,1042,True
What are the key findings in this chest X-ray report?,1043,True
What abnormality is present according to the report?,1043,True
Is there any effusion?,1043,True
Is there any atelectasis?,1043,True
What are the key findings in this chest X-ray report?,1044,True
What abnormality is present according to the report?,1044,True
What are the key findings in this chest X-ray report?,1045,True
What abnormality is present according to the report?,1045,True
What are the key findings in this chest X-ray report?,1046,True
What abnormality is present according to the report?,1046,True
Is the heart size normal?,1046,True
What are the key findings in this chest X-ray report?,1047,True
What abnormality is present according to the report?,1047,True
Is the heart size normal?,1047,True
What are the key findings in this chest X-ray report?,1048,True
What abnormality is present according to the report?,1048,True
What are the key findings in this chest X-ray report?,1049,True
What abnormality is present according to the report?,1049,True
Is the heart size normal?,1049,True
What are the key findings in this chest X-ray report?,1050,True
What abnormality is present according to the report?,1050,True
What are the key findings in this chest X-ray report?,1051,True
What abnormality is present according to the report?,1051,True
Is the heart size normal?,1051,True
What are the key findings in this chest X-ray report?,1052,True
What abnormality is present according to the report?,1052,True
Is the heart size normal?,1052,True
What are the key findings in this chest X-ray report?,1053,True
What abnormality is present according to the report?,1053,True
Is there any cardiomegaly?,1053,True
Is there any atelectasis?,1053,True
What are the key findings in this chest X-ray report?,1054,True
What abnormality is present according to the report?,1054,True
What are the key findings in this chest X-ray report?,1055,True
What abnormality is present according to the report?,1055,True
Is the heart size normal?,1055,True
What are the key findings in this chest X-ray report?,1056,True
What abnormality is present according to the report?,1056,True
What are the key findings in this chest X-ray report?,1057,True
What abnormality is present according to the report?,1057,True
Is the heart size normal?,1057,True
What are the key findings in this chest X-ray report?,1058,True
What abnormality is present according to the report?,1058,True
What are the key findings in this chest X-ray report?,1059,True
What abnormality is present according to the report?,1059,True
Is there any opacity?,1059,True
What are the key findings in this chest X-ray report?,1060,True
What abnormality is present according to the report?,1060,True
What are the key findings in this chest X-ray report?,1061,True
What abnormality is present according to the report?,1061,True
What are the key findings in this chest X-ray report?,1062,True
What abnormality is present according to the report?,1062,True
What are the key findings in this chest X-ray report?,1063,True
What abnormality is present according to the report?,1063,True
Is there any opacity?,1063,True
Is there any atelectasis?,1063,True
What are the key findings in this chest X-ray report?,1064,True
What abnormality is present according to the report?,1064,True
Is there any opacity?,1064,True
Is there any atelectasis?,1064,True
What are the key findings in this chest X-ray report?,1065,True
What abnormality is present according to the report?,1065,True
What are the key findings in this chest X-ray report?,1066,True
What abnormality is present according to the report?,1066,True
Is the heart size normal?,1066,True
What are the key findings in this chest X-ray report?,1067,True
What abnormality is present according to the report?,1067,True
Is the heart size normal?,1067,True
What are the key findings in this chest X-ray report?,1069,True
What abnormality is present according to the report?,1069,True
What are the key findings in this chest X-ray report?,1070,True
What abnormality is present according to the report?,1070,True
What are the key findings in this chest X-ray report?,1071,True
What abnormality is present according to the report?,1071,True
What are the key findings in this chest X-ray report?,1072,True
What abnormality is present according to the report?,1072,True
What are the key findings in this chest X-ray report?,1073,True
What abnormality is present according to the report?,1073,True
What are the key findings in this chest X-ray report?,1074,True
What abnormality is present according to the report?,1074,True
What are the key findings in this chest X-ray report?,1075,True
What abnormality is present according to the report?,1075,True
Is there any opacity?,1075,True
Is there any atelectasis?,1075,True
What are the key findings in this chest X-ray report?,1076,True
What abnormality is present according to the report?,1076,True
Is there any cardiomegaly?,1076,True
Is there any opacity?,1076,True
What are the key findings in this chest X-ray report?,1077,True
What abnormality is present according to the report?,1077,True
What are the key findings in this chest X-ray report?,1078,True
What abnormality is present according to the report?,1078,True
Is the heart size normal?,1078,True
What are the key findings in this chest X-ray report?,1079,True
What abnormality is present according to the report?,1079,True
Is there any atelectasis?,1079,True
What are the key findings in this chest X-ray report?,1081,True
What abnormality is present according to the report?,1081,True
What are the key findings in this chest X-ray report?,1082,True
What abnormality is present according to the report?,1082,True
Is there any cardiomegaly?,1082,True
What are the key findings in this chest X-ray report?,1083,True
What abnormality is present according to the report?,1083,True
Is the heart size normal?,1083,True
What are the key findings in this chest X-ray report?,1084,True
What abnormality is present according to the report?,1084,True
Is the heart size normal?,1084,True
What are the key findings in this chest X-ray report?,1085,True
What abnormality is present according to the report?,1085,True
Is there any opacity?,1085,True
Is there any atelectasis?,1085,True
What are the key findings in this chest X-ray report?,1086,True
What abnormality is present according to the report?,1086,True
What are the key findings in this chest X-ray report?,1087,True
What abnormality is present according to the report?,1087,True
What are the key findings in this chest X-ray report?,1088,True
What abnormality is present according to the report?,1088,True
Is there any opacity?,1088,True
Is there any atelectasis?,1088,True
What are the key findings in this chest X-ray report?,1089,True
What abnormality is present according to the report?,1089,True
What are the key findings in this chest X-ray report?,1090,True
What abnormality is present according to the report?,1090,True
Is the heart size normal?,1090,True
What are the key findings in this chest X-ray report?,1091,True
What abnormality is present according to the report?,1091,True
Is the heart size normal?,1091,True
What are the key findings in this chest X-ray report?,1092,True
What abnormality is present according to the report?,1092,True
What are the key findings in this chest X-ray report?,1093,True
What abnormality is present according to the report?,1093,True
Is the heart size normal?,1093,True
What are the key findings in this chest X-ray report?,1094,True
What abnormality is present according to the report?,1094,True
Is there any atelectasis?,1094,True
What are the key findings in this chest X-ray report?,1095,True
What abnormality is present according to the report?,1095,True
What are the key findings in this chest X-ray report?,1096,True
What abnormality is present according to the report?,1096,True
Is the heart size normal?,1096,True
What are the key findings in this chest X-ray report?,1097,True
What abnormality is present according to the report?,1097,True
What are the key findings in this chest X-ray report?,1098,True
What abnormality is present according to the report?,1098,True
What are the key findings in this chest X-ray report?,1099,True
What abnormality is present according to the report?,1099,True
Is the heart size normal?,1099,True
What are the key findings in this chest X-ray report?,1100,True
What abnormality is present according to the report?,1100,True
Is there any cardiomegaly?,1100,True
Is there any effusion?,1100,True
Is there any edema?,1100,True
What are the key findings in this chest X-ray report?,1101,True
What abnormality is present according to the report?,1101,True
What are the key findings in this chest X-ray report?,1102,True
What abnormality is present according to the report?,1102,True
Is there any cardiomegaly?,1102,True
Is there any effusion?,1102,True
Is there any edema?,1102,True
What are the key findings in this chest X-ray report?,1103,True
What abnormality is present according to the report?,1103,True
What are the key findings in this chest X-ray report?,1104,True
What abnormality is present according to the report?,1104,True
What are the key findings in this chest X-ray report?,1105,True
What abnormality is present according to the report?,1105,True
Is there any cardiomegaly?,1105,True
Is there any atelectasis?,1105,True
What are the key findings in this chest X-ray report?,1106,True
What abnormality is present according to the report?,1106,True
What are the key findings in this chest X-ray report?,1107,True
What abnormality is present according to the report?,1107,True
Is there any opacity?,1107,True
What are the key findings in this chest X-ray report?,1108,True
What abnormality is present according to the report?,1108,True
What are the key findings in this chest X-ray report?,1109,True
What abnormality is present according to the report?,1109,True
Is the heart size normal?,1109,True
What are the key findings in this chest X-ray report?,1110,True
What abnormality is present according to the report?,1110,True
What are the key findings in this chest X-ray report?,1111,True
What abnormality is present according to the report?,1111,True
Is there any cardiomegaly?,1111,True
What are the key findings in this chest X-ray report?,1112,True
What abnormality is present according to the report?,1112,True
Is there any cardiomegaly?,1112,True
What are the key findings in this chest X-ray report?,1113,True
What abnormality is present according to the report?,1113,True
What are the key findings in this chest X-ray report?,1114,True
What abnormality is present according to the report?,1114,True
Is the heart size normal?,1114,True
What are the key findings in this chest X-ray report?,1115,True
What abnormality is present according to the report?,1115,True
Is the heart size normal?,1115,True
What are the key findings in this chest X-ray report?,1116,True
What abnormality is present according to the report?,1116,True
What are the key findings in this chest X-ray report?,1117,True
What abnormality is present according to the report?,1117,True
Is there any opacity?,1117,True
What are the key findings in this chest X-ray report?,1118,True
What abnormality is present according to the report?,1118,True
Is the heart size normal?,1118,True
What are the key findings in this chest X-ray report?,1119,True
What abnormality is present according to the report?,1119,True
What are the key findings in this chest X-ray report?,1120,True
What abnormality is present according to the report?,1120,True
What are the key findings in this chest X-ray report?,1121,True
What abnormality is present according to the report?,1121,True
What are the key findings in this chest X-ray report?,1122,True
What abnormality is present according to the report?,1122,True
Is the heart size normal?,1122,True
What are the key findings in this chest X-ray report?,1123,True
What abnormality is present according to the report?,1123,True
Is there any opacity?,1123,True
What are the key findings in this chest X-ray report?,1124,True
What abnormality is present according to the report?,1124,True
What are the key findings in this chest X-ray report?,1125,True
What abnormality is present according to the report?,1125,True
Is there any cardiomegaly?,1125,True
Is there any opacity?,1125,True
What are the key findings in this chest X-ray report?,1126,True
What abnormality is present according to the report?,1126,True
Is there any atelectasis?,1126,True
What are the key findings in this chest X-ray report?,1128,True
What abnormality is present according to the report?,1128,True
Is there any effusion?,1128,True
What are the key findings in this chest X-ray report?,1129,True
What abnormality is present according to the report?,1129,True
Is there any cardiomegaly?,1129,True
Is there any opacity?,1129,True
What are the key findings in this chest X-ray report?,1130,True
What abnormality is present according to the report?,1130,True
Is there any opacity?,1130,True
What are the key findings in this chest X-ray report?,1131,True
What abnormality is present according to the report?,1131,True
What are the key findings in this chest X-ray report?,1133,True
What abnormality is present according to the report?,1133,True
What are the key findings in this chest X-ray report?,1134,True
What abnormality is present according to the report?,1134,True
What are the key findings in this chest X-ray report?,1135,True
What abnormality is present according to the report?,1135,True
What are the key findings in this chest X-ray report?,1136,True
What abnormality is present according to the report?,1136,True
Is the heart size normal?,1136,True
What are the key findings in this chest X-ray report?,1138,True
What abnormality is present according to the report?,1138,True
Is the heart size normal?,1138,True
What are the key findings in this chest X-ray report?,1139,True
What abnormality is present according to the report?,1139,True
Is there any cardiomegaly?,1139,True
Is there any opacity?,1139,True
Is there any edema?,1139,True
What are the key findings in this chest X-ray report?,1140,True
What abnormality is present according to the report?,1140,True
What are the key findings in this chest X-ray report?,1141,True
What abnormality is present according to the report?,1141,True
Is the heart size normal?,1141,True
What are the key findings in this chest X-ray report?,1143,True
What abnormality is present according to the report?,1143,True
What are the key findings in this chest X-ray report?,1144,True
What abnormality is present according to the report?,1144,True
Is the heart size normal?,1144,True
What are the key findings in this chest X-ray report?,1145,True
What abnormality is present according to the report?,1145,True
What are the key findings in this chest X-ray report?,1146,True
What abnormality is present according to the report?,1146,True
What are the key findings in this chest X-ray report?,1148,True
What abnormality is present according to the report?,1148,True
Is the heart size normal?,1148,True
What are the key findings in this chest X-ray report?,1149,True
What abnormality is present according to the report?,1149,True
What are the key findings in this chest X-ray report?,1150,True
What abnormality is present according to the report?,1150,True
What are the key findings in this chest X-ray report?,1151,True
What abnormality is present according to the report?,1151,True
Is the heart size normal?,1151,True
What are the key findings in this chest X-ray report?,1152,True
What abnormality is present according to the report?,1152,True
Is there any cardiomegaly?,1152,True
What are the key findings in this chest X-ray report?,1153,True
What abnormality is present according to the report?,1153,True
Is the heart size normal?,1153,True
What are the key findings in this chest X-ray report?,1154,True
What abnormality is present according to the report?,1154,True
What are the key findings in this chest X-ray report?,1155,True
What abnormality is present according to the report?,1155,True
What are the key findings in this chest X-ray report?,1156,True
What abnormality is present according to the report?,1156,True
Is the heart size normal?,1156,True
What are the key findings in this chest X-ray report?,1157,True
What abnormality is present according to the report?,1157,True
Is there any opacity?,1157,True
What are the key findings in this chest X-ray report?,1158,True
What abnormality is present according to the report?,1158,True
Is there any cardiomegaly?,1158,True
What are the key findings in this chest X-ray report?,1159,True
What abnormality is present according to the report?,1159,True
Is the heart size normal?,1159,True
What are the key findings in this chest X-ray report?,1160,True
What abnormality is present according to the report?,1160,True
Is there any atelectasis?,1160,True
What are the key findings in this chest X-ray report?,1161,True
What abnormality is present according to the report?,1161,True
Is the heart size normal?,1161,True
What are the key findings in this chest X-ray report?,1162,True
What abnormality is present according to the report?,1162,True
Is the heart size normal?,1162,True
What are the key findings in this chest X-ray report?,1163,True
What abnormality is present according to the report?,1163,True
Is the heart size normal?,1163,True
What are the key findings in this chest X-ray report?,1164,True
What abnormality is present according to the report?,1164,True
Is there any cardiomegaly?,1164,True
What are the key findings in this chest X-ray report?,1165,True
What abnormality is present according to the report?,1165,True
Is the heart size normal?,1165,True
What are the key findings in this chest X-ray report?,1166,True
What abnormality is present according to the report?,1166,True
Is there any opacity?,1166,True
Is there any atelectasis?,1166,True
What are the key findings in this chest X-ray report?,1167,True
What abnormality is present according to the report?,1167,True
Is there any opacity?,1167,True
Is there any atelectasis?,1167,True
What are the key findings in this chest X-ray report?,1168,True
What abnormality is present according to the report?,1168,True
Is the heart size normal?,1168,True
What are the key findings in this chest X-ray report?,1169,True
What abnormality is present according to the report?,1169,True
Is there any opacity?,1169,True
Is there any atelectasis?,1169,True
What are the key findings in this chest X-ray report?,1170,True
What abnormality is present according to the report?,1170,True
Is there any cardiomegaly?,1170,True
What are the key findings in this chest X-ray report?,1171,True
What abnormality is present according to the report?,1171,True
What are the key findings in this chest X-ray report?,1172,True
What abnormality is present according to the report?,1172,True
Is the heart size normal?,1172,True
What are the key findings in this chest X-ray report?,1173,True
What abnormality is present according to the report?,1173,True
What are the key findings in this chest X-ray report?,1174,True
What abnormality is present according to the report?,1174,True
Is there any opacity?,1174,True
What are the key findings in this chest X-ray report?,1175,True
What abnormality is present according to the report?,1175,True
Is the heart size normal?,1175,True
What are the key findings in this chest X-ray report?,1176,True
What abnormality is present according to the report?,1176,True
Is the heart size normal?,1176,True
What are the key findings in this chest X-ray report?,1177,True
What abnormality is present according to the report?,1177,True
What are the key findings in this chest X-ray report?,1178,True
What abnormality is present according to the report?,1178,True
Is the heart size normal?,1178,True
What are the key findings in this chest X-ray report?,1179,True
What abnormality is present according to the report?,1179,True
Is there any opacity?,1179,True
What are the key findings in this chest X-ray report?,1180,True
What abnormality is present according to the report?,1180,True
What are the key findings in this chest X-ray report?,1182,True
What abnormality is present according to the report?,1182,True
Is the heart size normal?,1182,True
What are the key findings in this chest X-ray report?,1183,True
What abnormality is present according to the report?,1183,True
Is the heart size normal?,1183,True
What are the key findings in this chest X-ray report?,1184,True
What abnormality is present according to the report?,1184,True
Is there any atelectasis?,1184,True
What are the key findings in this chest X-ray report?,1187,True
What abnormality is present according to the report?,1187,True
Is there any opacity?,1187,True
What are the key findings in this chest X-ray report?,1188,True
What abnormality is present according to the report?,1188,True
Is the heart size normal?,1188,True
What are the key findings in this chest X-ray report?,1189,True
What abnormality is present according to the report?,1189,True
What are the key findings in this chest X-ray report?,1190,True
What abnormality is present according to the report?,1190,True
Is the heart size normal?,1190,True
What are the key findings in this chest X-ray report?,1191,True
What abnormality is present according to the report?,1191,True
Is the heart size normal?,1191,True
What are the key findings in this chest X-ray report?,1192,True
What abnormality is present according to the report?,1192,True
Is the heart size normal?,1192,True
What are the key findings in this chest X-ray report?,1193,True
What abnormality is present according to the report?,1193,True
What are the key findings in this chest X-ray report?,1194,True
What abnormality is present according to the report?,1194,True
What are the key findings in this chest X-ray report?,1195,True
What abnormality is present according to the report?,1195,True
What are the key findings in this chest X-ray report?,1196,True
What abnormality is present according to the report?,1196,True
What are the key findings in this chest X-ray report?,1197,True
What abnormality is present according to the report?,1197,True
What are the key findings in this chest X-ray report?,1198,True
What abnormality is present according to the report?,1198,True
What are the key findings in this chest X-ray report?,1199,True
What abnormality is present according to the report?,1199,True
Is the heart size normal?,1199,True
What are the key findings in this chest X-ray report?,1200,True
What abnormality is present according to the report?,1200,True
Is there any opacity?,1200,True
What are the key findings in this chest X-ray report?,1202,True
What abnormality is present according to the report?,1202,True
Is there any cardiomegaly?,1202,True
What are the key findings in this chest X-ray report?,1203,True
What abnormality is present according to the report?,1203,True
Is there any opacity?,1203,True
What are the key findings in this chest X-ray report?,1204,True
What abnormality is present according to the report?,1204,True
Is there any cardiomegaly?,1204,True
What are the key findings in this chest X-ray report?,1205,True
What abnormality is present according to the report?,1205,True
Is the heart size normal?,1205,True
What are the key findings in this chest X-ray report?,1206,True
What abnormality is present according to the report?,1206,True
Is the heart size normal?,1206,True
What are the key findings in this chest X-ray report?,1207,True
What abnormality is present according to the report?,1207,True
Is the heart size normal?,1207,True
What are the key findings in this chest X-ray report?,1208,True
What abnormality is present according to the report?,1208,True
What are the key findings in this chest X-ray report?,1209,True
What abnormality is present according to the report?,1209,True
Is the heart size normal?,1209,True
What are the key findings in this chest X-ray report?,1210,True
What abnormality is present according to the report?,1210,True
What are the key findings in this chest X-ray report?,1211,True
What abnormality is present according to the report?,1211,True
Is the heart size normal?,1211,True
What are the key findings in this chest X-ray report?,1212,True
What abnormality is present according to the report?,1212,True
Is the heart size normal?,1212,True
What are the key findings in this chest X-ray report?,1213,True
What abnormality is present according to the report?,1213,True
What are the key findings in this chest X-ray report?,1214,True
What abnormality is present according to the report?,1214,True
Is there any atelectasis?,1214,True
What are the key findings in this chest X-ray report?,1216,True
What abnormality is present according to the report?,1216,True
Is the heart size normal?,1216,True
What are the key findings in this chest X-ray report?,1217,True
What abnormality is present according to the report?,1217,True
What are the key findings in this chest X-ray report?,1218,True
What abnormality is present according to the report?,1218,True
Is the heart size normal?,1218,True
What are the key findings in this chest X-ray report?,1219,True
What abnormality is present according to the report?,1219,True
Is the heart size normal?,1219,True
What are the key findings in this chest X-ray report?,1220,True
What abnormality is present according to the report?,1220,True
What are the key findings in this chest X-ray report?,1221,True
What abnormality is present according to the report?,1221,True
What are the key findings in this chest X-ray report?,1222,True
What abnormality is present according to the report?,1222,True
What are the key findings in this chest X-ray report?,1223,True
What abnormality is present according to the report?,1223,True
What are the key findings in this chest X-ray report?,1224,True
What abnormality is present according to the report?,1224,True
What are the key findings in this chest X-ray report?,1225,True
What abnormality is present according to the report?,1225,True
What are the key findings in this chest X-ray report?,1226,True
What abnormality is present according to the report?,1226,True
What are the key findings in this chest X-ray report?,1228,True
What abnormality is present according to the report?,1228,True
What are the key findings in this chest X-ray report?,1229,True
What abnormality is present according to the report?,1229,True
What are the key findings in this chest X-ray report?,1230,True
What abnormality is present according to the report?,1230,True
Is there any cardiomegaly?,1230,True
Is there any effusion?,1230,True
Is there any pneumothorax?,1230,True
What are the key findings in this chest X-ray report?,1231,True
What abnormality is present according to the report?,1231,True
What are the key findings in this chest X-ray report?,1232,True
What abnormality is present according to the report?,1232,True
What are the key findings in this chest X-ray report?,1233,True
What abnormality is present according to the report?,1233,True
Is there any cardiomegaly?,1233,True
Is there any atelectasis?,1233,True
What are the key findings in this chest X-ray report?,1234,True
What abnormality is present according to the report?,1234,True
Is there any cardiomegaly?,1234,True
Is there any atelectasis?,1234,True
What are the key findings in this chest X-ray report?,1235,True
What abnormality is present according to the report?,1235,True
Is there any opacity?,1235,True
Is there any atelectasis?,1235,True
What are the key findings in this chest X-ray report?,1236,True
What abnormality is present according to the report?,1236,True
Is the heart size normal?,1236,True
What are the key findings in this chest X-ray report?,1237,True
What abnormality is present according to the report?,1237,True
Is there any opacity?,1237,True
What are the key findings in this chest X-ray report?,1238,True
What abnormality is present according to the report?,1238,True
Is the heart size normal?,1238,True
What are the key findings in this chest X-ray report?,1239,True
What abnormality is present according to the report?,1239,True
Is the heart size normal?,1239,True
What are the key findings in this chest X-ray report?,1240,True
What abnormality is present according to the report?,1240,True
What are the key findings in this chest X-ray report?,1241,True
What abnormality is present according to the report?,1241,True
What are the key findings in this chest X-ray report?,1242,True
What abnormality is present according to the report?,1242,True
What are the key findings in this chest X-ray report?,1243,True
What abnormality is present according to the report?,1243,True
Is there any cardiomegaly?,1243,True
Is there any effusion?,1243,True
Is there any opacity?,1243,True
Is there any atelectasis?,1243,True
What are the key findings in this chest X-ray report?,1244,True
What abnormality is present according to the report?,1244,True
Is there any opacity?,1244,True
What are the key findings in this chest X-ray report?,1245,True
What abnormality is present according to the report?,1245,True
Is there any cardiomegaly?,1245,True
What are the key findings in this chest X-ray report?,1246,True
What abnormality is present according to the report?,1246,True
What are the key findings in this chest X-ray report?,1248,True
What abnormality is present according to the report?,1248,True
What are the key findings in this chest X-ray report?,1249,True
What abnormality is present according to the report?,1249,True
What are the key findings in this chest X-ray report?,1250,True
What abnormality is present according to the report?,1250,True
What are the key findings in this chest X-ray report?,1252,True
What abnormality is present according to the report?,1252,True
Is the heart size normal?,1252,True
What are the key findings in this chest X-ray report?,1253,True
What abnormality is present according to the report?,1253,True
Is the heart size normal?,1253,True
What are the key findings in this chest X-ray report?,1254,True
What abnormality is present according to the report?,1254,True
Is the heart size normal?,1254,True
What are the key findings in this chest X-ray report?,1255,True
What abnormality is present according to the report?,1255,True
What are the key findings in this chest X-ray report?,1256,True
What abnormality is present according to the report?,1256,True
What are the key findings in this chest X-ray report?,1257,True
What abnormality is present according to the report?,1257,True
Is there any cardiomegaly?,1257,True
Is there any opacity?,1257,True
Is there any atelectasis?,1257,True
What are the key findings in this chest X-ray report?,1258,True
What abnormality is present according to the report?,1258,True
What are the key findings in this chest X-ray report?,1259,True
What abnormality is present according to the report?,1259,True
Is the heart size normal?,1259,True
What are the key findings in this chest X-ray report?,1260,True
What abnormality is present according to the report?,1260,True
Is the heart size normal?,1260,True
What are the key findings in this chest X-ray report?,1261,True
What abnormality is present according to the report?,1261,True
Is there any cardiomegaly?,1261,True
What are the key findings in this chest X-ray report?,1262,True
What abnormality is present according to the report?,1262,True
Is there any pneumothorax?,1262,True
What are the key findings in this chest X-ray report?,1263,True
What abnormality is present according to the report?,1263,True
Is the heart size normal?,1263,True
What are the key findings in this chest X-ray report?,1264,True
What abnormality is present according to the report?,1264,True
Is the heart size normal?,1264,True
What are the key findings in this chest X-ray report?,1265,True
What abnormality is present according to the report?,1265,True
What are the key findings in this chest X-ray report?,1266,True
What abnormality is present according to the report?,1266,True
What are the key findings in this chest X-ray report?,1267,True
What abnormality is present according to the report?,1267,True
Is the heart size normal?,1267,True
What are the key findings in this chest X-ray report?,1268,True
What abnormality is present according to the report?,1268,True
What are the key findings in this chest X-ray report?,1269,True
What abnormality is present according to the report?,1269,True
What are the key findings in this chest X-ray report?,1270,True
What abnormality is present according to the report?,1270,True
Is the heart size normal?,1270,True
What are the key findings in this chest X-ray report?,1271,True
What abnormality is present according to the report?,1271,True
What are the key findings in this chest X-ray report?,1272,True
What abnormality is present according to the report?,1272,True
What are the key findings in this chest X-ray report?,1273,True
What abnormality is present according to the report?,1273,True
Is there any cardiomegaly?,1273,True
What are the key findings in this chest X-ray report?,1274,True
What abnormality is present according to the report?,1274,True
Is the heart size normal?,1274,True
What are the key findings in this chest X-ray report?,1275,True
What abnormality is present according to the report?,1275,True
Is there any opacity?,1275,True
What are the key findings in this chest X-ray report?,1276,True
What abnormality is present according to the report?,1276,True
What are the key findings in this chest X-ray report?,1277,True
What abnormality is present according to the report?,1277,True
Is there any atelectasis?,1277,True
What are the key findings in this chest X-ray report?,1278,True
What abnormality is present according to the report?,1278,True
Is the heart size normal?,1278,True
What are the key findings in this chest X-ray report?,1279,True
What abnormality is present according to the report?,1279,True
What are the key findings in this chest X-ray report?,1280,True
What abnormality is present according to the report?,1280,True
Is the heart size normal?,1280,True
What are the key findings in this chest X-ray report?,1281,True
What abnormality is present according to the report?,1281,True
What are the key findings in this chest X-ray report?,1282,True
What abnormality is present according to the report?,1282,True
Is there any opacity?,1282,True
What are the key findings in this chest X-ray report?,1283,True
What abnormality is present according to the report?,1283,True
What are the key findings in this chest X-ray report?,1284,True
What abnormality is present according to the report?,1284,True
Is there any opacity?,1284,True
Is there any atelectasis?,1284,True
What are the key findings in this chest X-ray report?,1285,True
What abnormality is present according to the report?,1285,True
What are the key findings in this chest X-ray report?,1286,True
What abnormality is present according to the report?,1286,True
Is there any cardiomegaly?,1286,True
What are the key findings in this chest X-ray report?,1287,True
What abnormality is present according to the report?,1287,True
What are the key findings in this chest X-ray report?,1288,True
What abnormality is present according to the report?,1288,True
Is there any opacity?,1288,True
What are the key findings in this chest X-ray report?,1289,True
What abnormality is present according to the report?,1289,True
Is there any effusion?,1289,True
What are the key findings in this chest X-ray report?,1290,True
What abnormality is present according to the report?,1290,True
What are the key findings in this chest X-ray report?,1291,True
What abnormality is present according to the report?,1291,True
What are the key findings in this chest X-ray report?,1292,True
What abnormality is present according to the report?,1292,True
Is there any cardiomegaly?,1292,True
What are the key findings in this chest X-ray report?,1294,True
What abnormality is present according to the report?,1294,True
Is the heart size normal?,1294,True
What are the key findings in this chest X-ray report?,1295,True
What abnormality is present according to the report?,1295,True
What are the key findings in this chest X-ray report?,1296,True
What abnormality is present according to the report?,1296,True
Is the heart size normal?,1296,True
What are the key findings in this chest X-ray report?,1300,True
What abnormality is present according to the report?,1300,True
Is the heart size normal?,1300,True
What are the key findings in this chest X-ray report?,1301,True
What abnormality is present according to the report?,1301,True
What are the key findings in this chest X-ray report?,1302,True
What abnormality is present according to the report?,1302,True
What are the key findings in this chest X-ray report?,1303,True
What abnormality is present according to the report?,1303,True
Is there any opacity?,1303,True
What are the key findings in this chest X-ray report?,1304,True
What abnormality is present according to the report?,1304,True
Is the heart size normal?,1304,True
What are the key findings in this chest X-ray report?,1305,True
What abnormality is present according to the report?,1305,True
Is the heart size normal?,1305,True
What are the key findings in this chest X-ray report?,1306,True
What abnormality is present according to the report?,1306,True
What are the key findings in this chest X-ray report?,1307,True
What abnormality is present according to the report?,1307,True
Is there any atelectasis?,1307,True
What are the key findings in this chest X-ray report?,1308,True
What abnormality is present according to the report?,1308,True
Is the heart size normal?,1308,True
What are the key findings in this chest X-ray report?,1309,True
What abnormality is present according to the report?,1309,True
Is the heart size normal?,1309,True
What are the key findings in this chest X-ray report?,1310,True
What abnormality is present according to the report?,1310,True
Is the heart size normal?,1310,True
What are the key findings in this chest X-ray report?,1311,True
What abnormality is present according to the report?,1311,True
What are the key findings in this chest X-ray report?,1312,True
What abnormality is present according to the report?,1312,True
Is the heart size normal?,1312,True
What are the key findings in this chest X-ray report?,1313,True
What abnormality is present according to the report?,1313,True
Is there any effusion?,1313,True
Is there any opacity?,1313,True
Is there any atelectasis?,1313,True
What are the key findings in this chest X-ray report?,1314,True
What abnormality is present according to the report?,1314,True
Is the heart size normal?,1314,True
What are the key findings in this chest X-ray report?,1315,True
What abnormality is present according to the report?,1315,True
Is the heart size normal?,1315,True
What are the key findings in this chest X-ray report?,1316,True
What abnormality is present according to the report?,1316,True
Is the heart size normal?,1316,True
What are the key findings in this chest X-ray report?,1317,True
What abnormality is present according to the report?,1317,True
Is there any atelectasis?,1317,True
What are the key findings in this chest X-ray report?,1318,True
What abnormality is present according to the report?,1318,True
Is the heart size normal?,1318,True
What are the key findings in this chest X-ray report?,1319,True
What abnormality is present according to the report?,1319,True
Is the heart size normal?,1319,True
What are the key findings in this chest X-ray report?,1320,True
What abnormality is present according to the report?,1320,True
What are the key findings in this chest X-ray report?,1321,True
What abnormality is present according to the report?,1321,True
What are the key findings in this chest X-ray report?,1322,True
What abnormality is present according to the report?,1322,True
Is the heart size normal?,1322,True
What are the key findings in this chest X-ray report?,1323,True
What abnormality is present according to the report?,1323,True
Is the heart size normal?,1323,True
What are the key findings in this chest X-ray report?,1324,True
What abnormality is present according to the report?,1324,True
What are the key findings in this chest X-ray report?,1326,True
What abnormality is present according to the report?,1326,True
Is there any opacity?,1326,True
Is there any pneumothorax?,1326,True
What are the key findings in this chest X-ray report?,1327,True
What abnormality is present according to the report?,1327,True
What are the key findings in this chest X-ray report?,1328,True
What abnormality is present according to the report?,1328,True
What are the key findings in this chest X-ray report?,1329,True
What abnormality is present according to the report?,1329,True
What are the key findings in this chest X-ray report?,1330,True
What abnormality is present according to the report?,1330,True
Is the heart size normal?,1330,True
What are the key findings in this chest X-ray report?,1331,True
What abnormality is present according to the report?,1331,True
Is there any opacity?,1331,True
What are the key findings in this chest X-ray report?,1332,True
What abnormality is present according to the report?,1332,True
Is there any opacity?,1332,True
Is there any atelectasis?,1332,True
What are the key findings in this chest X-ray report?,1333,True
What abnormality is present according to the report?,1333,True
What are the key findings in this chest X-ray report?,1334,True
What abnormality is present according to the report?,1334,True
Is the heart size normal?,1334,True
What are the key findings in this chest X-ray report?,1335,True
What abnormality is present according to the report?,1335,True
Is the heart size normal?,1335,True
What are the key findings in this chest X-ray report?,1336,True
What abnormality is present according to the report?,1336,True
Is there any cardiomegaly?,1336,True
What are the key findings in this chest X-ray report?,1337,True
What abnormality is present according to the report?,1337,True
What are the key findings in this chest X-ray report?,1338,True
What abnormality is present according to the report?,1338,True
What are the key findings in this chest X-ray report?,1339,True
What abnormality is present according to the report?,1339,True
Is there any pneumothorax?,1339,True
What are the key findings in this chest X-ray report?,1340,True
What abnormality is present according to the report?,1340,True
Is the heart size normal?,1340,True
What are the key findings in this chest X-ray report?,1341,True
What abnormality is present according to the report?,1341,True
What are the key findings in this chest X-ray report?,1342,True
What abnormality is present according to the report?,1342,True
What are the key findings in this chest X-ray report?,1343,True
What abnormality is present according to the report?,1343,True
Is there any cardiomegaly?,1343,True
What are the key findings in this chest X-ray report?,1344,True
What abnormality is present according to the report?,1344,True
Is the heart size normal?,1344,True
What are the key findings in this chest X-ray report?,1345,True
What abnormality is present according to the report?,1345,True
Is the heart size normal?,1345,True
What are the key findings in this chest X-ray report?,1346,True
What abnormality is present according to the report?,1346,True
What are the key findings in this chest X-ray report?,1347,True
What abnormality is present according to the report?,1347,True
Is the heart size normal?,1347,True
What are the key findings in this chest X-ray report?,1348,True
What abnormality is present according to the report?,1348,True
Is there any atelectasis?,1348,True
What are the key findings in this chest X-ray report?,1349,True
What abnormality is present according to the report?,1349,True
What are the key findings in this chest X-ray report?,1350,True
What abnormality is present according to the report?,1350,True
Is the heart size normal?,1350,True
What are the key findings in this chest X-ray report?,1351,True
What abnormality is present according to the report?,1351,True
What are the key findings in this chest X-ray report?,1352,True
What abnormality is present according to the report?,1352,True
What are the key findings in this chest X-ray report?,1353,True
What abnormality is present according to the report?,1353,True
What are the key findings in this chest X-ray report?,1354,True
What abnormality is present according to the report?,1354,True
What are the key findings in this chest X-ray report?,1355,True
What abnormality is present according to the report?,1355,True
Is there any opacity?,1355,True
Is there any atelectasis?,1355,True
What are the key findings in this chest X-ray report?,1356,True
What abnormality is present according to the report?,1356,True
Is the heart size normal?,1356,True
What are the key findings in this chest X-ray report?,1357,True
What abnormality is present according to the report?,1357,True
Is there any cardiomegaly?,1357,True
What are the key findings in this chest X-ray report?,1358,True
What abnormality is present according to the report?,1358,True
What are the key findings in this chest X-ray report?,1359,True
What abnormality is present according to the report?,1359,True
Is the heart size normal?,1359,True
What are the key findings in this chest X-ray report?,1360,True
What abnormality is present according to the report?,1360,True
Is there any opacity?,1360,True
Is there any atelectasis?,1360,True
What are the key findings in this chest X-ray report?,1361,True
What abnormality is present according to the report?,1361,True
Is there any cardiomegaly?,1361,True
Is there any opacity?,1361,True
What are the key findings in this chest X-ray report?,1362,True
What abnormality is present according to the report?,1362,True
Is there any cardiomegaly?,1362,True
Is there any atelectasis?,1362,True
What are the key findings in this chest X-ray report?,1363,True
What abnormality is present according to the report?,1363,True
Is the heart size normal?,1363,True
What are the key findings in this chest X-ray report?,1364,True
What abnormality is present according to the report?,1364,True
Is the heart size normal?,1364,True
What are the key findings in this chest X-ray report?,1365,True
What abnormality is present according to the report?,1365,True
What are the key findings in this chest X-ray report?,1366,True
What abnormality is present according to the report?,1366,True
Is the heart size normal?,1366,True
What are the key findings in this chest X-ray report?,1367,True
What abnormality is present according to the report?,1367,True
Is the heart size normal?,1367,True
What are the key findings in this chest X-ray report?,1368,True
What abnormality is present according to the report?,1368,True
Is the heart size normal?,1368,True
What are the key findings in this chest X-ray report?,1369,True
What abnormality is present according to the report?,1369,True
What are the key findings in this chest X-ray report?,1370,True
What abnormality is present according to the report?,1370,True
Is there any opacity?,1370,True
What are the key findings in this chest X-ray report?,1371,True
What abnormality is present according to the report?,1371,True
What are the key findings in this chest X-ray report?,1372,True
What abnormality is present according to the report?,1372,True
Is there any opacity?,1372,True
Is there any atelectasis?,1372,True
What are the key findings in this chest X-ray report?,1373,True
What abnormality is present according to the report?,1373,True
What are the key findings in this chest X-ray report?,1374,True
What abnormality is present according to the report?,1374,True
Is the heart size normal?,1374,True
What are the key findings in this chest X-ray report?,1375,True
What abnormality is present according to the report?,1375,True
Is there any cardiomegaly?,1375,True
Is there any edema?,1375,True
What are the key findings in this chest X-ray report?,1376,True
What abnormality is present according to the report?,1376,True
What are the key findings in this chest X-ray report?,1377,True
What abnormality is present according to the report?,1377,True
Is the heart size normal?,1377,True
What are the key findings in this chest X-ray report?,1378,True
What abnormality is present according to the report?,1378,True
Is the heart size normal?,1378,True
What are the key findings in this chest X-ray report?,1379,True
What abnormality is present according to the report?,1379,True
Is the heart size normal?,1379,True
What are the key findings in this chest X-ray report?,1380,True
What abnormality is present according to the report?,1380,True
Is the heart size normal?,1380,True
What are the key findings in this chest X-ray report?,1381,True
What abnormality is present according to the report?,1381,True
Is the heart size normal?,1381,True
What are the key findings in this chest X-ray report?,1382,True
What abnormality is present according to the report?,1382,True
Is the heart size normal?,1382,True
What are the key findings in this chest X-ray report?,1383,True
What abnormality is present according to the report?,1383,True
Is there any effusion?,1383,True
Is there any opacity?,1383,True
Is there any atelectasis?,1383,True
What are the key findings in this chest X-ray report?,1384,True
What abnormality is present according to the report?,1384,True
Is the heart size normal?,1384,True
What are the key findings in this chest X-ray report?,1385,True
What abnormality is present according to the report?,1385,True
What are the key findings in this chest X-ray report?,1386,True
What abnormality is present according to the report?,1386,True
What are the key findings in this chest X-ray report?,1387,True
What abnormality is present according to the report?,1387,True
What are the key findings in this chest X-ray report?,1388,True
What abnormality is present according to the report?,1388,True
What are the key findings in this chest X-ray report?,1389,True
What abnormality is present according to the report?,1389,True
What are the key findings in this chest X-ray report?,1390,True
What abnormality is present according to the report?,1390,True
What are the key findings in this chest X-ray report?,1391,True
What abnormality is present according to the report?,1391,True
What are the key findings in this chest X-ray report?,1392,True
What abnormality is present according to the report?,1392,True
What are the key findings in this chest X-ray report?,1393,True
What abnormality is present according to the report?,1393,True
Is there any opacity?,1393,True
Is there any atelectasis?,1393,True
What are the key findings in this chest X-ray report?,1394,True
What abnormality is present according to the report?,1394,True
What are the key findings in this chest X-ray report?,1395,True
What abnormality is present according to the report?,1395,True
Is the heart size normal?,1395,True
What are the key findings in this chest X-ray report?,1396,True
What abnormality is present according to the report?,1396,True
Is the heart size normal?,1396,True
What are the key findings in this chest X-ray report?,1397,True
What abnormality is present according to the report?,1397,True
Is the heart size normal?,1397,True
What are the key findings in this chest X-ray report?,1398,True
What abnormality is present according to the report?,1398,True
Is there any atelectasis?,1398,True
What are the key findings in this chest X-ray report?,1399,True
What abnormality is present according to the report?,1399,True
What are the key findings in this chest X-ray report?,1400,True
What abnormality is present according to the report?,1400,True
Is the heart size normal?,1400,True
What are the key findings in this chest X-ray report?,1401,True
What abnormality is present according to the report?,1401,True
What are the key findings in this chest X-ray report?,1402,True
What abnormality is present according to the report?,1402,True
Is the heart size normal?,1402,True
What are the key findings in this chest X-ray report?,1403,True
What abnormality is present according to the report?,1403,True
Is there any atelectasis?,1403,True
What are the key findings in this chest X-ray report?,1404,True
What abnormality is present according to the report?,1404,True
What are the key findings in this chest X-ray report?,1405,True
What abnormality is present according to the report?,1405,True
What are the key findings in this chest X-ray report?,1406,True
What abnormality is present according to the report?,1406,True
What are the key findings in this chest X-ray report?,1407,True
What abnormality is present according to the report?,1407,True
What are the key findings in this chest X-ray report?,1408,True
What abnormality is present according to the report?,1408,True
What are the key findings in this chest X-ray report?,1409,True
What abnormality is present according to the report?,1409,True
Is the heart size normal?,1409,True
What are the key findings in this chest X-ray report?,1410,True
What abnormality is present according to the report?,1410,True
Is the heart size normal?,1410,True
What are the key findings in this chest X-ray report?,1411,True
What abnormality is present according to the report?,1411,True
What are the key findings in this chest X-ray report?,1412,True
What abnormality is present according to the report?,1412,True
What are the key findings in this chest X-ray report?,1413,True
What abnormality is present according to the report?,1413,True
What are the key findings in this chest X-ray report?,1414,True
What abnormality is present according to the report?,1414,True
Is the heart size normal?,1414,True
What are the key findings in this chest X-ray report?,1415,True
What abnormality is present according to the report?,1415,True
Is the heart size normal?,1415,True
What are the key findings in this chest X-ray report?,1416,True
What abnormality is present according to the report?,1416,True
Is there any opacity?,1416,True
What are the key findings in this chest X-ray report?,1417,True
What abnormality is present according to the report?,1417,True
What are the key findings in this chest X-ray report?,1418,True
What abnormality is present according to the report?,1418,True
Is the heart size normal?,1418,True
What are the key findings in this chest X-ray report?,1419,True
What abnormality is present according to the report?,1419,True
Is there any atelectasis?,1419,True
What are the key findings in this chest X-ray report?,1420,True
What abnormality is present according to the report?,1420,True
What are the key findings in this chest X-ray report?,1421,True
What abnormality is present according to the report?,1421,True
What are the key findings in this chest X-ray report?,1422,True
What abnormality is present according to the report?,1422,True
Is there any opacity?,1422,True
What are the key findings in this chest X-ray report?,1423,True
What abnormality is present according to the report?,1423,True
Is there any cardiomegaly?,1423,True
What are the key findings in this chest X-ray report?,1424,True
What abnormality is present according to the report?,1424,True
Is the heart size normal?,1424,True
What are the key findings in this chest X-ray report?,1425,True
What abnormality is present according to the report?,1425,True
Is the heart size normal?,1425,True
What are the key findings in this chest X-ray report?,1426,True
What abnormality is present according to the report?,1426,True
Is the heart size normal?,1426,True
What are the key findings in this chest X-ray report?,1427,True
What abnormality is present according to the report?,1427,True
What are the key findings in this chest X-ray report?,1428,True
What abnormality is present according to the report?,1428,True
Is the heart size normal?,1428,True
What are the key findings in this chest X-ray report?,1429,True
What abnormality is present according to the report?,1429,True
Is the heart size normal?,1429,True
What are the key findings in this chest X-ray report?,1430,True
What abnormality is present according to the report?,1430,True
Is there any effusion?,1430,True
Is there any opacity?,1430,True
Is there any atelectasis?,1430,True
What are the key findings in this chest X-ray report?,1431,True
What abnormality is present according to the report?,1431,True
Is the heart size normal?,1431,True
What are the key findings in this chest X-ray report?,1432,True
What abnormality is present according to the report?,1432,True
What are the key findings in this chest X-ray report?,1433,True
What abnormality is present according to the report?,1433,True
What are the key findings in this chest X-ray report?,1434,True
What abnormality is present according to the report?,1434,True
Is the heart size normal?,1434,True
What are the key findings in this chest X-ray report?,1435,True
What abnormality is present according to the report?,1435,True
Is the heart size normal?,1435,True
What are the key findings in this chest X-ray report?,1436,True
What abnormality is present according to the report?,1436,True
Is there any opacity?,1436,True
What are the key findings in this chest X-ray report?,1437,True
What abnormality is present according to the report?,1437,True
What are the key findings in this chest X-ray report?,1438,True
What abnormality is present according to the report?,1438,True
Is the heart size normal?,1438,True
What are the key findings in this chest X-ray report?,1439,True
What abnormality is present according to the report?,1439,True
Is there any opacity?,1439,True
Is there any atelectasis?,1439,True
What are the key findings in this chest X-ray report?,1440,True
What abnormality is present according to the report?,1440,True
Is the heart size normal?,1440,True
What are the key findings in this chest X-ray report?,1441,True
What abnormality is present according to the report?,1441,True
What are the key findings in this chest X-ray report?,1442,True
What abnormality is present according to the report?,1442,True
What are the key findings in this chest X-ray report?,1443,True
What abnormality is present according to the report?,1443,True
What are the key findings in this chest X-ray report?,1444,True
What abnormality is present according to the report?,1444,True
What are the key findings in this chest X-ray report?,1445,True
What abnormality is present according to the report?,1445,True
Is there any effusion?,1445,True
Is there any atelectasis?,1445,True
What are the key findings in this chest X-ray report?,1446,True
What abnormality is present according to the report?,1446,True
Is there any atelectasis?,1446,True
What are the key findings in this chest X-ray report?,1447,True
What abnormality is present according to the report?,1447,True
Is the heart size normal?,1447,True
What are the key findings in this chest X-ray report?,1448,True
What abnormality is present according to the report?,1448,True
Is the heart size normal?,1448,True
What are the key findings in this chest X-ray report?,1449,True
What abnormality is present according to the report?,1449,True
What are the key findings in this chest X-ray report?,1450,True
What abnormality is present according to the report?,1450,True
Is the heart size normal?,1450,True
What are the key findings in this chest X-ray report?,1451,True
What abnormality is present according to the report?,1451,True
Is there any atelectasis?,1451,True
What are the key findings in this chest X-ray report?,1452,True
What abnormality is present according to the report?,1452,True
Is the heart size normal?,1452,True
What are the key findings in this chest X-ray report?,1453,True
What abnormality is present according to the report?,1453,True
What are the key findings in this chest X-ray report?,1454,True
What abnormality is present according to the report?,1454,True
Is the heart size normal?,1454,True
What are the key findings in this chest X-ray report?,1455,True
What abnormality is present according to the report?,1455,True
What are the key findings in this chest X-ray report?,1456,True
What abnormality is present according to the report?,1456,True
Is the heart size normal?,1456,True
What are the key findings in this chest X-ray report?,1457,True
What abnormality is present according to the report?,1457,True
What are the key findings in this chest X-ray report?,1458,True
What abnormality is present according to the report?,1458,True
Is there any cardiomegaly?,1458,True
Is there any opacity?,1458,True
What are the key findings in this chest X-ray report?,1459,True
What abnormality is present according to the report?,1459,True
Is there any cardiomegaly?,1459,True
What are the key findings in this chest X-ray report?,1460,True
What abnormality is present according to the report?,1460,True
Is the heart size normal?,1460,True
What are the key findings in this chest X-ray report?,1461,True
What abnormality is present according to the report?,1461,True
Is the heart size normal?,1461,True
What are the key findings in this chest X-ray report?,1462,True
What abnormality is present according to the report?,1462,True
Is the heart size normal?,1462,True
What are the key findings in this chest X-ray report?,1463,True
What abnormality is present according to the report?,1463,True
Is the heart size normal?,1463,True
What are the key findings in this chest X-ray report?,1464,True
What abnormality is present according to the report?,1464,True
What are the key findings in this chest X-ray report?,1465,True
What abnormality is present according to the report?,1465,True
What are the key findings in this chest X-ray report?,1466,True
What abnormality is present according to the report?,1466,True
Is the heart size normal?,1466,True
What are the key findings in this chest X-ray report?,1467,True
What abnormality is present according to the report?,1467,True
Is the heart size normal?,1467,True
What are the key findings in this chest X-ray report?,1468,True
What abnormality is present according to the report?,1468,True
Is the heart size normal?,1468,True
What are the key findings in this chest X-ray report?,1469,True
What abnormality is present according to the report?,1469,True
Is the heart size normal?,1469,True
What are the key findings in this chest X-ray report?,1470,True
What abnormality is present according to the report?,1470,True
Is the heart size normal?,1470,True
What are the key findings in this chest X-ray report?,1471,True
What abnormality is present according to the report?,1471,True
What are the key findings in this chest X-ray report?,1472,True
What abnormality is present according to the report?,1472,True
What are the key findings in this chest X-ray report?,1473,True
What abnormality is present according to the report?,1473,True
Is the heart size normal?,1473,True
What are the key findings in this chest X-ray report?,1474,True
What abnormality is present according to the report?,1474,True
What are the key findings in this chest X-ray report?,1475,True
What abnormality is present according to the report?,1475,True
What are the key findings in this chest X-ray report?,1476,True
What abnormality is present according to the report?,1476,True
Is the heart size normal?,1476,True
What are the key findings in this chest X-ray report?,1477,True
What abnormality is present according to the report?,1477,True
Is the heart size normal?,1477,True
What are the key findings in this chest X-ray report?,1478,True
What abnormality is present according to the report?,1478,True
What are the key findings in this chest X-ray report?,1479,True
What abnormality is present according to the report?,1479,True
Is there any opacity?,1479,True
What are the key findings in this chest X-ray report?,1480,True
What abnormality is present according to the report?,1480,True
Is the heart size normal?,1480,True
What are the key findings in this chest X-ray report?,1481,True
What abnormality is present according to the report?,1481,True
Is the heart size normal?,1481,True
What are the key findings in this chest X-ray report?,1482,True
What abnormality is present according to the report?,1482,True
Is the heart size normal?,1482,True
What are the key findings in this chest X-ray report?,1483,True
What abnormality is present according to the report?,1483,True
What are the key findings in this chest X-ray report?,1484,True
What abnormality is present according to the report?,1484,True
What are the key findings in this chest X-ray report?,1485,True
What abnormality is present according to the report?,1485,True
Is there any opacity?,1485,True
Is there any atelectasis?,1485,True
What are the key findings in this chest X-ray report?,1487,True
What abnormality is present according to the report?,1487,True
What are the key findings in this chest X-ray report?,1488,True
What abnormality is present according to the report?,1488,True
Is the heart size normal?,1488,True
What are the key findings in this chest X-ray report?,1489,True
What abnormality is present according to the report?,1489,True
Is the heart size normal?,1489,True
What are the key findings in this chest X-ray report?,1491,True
What abnormality is present according to the report?,1491,True
What are the key findings in this chest X-ray report?,1492,True
What abnormality is present according to the report?,1492,True
What are the key findings in this chest X-ray report?,1493,True
What abnormality is present according to the report?,1493,True
What are the key findings in this chest X-ray report?,1494,True
What abnormality is present according to the report?,1494,True
Is there any effusion?,1494,True
What are the key findings in this chest X-ray report?,1496,True
What abnormality is present according to the report?,1496,True
Is there any cardiomegaly?,1496,True
Is there any opacity?,1496,True
What are the key findings in this chest X-ray report?,1497,True
What abnormality is present according to the report?,1497,True
Is there any opacity?,1497,True
What are the key findings in this chest X-ray report?,1498,True
What abnormality is present according to the report?,1498,True
What are the key findings in this chest X-ray report?,1499,True
What abnormality is present according to the report?,1499,True
What are the key findings in this chest X-ray report?,1500,True
What abnormality is present according to the report?,1500,True
What are the key findings in this chest X-ray report?,1501,True
What abnormality is present according to the report?,1501,True
Is there any atelectasis?,1501,True
What are the key findings in this chest X-ray report?,1502,True
What abnormality is present according to the report?,1502,True
Is the heart size normal?,1502,True
What are the key findings in this chest X-ray report?,1503,True
What abnormality is present according to the report?,1503,True
Is the heart size normal?,1503,True
What are the key findings in this chest X-ray report?,1504,True
What abnormality is present according to the report?,1504,True
Is the heart size normal?,1504,True
What are the key findings in this chest X-ray report?,1505,True
What abnormality is present according to the report?,1505,True
Is there any opacity?,1505,True
What are the key findings in this chest X-ray report?,1506,True
What abnormality is present according to the report?,1506,True
Is there any edema?,1506,True
What are the key findings in this chest X-ray report?,1508,True
What abnormality is present according to the report?,1508,True
What are the key findings in this chest X-ray report?,1509,True
What abnormality is present according to the report?,1509,True
Is the heart size normal?,1509,True
What are the key findings in this chest X-ray report?,1510,True
What abnormality is present according to the report?,1510,True
Is the heart size normal?,1510,True
What are the key findings in this chest X-ray report?,1511,True
What abnormality is present according to the report?,1511,True
Is the heart size normal?,1511,True
What are the key findings in this chest X-ray report?,1512,True
What abnormality is present according to the report?,1512,True
Is the heart size normal?,1512,True
What are the key findings in this chest X-ray report?,1513,True
What abnormality is present according to the report?,1513,True
Is there any opacity?,1513,True
Is there any atelectasis?,1513,True
What are the key findings in this chest X-ray report?,1514,True
What abnormality is present according to the report?,1514,True
Is there any opacity?,1514,True
Is there any atelectasis?,1514,True
What are the key findings in this chest X-ray report?,1515,True
What abnormality is present according to the report?,1515,True
Is the heart size normal?,1515,True
What are the key findings in this chest X-ray report?,1516,True
What abnormality is present according to the report?,1516,True
Is the heart size normal?,1516,True
What are the key findings in this chest X-ray report?,1517,True
What abnormality is present according to the report?,1517,True
Is the heart size normal?,1517,True
What are the key findings in this chest X-ray report?,1518,True
What abnormality is present according to the report?,1518,True
Is the heart size normal?,1518,True
What are the key findings in this chest X-ray report?,1519,True
What abnormality is present according to the report?,1519,True
What are the key findings in this chest X-ray report?,1520,True
What abnormality is present according to the report?,1520,True
Is the heart size normal?,1520,True
What are the key findings in this chest X-ray report?,1521,True
What abnormality is present according to the report?,1521,True
Is the heart size normal?,1521,True
What are the key findings in this chest X-ray report?,1522,True
What abnormality is present according to the report?,1522,True
Is the heart size normal?,1522,True
What are the key findings in this chest X-ray report?,1523,True
What abnormality is present according to the report?,1523,True
Is the heart size normal?,1523,True
What are the key findings in this chest X-ray report?,1524,True
What abnormality is present according to the report?,1524,True
What are the key findings in this chest X-ray report?,1525,True
What abnormality is present according to the report?,1525,True
Is there any opacity?,1525,True
Is there any pneumothorax?,1525,True
Is there any atelectasis?,1525,True
What are the key findings in this chest X-ray report?,1526,True
What abnormality is present according to the report?,1526,True
What are the key findings in this chest X-ray report?,1527,True
What abnormality is present according to the report?,1527,True
What are the key findings in this chest X-ray report?,1528,True
What abnormality is present according to the report?,1528,True
What are the key findings in this chest X-ray report?,1529,True
What abnormality is present according to the report?,1529,True
What are the key findings in this chest X-ray report?,1530,True
What abnormality is present according to the report?,1530,True
Is the heart size normal?,1530,True
What are the key findings in this chest X-ray report?,1531,True
What abnormality is present according to the report?,1531,True
What are the key findings in this chest X-ray report?,1532,True
What abnormality is present according to the report?,1532,True
Is the heart size normal?,1532,True
What are the key findings in this chest X-ray report?,1533,True
What abnormality is present according to the report?,1533,True
Is the heart size normal?,1533,True
What are the key findings in this chest X-ray report?,1534,True
What abnormality is present according to the report?,1534,True
Is there any opacity?,1534,True
What are the key findings in this chest X-ray report?,1535,True
What abnormality is present according to the report?,1535,True
Is the heart size normal?,1535,True
What are the key findings in this chest X-ray report?,1537,True
What abnormality is present according to the report?,1537,True
Is the heart size normal?,1537,True
What are the key findings in this chest X-ray report?,1538,True
What abnormality is present according to the report?,1538,True
What are the key findings in this chest X-ray report?,1539,True
What abnormality is present according to the report?,1539,True
Is the heart size normal?,1539,True
What are the key findings in this chest X-ray report?,1540,True
What abnormality is present according to the report?,1540,True
Is the heart size normal?,1540,True
What are the key findings in this chest X-ray report?,1541,True
What abnormality is present according to the report?,1541,True
Is there any cardiomegaly?,1541,True
Is there any effusion?,1541,True
Is there any atelectasis?,1541,True
What are the key findings in this chest X-ray report?,1542,True
What abnormality is present according to the report?,1542,True
Is there any opacity?,1542,True
Is there any atelectasis?,1542,True
What are the key findings in this chest X-ray report?,1543,True
What abnormality is present according to the report?,1543,True
What are the key findings in this chest X-ray report?,1544,True
What abnormality is present according to the report?,1544,True
Is the heart size normal?,1544,True
What are the key findings in this chest X-ray report?,1545,True
What abnormality is present according to the report?,1545,True
Is the heart size normal?,1545,True
What are the key findings in this chest X-ray report?,1546,True
What abnormality is present according to the report?,1546,True
What are the key findings in this chest X-ray report?,1547,True
What abnormality is present according to the report?,1547,True
What are the key findings in this chest X-ray report?,1548,True
What abnormality is present according to the report?,1548,True
What are the key findings in this chest X-ray report?,1549,True
What abnormality is present according to the report?,1549,True
Is the heart size normal?,1549,True
What are the key findings in this chest X-ray report?,1550,True
What abnormality is present according to the report?,1550,True
Is the heart size normal?,1550,True
What are the key findings in this chest X-ray report?,1551,True
What abnormality is present according to the report?,1551,True
Is the heart size normal?,1551,True
What are the key findings in this chest X-ray report?,1552,True
What abnormality is present according to the report?,1552,True
Is there any atelectasis?,1552,True
What are the key findings in this chest X-ray report?,1553,True
What abnormality is present according to the report?,1553,True
What are the key findings in this chest X-ray report?,1554,True
What abnormality is present according to the report?,1554,True
What are the key findings in this chest X-ray report?,1555,True
What abnormality is present according to the report?,1555,True
What are the key findings in this chest X-ray report?,1556,True
What abnormality is present according to the report?,1556,True
Is there any opacity?,1556,True
What are the key findings in this chest X-ray report?,1557,True
What abnormality is present according to the report?,1557,True
Is there any effusion?,1557,True
Is there any opacity?,1557,True
Is there any atelectasis?,1557,True
What are the key findings in this chest X-ray report?,1558,True
What abnormality is present according to the report?,1558,True
What are the key findings in this chest X-ray report?,1559,True
What abnormality is present according to the report?,1559,True
What are the key findings in this chest X-ray report?,1560,True
What abnormality is present according to the report?,1560,True
Is the heart size normal?,1560,True
What are the key findings in this chest X-ray report?,1561,True
What abnormality is present according to the report?,1561,True
Is the heart size normal?,1561,True
What are the key findings in this chest X-ray report?,1562,True
What abnormality is present according to the report?,1562,True
What are the key findings in this chest X-ray report?,1563,True
What abnormality is present according to the report?,1563,True
What are the key findings in this chest X-ray report?,1564,True
What abnormality is present according to the report?,1564,True
Is there any opacity?,1564,True
What are the key findings in this chest X-ray report?,1565,True
What abnormality is present according to the report?,1565,True
Is there any atelectasis?,1565,True
What are the key findings in this chest X-ray report?,1567,True
What abnormality is present according to the report?,1567,True
Is there any opacity?,1567,True
What are the key findings in this chest X-ray report?,1568,True
What abnormality is present according to the report?,1568,True
What are the key findings in this chest X-ray report?,1569,True
What abnormality is present according to the report?,1569,True
What are the key findings in this chest X-ray report?,1570,True
What abnormality is present according to the report?,1570,True
What are the key findings in this chest X-ray report?,1571,True
What abnormality is present according to the report?,1571,True
Is there any effusion?,1571,True
Is there any atelectasis?,1571,True
What are the key findings in this chest X-ray report?,1572,True
What abnormality is present according to the report?,1572,True
What are the key findings in this chest X-ray report?,1573,True
What abnormality is present according to the report?,1573,True
Is the heart size normal?,1573,True
What are the key findings in this chest X-ray report?,1574,True
What abnormality is present according to the report?,1574,True
Is the heart size normal?,1574,True
What are the key findings in this chest X-ray report?,1575,True
What abnormality is present according to the report?,1575,True
What are the key findings in this chest X-ray report?,1576,True
What abnormality is present according to the report?,1576,True
What are the key findings in this chest X-ray report?,1577,True
What abnormality is present according to the report?,1577,True
What are the key findings in this chest X-ray report?,1578,True
What abnormality is present according to the report?,1578,True
What are the key findings in this chest X-ray report?,1579,True
What abnormality is present according to the report?,1579,True
Is the heart size normal?,1579,True
What are the key findings in this chest X-ray report?,1580,True
What abnormality is present according to the report?,1580,True
What are the key findings in this chest X-ray report?,1581,True
What abnormality is present according to the report?,1581,True
What are the key findings in this chest X-ray report?,1582,True
What abnormality is present according to the report?,1582,True
Is the heart size normal?,1582,True
What are the key findings in this chest X-ray report?,1583,True
What abnormality is present according to the report?,1583,True
What are the key findings in this chest X-ray report?,1584,True
What abnormality is present according to the report?,1584,True
What are the key findings in this chest X-ray report?,1585,True
What abnormality is present according to the report?,1585,True
What are the key findings in this chest X-ray report?,1586,True
What abnormality is present according to the report?,1586,True
What are the key findings in this chest X-ray report?,1587,True
What abnormality is present according to the report?,1587,True
Is the heart size normal?,1587,True
What are the key findings in this chest X-ray report?,1588,True
What abnormality is present according to the report?,1588,True
Is the heart size normal?,1588,True
What are the key findings in this chest X-ray report?,1589,True
What abnormality is present according to the report?,1589,True
What are the key findings in this chest X-ray report?,1590,True
What abnormality is present according to the report?,1590,True
Is the heart size normal?,1590,True
What are the key findings in this chest X-ray report?,1591,True
What abnormality is present according to the report?,1591,True
Is there any atelectasis?,1591,True
What are the key findings in this chest X-ray report?,1592,True
What abnormality is present according to the report?,1592,True
Is there any cardiomegaly?,1592,True
Is there any opacity?,1592,True
What are the key findings in this chest X-ray report?,1593,True
What abnormality is present according to the report?,1593,True
Is there any effusion?,1593,True
Is there any atelectasis?,1593,True
What are the key findings in this chest X-ray report?,1594,True
What abnormality is present according to the report?,1594,True
Is the heart size normal?,1594,True
What are the key findings in this chest X-ray report?,1595,True
What abnormality is present according to the report?,1595,True
Is there any cardiomegaly?,1595,True
Is there any opacity?,1595,True
What are the key findings in this chest X-ray report?,1596,True
What abnormality is present according to the report?,1596,True
What are the key findings in this chest X-ray report?,1597,True
What abnormality is present according to the report?,1597,True
Is the heart size normal?,1597,True
What are the key findings in this chest X-ray report?,1598,True
What abnormality is present according to the report?,1598,True
Is the heart size normal?,1598,True
What are the key findings in this chest X-ray report?,1599,True
What abnormality is present according to the report?,1599,True
What are the key findings in this chest X-ray report?,1600,True
What abnormality is present according to the report?,1600,True
What are the key findings in this chest X-ray report?,1601,True
What abnormality is present according to the report?,1601,True
Is the heart size normal?,1601,True
What are the key findings in this chest X-ray report?,1602,True
What abnormality is present according to the report?,1602,True
Is the heart size normal?,1602,True
What are the key findings in this chest X-ray report?,1603,True
What abnormality is present according to the report?,1603,True
Is the heart size normal?,1603,True
What are the key findings in this chest X-ray report?,1604,True
What abnormality is present according to the report?,1604,True
What are the key findings in this chest X-ray report?,1605,True
What abnormality is present according to the report?,1605,True
Is the heart size normal?,1605,True
What are the key findings in this chest X-ray report?,1606,True
What abnormality is present according to the report?,1606,True
Is the heart size normal?,1606,True
What are the key findings in this chest X-ray report?,1607,True
What abnormality is present according to the report?,1607,True
What are the key findings in this chest X-ray report?,1608,True
What abnormality is present according to the report?,1608,True
Is the heart size normal?,1608,True
What are the key findings in this chest X-ray report?,1609,True
What abnormality is present according to the report?,1609,True
Is there any atelectasis?,1609,True
What are the key findings in this chest X-ray report?,1610,True
What abnormality is present according to the report?,1610,True
What are the key findings in this chest X-ray report?,1612,True
What abnormality is present according to the report?,1612,True
Is there any cardiomegaly?,1612,True
What are the key findings in this chest X-ray report?,1614,True
What abnormality is present according to the report?,1614,True
Is there any cardiomegaly?,1614,True
Is there any opacity?,1614,True
What are the key findings in this chest X-ray report?,1616,True
What abnormality is present according to the report?,1616,True
Is the heart size normal?,1616,True
What are the key findings in this chest X-ray report?,1617,True
What abnormality is present according to the report?,1617,True
What are the key findings in this chest X-ray report?,1618,True
What abnormality is present according to the report?,1618,True
Is the heart size normal?,1618,True
What are the key findings in this chest X-ray report?,1619,True
What abnormality is present according to the report?,1619,True
What are the key findings in this chest X-ray report?,1620,True
What abnormality is present according to the report?,1620,True
Is the heart size normal?,1620,True
What are the key findings in this chest X-ray report?,1621,True
What abnormality is present according to the report?,1621,True
What are the key findings in this chest X-ray report?,1622,True
What abnormality is present according to the report?,1622,True
Is the heart size normal?,1622,True
What are the key findings in this chest X-ray report?,1623,True
What abnormality is present according to the report?,1623,True
Is the heart size normal?,1623,True
What are the key findings in this chest X-ray report?,1624,True
What abnormality is present according to the report?,1624,True
Is there any cardiomegaly?,1624,True
What are the key findings in this chest X-ray report?,1625,True
What abnormality is present according to the report?,1625,True
What are the key findings in this chest X-ray report?,1626,True
What abnormality is present according to the report?,1626,True
What are the key findings in this chest X-ray report?,1627,True
What abnormality is present according to the report?,1627,True
Is the heart size normal?,1627,True
What are the key findings in this chest X-ray report?,1629,True
What abnormality is present according to the report?,1629,True
Is the heart size normal?,1629,True
What are the key findings in this chest X-ray report?,1630,True
What abnormality is present according to the report?,1630,True
What are the key findings in this chest X-ray report?,1631,True
What abnormality is present according to the report?,1631,True
Is there any opacity?,1631,True
What are the key findings in this chest X-ray report?,1632,True
What abnormality is present according to the report?,1632,True
Is the heart size normal?,1632,True
What are the key findings in this chest X-ray report?,1633,True
What abnormality is present according to the report?,1633,True
Is the heart size normal?,1633,True
What are the key findings in this chest X-ray report?,1634,True
What abnormality is present according to the report?,1634,True
What are the key findings in this chest X-ray report?,1635,True
What abnormality is present according to the report?,1635,True
Is there any opacity?,1635,True
Is there any atelectasis?,1635,True
What are the key findings in this chest X-ray report?,1636,True
What abnormality is present according to the report?,1636,True
Is the heart size normal?,1636,True
What are the key findings in this chest X-ray report?,1637,True
What abnormality is present according to the report?,1637,True
Is there any cardiomegaly?,1637,True
What are the key findings in this chest X-ray report?,1638,True
What abnormality is present according to the report?,1638,True
Is there any cardiomegaly?,1638,True
What are the key findings in this chest X-ray report?,1639,True
What abnormality is present according to the report?,1639,True
What are the key findings in this chest X-ray report?,1640,True
What abnormality is present according to the report?,1640,True
What are the key findings in this chest X-ray report?,1641,True
What abnormality is present according to the report?,1641,True
What are the key findings in this chest X-ray report?,1642,True
What abnormality is present according to the report?,1642,True
What are the key findings in this chest X-ray report?,1643,True
What abnormality is present according to the report?,1643,True
Is the heart size normal?,1643,True
What are the key findings in this chest X-ray report?,1644,True
What abnormality is present according to the report?,1644,True
What are the key findings in this chest X-ray report?,1645,True
What abnormality is present according to the report?,1645,True
Is there any opacity?,1645,True
What are the key findings in this chest X-ray report?,1646,True
What abnormality is present according to the report?,1646,True
Is the heart size normal?,1646,True
What are the key findings in this chest X-ray report?,1647,True
What abnormality is present according to the report?,1647,True
Is the heart size normal?,1647,True
What are the key findings in this chest X-ray report?,1648,True
What abnormality is present according to the report?,1648,True
What are the key findings in this chest X-ray report?,1649,True
What abnormality is present according to the report?,1649,True
Is there any effusion?,1649,True
What are the key findings in this chest X-ray report?,1650,True
What abnormality is present according to the report?,1650,True
What are the key findings in this chest X-ray report?,1651,True
What abnormality is present according to the report?,1651,True
What are the key findings in this chest X-ray report?,1652,True
What abnormality is present according to the report?,1652,True
What are the key findings in this chest X-ray report?,1653,True
What abnormality is present according to the report?,1653,True
What are the key findings in this chest X-ray report?,1654,True
What abnormality is present according to the report?,1654,True
Is there any opacity?,1654,True
Is there any atelectasis?,1654,True
What are the key findings in this chest X-ray report?,1655,True
What abnormality is present according to the report?,1655,True
Is the heart size normal?,1655,True
What are the key findings in this chest X-ray report?,1656,True
What abnormality is present according to the report?,1656,True
Is the heart size normal?,1656,True
What are the key findings in this chest X-ray report?,1657,True
What abnormality is present according to the report?,1657,True
Is the heart size normal?,1657,True
What are the key findings in this chest X-ray report?,1658,True
What abnormality is present according to the report?,1658,True
What are the key findings in this chest X-ray report?,1659,True
What abnormality is present according to the report?,1659,True
Is the heart size normal?,1659,True
What are the key findings in this chest X-ray report?,1660,True
What abnormality is present according to the report?,1660,True
What are the key findings in this chest X-ray report?,1661,True
What abnormality is present according to the report?,1661,True
Is the heart size normal?,1661,True
What are the key findings in this chest X-ray report?,1662,True
What abnormality is present according to the report?,1662,True
What are the key findings in this chest X-ray report?,1663,True
What abnormality is present according to the report?,1663,True
Is the heart size normal?,1663,True
What are the key findings in this chest X-ray report?,1664,True
What abnormality is present according to the report?,1664,True
Is there any cardiomegaly?,1664,True
What are the key findings in this chest X-ray report?,1665,True
What abnormality is present according to the report?,1665,True
What are the key findings in this chest X-ray report?,1666,True
What abnormality is present according to the report?,1666,True
Is there any cardiomegaly?,1666,True
Is there any effusion?,1666,True
Is there any opacity?,1666,True
Is there any atelectasis?,1666,True
What are the key findings in this chest X-ray report?,1667,True
What abnormality is present according to the report?,1667,True
What are the key findings in this chest X-ray report?,1668,True
What abnormality is present according to the report?,1668,True
Is there any opacity?,1668,True
What are the key findings in this chest X-ray report?,1669,True
What abnormality is present according to the report?,1669,True
What are the key findings in this chest X-ray report?,1670,True
What abnormality is present according to the report?,1670,True
What are the key findings in this chest X-ray report?,1671,True
What abnormality is present according to the report?,1671,True
Is the heart size normal?,1671,True
What are the key findings in this chest X-ray report?,1672,True
What abnormality is present according to the report?,1672,True
Is the heart size normal?,1672,True
What are the key findings in this chest X-ray report?,1673,True
What abnormality is present according to the report?,1673,True
What are the key findings in this chest X-ray report?,1674,True
What abnormality is present according to the report?,1674,True
Is the heart size normal?,1674,True
What are the key findings in this chest X-ray report?,1675,True
What abnormality is present according to the report?,1675,True
What are the key findings in this chest X-ray report?,1676,True
What abnormality is present according to the report?,1676,True
What are the key findings in this chest X-ray report?,1677,True
What abnormality is present according to the report?,1677,True
Is the heart size normal?,1677,True
What are the key findings in this chest X-ray report?,1678,True
What abnormality is present according to the report?,1678,True
Is there any effusion?,1678,True
Is there any opacity?,1678,True
What are the key findings in this chest X-ray report?,1679,True
What abnormality is present according to the report?,1679,True
Is the heart size normal?,1679,True
What are the key findings in this chest X-ray report?,1680,True
What abnormality is present according to the report?,1680,True
What are the key findings in this chest X-ray report?,1681,True
What abnormality is present according to the report?,1681,True
Is the heart size normal?,1681,True
What are the key findings in this chest X-ray report?,1682,True
What abnormality is present according to the report?,1682,True
What are the key findings in this chest X-ray report?,1683,True
What abnormality is present according to the report?,1683,True
What are the key findings in this chest X-ray report?,1684,True
What abnormality is present according to the report?,1684,True
Is the heart size normal?,1684,True
What are the key findings in this chest X-ray report?,1685,True
What abnormality is present according to the report?,1685,True
What are the key findings in this chest X-ray report?,1686,True
What abnormality is present according to the report?,1686,True
What are the key findings in this chest X-ray report?,1687,True
What abnormality is present according to the report?,1687,True
What are the key findings in this chest X-ray report?,1688,True
What abnormality is present according to the report?,1688,True
Is the heart size normal?,1688,True
What are the key findings in this chest X-ray report?,1689,True
What abnormality is present according to the report?,1689,True
Is the heart size normal?,1689,True
What are the key findings in this chest X-ray report?,1691,True
What abnormality is present according to the report?,1691,True
Is there any pneumothorax?,1691,True
What are the key findings in this chest X-ray report?,1693,True
What abnormality is present according to the report?,1693,True
What are the key findings in this chest X-ray report?,1694,True
What abnormality is present according to the report?,1694,True
What are the key findings in this chest X-ray report?,1695,True
What abnormality is present according to the report?,1695,True
What are the key findings in this chest X-ray report?,1696,True
What abnormality is present according to the report?,1696,True
Is the heart size normal?,1696,True
What are the key findings in this chest X-ray report?,1697,True
What abnormality is present according to the report?,1697,True
Is the heart size normal?,1697,True
What are the key findings in this chest X-ray report?,1698,True
What abnormality is present according to the report?,1698,True
Is the heart size normal?,1698,True
What are the key findings in this chest X-ray report?,1699,True
What abnormality is present according to the report?,1699,True
Is there any effusion?,1699,True
What are the key findings in this chest X-ray report?,1700,True
What abnormality is present according to the report?,1700,True
What are the key findings in this chest X-ray report?,1701,True
What abnormality is present according to the report?,1701,True
Is the heart size normal?,1701,True
What are the key findings in this chest X-ray report?,1702,True
What abnormality is present according to the report?,1702,True
Is there any cardiomegaly?,1702,True
What are the key findings in this chest X-ray report?,1703,True
What abnormality is present according to the report?,1703,True
What are the key findings in this chest X-ray report?,1704,True
What abnormality is present according to the report?,1704,True
Is there any effusion?,1704,True
Is there any opacity?,1704,True
Is there any atelectasis?,1704,True
What are the key findings in this chest X-ray report?,1705,True
What abnormality is present according to the report?,1705,True
Is the heart size normal?,1705,True
What are the key findings in this chest X-ray report?,1706,True
What abnormality is present according to the report?,1706,True
What are the key findings in this chest X-ray report?,1707,True
What abnormality is present according to the report?,1707,True
Is the heart size normal?,1707,True
What are the key findings in this chest X-ray report?,1708,True
What abnormality is present according to the report?,1708,True
What are the key findings in this chest X-ray report?,1709,True
What abnormality is present according to the report?,1709,True
Is there any opacity?,1709,True
What are the key findings in this chest X-ray report?,1710,True
What abnormality is present according to the report?,1710,True
Is the heart size normal?,1710,True
What are the key findings in this chest X-ray report?,1711,True
What abnormality is present according to the report?,1711,True
What are the key findings in this chest X-ray report?,1712,True
What abnormality is present according to the report?,1712,True
What are the key findings in this chest X-ray report?,1713,True
What abnormality is present according to the report?,1713,True
Is the heart size normal?,1713,True
What are the key findings in this chest X-ray report?,1714,True
What abnormality is present according to the report?,1714,True
What are the key findings in this chest X-ray report?,1715,True
What abnormality is present according to the report?,1715,True
What are the key findings in this chest X-ray report?,1716,True
What abnormality is present according to the report?,1716,True
Is the heart size normal?,1716,True
What are the key findings in this chest X-ray report?,1717,True
What abnormality is present according to the report?,1717,True
What are the key findings in this chest X-ray report?,1718,True
What abnormality is present according to the report?,1718,True
Is there any opacity?,1718,True
What are the key findings in this chest X-ray report?,1719,True
What abnormality is present according to the report?,1719,True
Is the heart size normal?,1719,True
What are the key findings in this chest X-ray report?,1720,True
What abnormality is present according to the report?,1720,True
Is there any opacity?,1720,True
What are the key findings in this chest X-ray report?,1721,True
What abnormality is present according to the report?,1721,True
Is the heart size normal?,1721,True
What are the key findings in this chest X-ray report?,1722,True
What abnormality is present according to the report?,1722,True
What are the key findings in this chest X-ray report?,1723,True
What abnormality is present according to the report?,1723,True
What are the key findings in this chest X-ray report?,1724,True
What abnormality is present according to the report?,1724,True
What are the key findings in this chest X-ray report?,1725,True
What abnormality is present according to the report?,1725,True
Is there any opacity?,1725,True
What are the key findings in this chest X-ray report?,1726,True
What abnormality is present according to the report?,1726,True
Is the heart size normal?,1726,True
What are the key findings in this chest X-ray report?,1727,True
What abnormality is present according to the report?,1727,True
Is there any opacity?,1727,True
Is there any atelectasis?,1727,True
What are the key findings in this chest X-ray report?,1728,True
What abnormality is present according to the report?,1728,True
Is there any opacity?,1728,True
What are the key findings in this chest X-ray report?,1729,True
What abnormality is present according to the report?,1729,True
What are the key findings in this chest X-ray report?,1730,True
What abnormality is present according to the report?,1730,True
What are the key findings in this chest X-ray report?,1731,True
What abnormality is present according to the report?,1731,True
What are the key findings in this chest X-ray report?,1732,True
What abnormality is present according to the report?,1732,True
Is the heart size normal?,1732,True
What are the key findings in this chest X-ray report?,1733,True
What abnormality is present according to the report?,1733,True
Is there any effusion?,1733,True
Is there any opacity?,1733,True
Is there any atelectasis?,1733,True
What are the key findings in this chest X-ray report?,1734,True
What abnormality is present according to the report?,1734,True
Is the heart size normal?,1734,True
What are the key findings in this chest X-ray report?,1735,True
What abnormality is present according to the report?,1735,True
What are the key findings in this chest X-ray report?,1736,True
What abnormality is present according to the report?,1736,True
What are the key findings in this chest X-ray report?,1737,True
What abnormality is present according to the report?,1737,True
Is the heart size normal?,1737,True
What are the key findings in this chest X-ray report?,1738,True
What abnormality is present according to the report?,1738,True
What are the key findings in this chest X-ray report?,1739,True
What abnormality is present according to the report?,1739,True
Is there any opacity?,1739,True
Is there any atelectasis?,1739,True
What are the key findings in this chest X-ray report?,1740,True
What abnormality is present according to the report?,1740,True
Is there any opacity?,1740,True
What are the key findings in this chest X-ray report?,1742,True
What abnormality is present according to the report?,1742,True
Is there any cardiomegaly?,1742,True
What are the key findings in this chest X-ray report?,1743,True
What abnormality is present according to the report?,1743,True
Is there any cardiomegaly?,1743,True
What are the key findings in this chest X-ray report?,1744,True
What abnormality is present according to the report?,1744,True
Is the heart size normal?,1744,True
What are the key findings in this chest X-ray report?,1745,True
What abnormality is present according to the report?,1745,True
Is the heart size normal?,1745,True
What are the key findings in this chest X-ray report?,1746,True
What abnormality is present according to the report?,1746,True
Is the heart size normal?,1746,True
What are the key findings in this chest X-ray report?,1747,True
What abnormality is present according to the report?,1747,True
Is there any opacity?,1747,True
What are the key findings in this chest X-ray report?,1748,True
What abnormality is present according to the report?,1748,True
Is the heart size normal?,1748,True
What are the key findings in this chest X-ray report?,1750,True
What abnormality is present according to the report?,1750,True
Is there any opacity?,1750,True
What are the key findings in this chest X-ray report?,1751,True
What abnormality is present according to the report?,1751,True
Is the heart size normal?,1751,True
What are the key findings in this chest X-ray report?,1752,True
What abnormality is present according to the report?,1752,True
Is there any opacity?,1752,True
What are the key findings in this chest X-ray report?,1753,True
What abnormality is present according to the report?,1753,True
Is there any cardiomegaly?,1753,True
What are the key findings in this chest X-ray report?,1754,True
What abnormality is present according to the report?,1754,True
Is there any opacity?,1754,True
What are the key findings in this chest X-ray report?,1755,True
What abnormality is present according to the report?,1755,True
What are the key findings in this chest X-ray report?,1756,True
What abnormality is present according to the report?,1756,True
Is the heart size normal?,1756,True
What are the key findings in this chest X-ray report?,1757,True
What abnormality is present according to the report?,1757,True
Is the heart size normal?,1757,True
What are the key findings in this chest X-ray report?,1758,True
What abnormality is present according to the report?,1758,True
What are the key findings in this chest X-ray report?,1759,True
What abnormality is present according to the report?,1759,True
What are the key findings in this chest X-ray report?,1760,True
What abnormality is present according to the report?,1760,True
Is there any cardiomegaly?,1760,True
Is there any atelectasis?,1760,True
What are the key findings in this chest X-ray report?,1762,True
What abnormality is present according to the report?,1762,True
What are the key findings in this chest X-ray report?,1763,True
What abnormality is present according to the report?,1763,True
What are the key findings in this chest X-ray report?,1764,True
What abnormality is present according to the report?,1764,True
What are the key findings in this chest X-ray report?,1765,True
What abnormality is present according to the report?,1765,True
What are the key findings in this chest X-ray report?,1766,True
What abnormality is present according to the report?,1766,True
Is the heart size normal?,1766,True
What are the key findings in this chest X-ray report?,1767,True
What abnormality is present according to the report?,1767,True
What are the key findings in this chest X-ray report?,1768,True
What abnormality is present according to the report?,1768,True
What are the key findings in this chest X-ray report?,1769,True
What abnormality is present according to the report?,1769,True
Is there any effusion?,1769,True
Is there any atelectasis?,1769,True
What are the key findings in this chest X-ray report?,1770,True
What abnormality is present according to the report?,1770,True
Is the heart size normal?,1770,True
What are the key findings in this chest X-ray report?,1771,True
What abnormality is present according to the report?,1771,True
What are the key findings in this chest X-ray report?,1773,True
What abnormality is present according to the report?,1773,True
What are the key findings in this chest X-ray report?,1774,True
What abnormality is present according to the report?,1774,True
What are the key findings in this chest X-ray report?,1775,True
What abnormality is present according to the report?,1775,True
Is the heart size normal?,1775,True
What are the key findings in this chest X-ray report?,1776,True
What abnormality is present according to the report?,1776,True
What are the key findings in this chest X-ray report?,1777,True
What abnormality is present according to the report?,1777,True
Is there any opacity?,1777,True
What are the key findings in this chest X-ray report?,1779,True
What abnormality is present according to the report?,1779,True
Is the heart size normal?,1779,True
What are the key findings in this chest X-ray report?,1780,True
What abnormality is present according to the report?,1780,True
Is the heart size normal?,1780,True
What are the key findings in this chest X-ray report?,1781,True
What abnormality is present according to the report?,1781,True
What are the key findings in this chest X-ray report?,1782,True
What abnormality is present according to the report?,1782,True
What are the key findings in this chest X-ray report?,1783,True
What abnormality is present according to the report?,1783,True
What are the key findings in this chest X-ray report?,1784,True
What abnormality is present according to the report?,1784,True
What are the key findings in this chest X-ray report?,1785,True
What abnormality is present according to the report?,1785,True
What are the key findings in this chest X-ray report?,1786,True
What abnormality is present according to the report?,1786,True
What are the key findings in this chest X-ray report?,1787,True
What abnormality is present according to the report?,1787,True
What are the key findings in this chest X-ray report?,1788,True
What abnormality is present according to the report?,1788,True
Is the heart size normal?,1788,True
What are the key findings in this chest X-ray report?,1789,True
What abnormality is present according to the report?,1789,True
What are the key findings in this chest X-ray report?,1790,True
What abnormality is present according to the report?,1790,True
Is the heart size normal?,1790,True
What are the key findings in this chest X-ray report?,1791,True
What abnormality is present according to the report?,1791,True
What are the key findings in this chest X-ray report?,1792,True
What abnormality is present according to the report?,1792,True
Is there any effusion?,1792,True
Is there any opacity?,1792,True
Is there any atelectasis?,1792,True
What are the key findings in this chest X-ray report?,1793,True
What abnormality is present according to the report?,1793,True
Is the heart size normal?,1793,True
What are the key findings in this chest X-ray report?,1794,True
What abnormality is present according to the report?,1794,True
Is the heart size normal?,1794,True
What are the key findings in this chest X-ray report?,1795,True
What abnormality is present according to the report?,1795,True
Is there any cardiomegaly?,1795,True
What are the key findings in this chest X-ray report?,1796,True
What abnormality is present according to the report?,1796,True
Is the heart size normal?,1796,True
What are the key findings in this chest X-ray report?,1797,True
What abnormality is present according to the report?,1797,True
What are the key findings in this chest X-ray report?,1798,True
What abnormality is present according to the report?,1798,True
What are the key findings in this chest X-ray report?,1799,True
What abnormality is present according to the report?,1799,True
Is the heart size normal?,1799,True
What are the key findings in this chest X-ray report?,1800,True
What abnormality is present according to the report?,1800,True
What are the key findings in this chest X-ray report?,1801,True
What abnormality is present according to the report?,1801,True
Is there any cardiomegaly?,1801,True
What are the key findings in this chest X-ray report?,1802,True
What abnormality is present according to the report?,1802,True
Is the heart size normal?,1802,True
What are the key findings in this chest X-ray report?,1803,True
What abnormality is present according to the report?,1803,True
What are the key findings in this chest X-ray report?,1804,True
What abnormality is present according to the report?,1804,True
What are the key findings in this chest X-ray report?,1805,True
What abnormality is present according to the report?,1805,True
Is the heart size normal?,1805,True
What are the key findings in this chest X-ray report?,1806,True
What abnormality is present according to the report?,1806,True
What are the key findings in this chest X-ray report?,1807,True
What abnormality is present according to the report?,1807,True
Is there any cardiomegaly?,1807,True
Is there any edema?,1807,True
What are the key findings in this chest X-ray report?,1808,True
What abnormality is present according to the report?,1808,True
What are the key findings in this chest X-ray report?,1809,True
What abnormality is present according to the report?,1809,True
Is the heart size normal?,1809,True
What are the key findings in this chest X-ray report?,1810,True
What abnormality is present according to the report?,1810,True
Is the heart size normal?,1810,True
What are the key findings in this chest X-ray report?,1811,True
What abnormality is present according to the report?,1811,True
Is there any cardiomegaly?,1811,True
What are the key findings in this chest X-ray report?,1812,True
What abnormality is present according to the report?,1812,True
Is the heart size normal?,1812,True
What are the key findings in this chest X-ray report?,1813,True
What abnormality is present according to the report?,1813,True
Is the heart size normal?,1813,True
What are the key findings in this chest X-ray report?,1814,True
What abnormality is present according to the report?,1814,True
Is the heart size normal?,1814,True
What are the key findings in this chest X-ray report?,1815,True
What abnormality is present according to the report?,1815,True
What are the key findings in this chest X-ray report?,1816,True
What abnormality is present according to the report?,1816,True
What are the key findings in this chest X-ray report?,1817,True
What abnormality is present according to the report?,1817,True
Is there any opacity?,1817,True
What are the key findings in this chest X-ray report?,1818,True
What abnormality is present according to the report?,1818,True
Is there any atelectasis?,1818,True
What are the key findings in this chest X-ray report?,1819,True
What abnormality is present according to the report?,1819,True
Is there any cardiomegaly?,1819,True
Is there any atelectasis?,1819,True
What are the key findings in this chest X-ray report?,1820,True
What abnormality is present according to the report?,1820,True
What are the key findings in this chest X-ray report?,1821,True
What abnormality is present according to the report?,1821,True
What are the key findings in this chest X-ray report?,1822,True
What abnormality is present according to the report?,1822,True
What are the key findings in this chest X-ray report?,1823,True
What abnormality is present according to the report?,1823,True
What are the key findings in this chest X-ray report?,1824,True
What abnormality is present according to the report?,1824,True
Is the heart size normal?,1824,True
What are the key findings in this chest X-ray report?,1825,True
What abnormality is present according to the report?,1825,True
What are the key findings in this chest X-ray report?,1826,True
What abnormality is present according to the report?,1826,True
Is the heart size normal?,1826,True
What are the key findings in this chest X-ray report?,1827,True
What abnormality is present according to the report?,1827,True
Is the heart size normal?,1827,True
What are the key findings in this chest X-ray report?,1828,True
What abnormality is present according to the report?,1828,True
Is the heart size normal?,1828,True
What are the key findings in this chest X-ray report?,1829,True
What abnormality is present according to the report?,1829,True
Is there any effusion?,1829,True
What are the key findings in this chest X-ray report?,1830,True
What abnormality is present according to the report?,1830,True
What are the key findings in this chest X-ray report?,1831,True
What abnormality is present according to the report?,1831,True
Is the heart size normal?,1831,True
What are the key findings in this chest X-ray report?,1832,True
What abnormality is present according to the report?,1832,True
Is there any cardiomegaly?,1832,True
Is there any opacity?,1832,True
Is there any atelectasis?,1832,True
What are the key findings in this chest X-ray report?,1833,True
What abnormality is present according to the report?,1833,True
Is there any atelectasis?,1833,True
What are the key findings in this chest X-ray report?,1834,True
What abnormality is present according to the report?,1834,True
Is the heart size normal?,1834,True
What are the key findings in this chest X-ray report?,1835,True
What abnormality is present according to the report?,1835,True
What are the key findings in this chest X-ray report?,1836,True
What abnormality is present according to the report?,1836,True
What are the key findings in this chest X-ray report?,1837,True
What abnormality is present according to the report?,1837,True
Is the heart size normal?,1837,True
What are the key findings in this chest X-ray report?,1838,True
What abnormality is present according to the report?,1838,True
What are the key findings in this chest X-ray report?,1839,True
What abnormality is present according to the report?,1839,True
What are the key findings in this chest X-ray report?,1840,True
What abnormality is present according to the report?,1840,True
Is there any opacity?,1840,True
What are the key findings in this chest X-ray report?,1841,True
What abnormality is present according to the report?,1841,True
What are the key findings in this chest X-ray report?,1842,True
What abnormality is present according to the report?,1842,True
What are the key findings in this chest X-ray report?,1843,True
What abnormality is present according to the report?,1843,True
Is the heart size normal?,1843,True
What are the key findings in this chest X-ray report?,1844,True
What abnormality is present according to the report?,1844,True
What are the key findings in this chest X-ray report?,1845,True
What abnormality is present according to the report?,1845,True
Is there any effusion?,1845,True
What are the key findings in this chest X-ray report?,1846,True
What abnormality is present according to the report?,1846,True
What are the key findings in this chest X-ray report?,1847,True
What abnormality is present according to the report?,1847,True
What are the key findings in this chest X-ray report?,1848,True
What abnormality is present according to the report?,1848,True
What are the key findings in this chest X-ray report?,1849,True
What abnormality is present according to the report?,1849,True
What are the key findings in this chest X-ray report?,1850,True
What abnormality is present according to the report?,1850,True
Is the heart size normal?,1850,True
What are the key findings in this chest X-ray report?,1851,True
What abnormality is present according to the report?,1851,True
Is the heart size normal?,1851,True
What are the key findings in this chest X-ray report?,1852,True
What abnormality is present according to the report?,1852,True
Is the heart size normal?,1852,True
What are the key findings in this chest X-ray report?,1853,True
What abnormality is present according to the report?,1853,True
Is the heart size normal?,1853,True
What are the key findings in this chest X-ray report?,1854,True
What abnormality is present according to the report?,1854,True
Is the heart size normal?,1854,True
What are the key findings in this chest X-ray report?,1855,True
What abnormality is present according to the report?,1855,True
Is there any opacity?,1855,True
What are the key findings in this chest X-ray report?,1856,True
What abnormality is present according to the report?,1856,True
Is the heart size normal?,1856,True
What are the key findings in this chest X-ray report?,1857,True
What abnormality is present according to the report?,1857,True
Is there any cardiomegaly?,1857,True
What are the key findings in this chest X-ray report?,1859,True
What abnormality is present according to the report?,1859,True
What are the key findings in this chest X-ray report?,1860,True
What abnormality is present according to the report?,1860,True
What are the key findings in this chest X-ray report?,1861,True
What abnormality is present according to the report?,1861,True
Is the heart size normal?,1861,True
What are the key findings in this chest X-ray report?,1863,True
What abnormality is present according to the report?,1863,True
Is there any cardiomegaly?,1863,True
Is there any atelectasis?,1863,True
What are the key findings in this chest X-ray report?,1864,True
What abnormality is present according to the report?,1864,True
Is there any cardiomegaly?,1864,True
What are the key findings in this chest X-ray report?,1865,True
What abnormality is present according to the report?,1865,True
What are the key findings in this chest X-ray report?,1866,True
What abnormality is present according to the report?,1866,True
What are the key findings in this chest X-ray report?,1867,True
What abnormality is present according to the report?,1867,True
Is there any cardiomegaly?,1867,True
Is there any effusion?,1867,True
Is there any opacity?,1867,True
Is there any atelectasis?,1867,True
What are the key findings in this chest X-ray report?,1868,True
What abnormality is present according to the report?,1868,True
Is there any effusion?,1868,True
What are the key findings in this chest X-ray report?,1870,True
What abnormality is present according to the report?,1870,True
Is there any cardiomegaly?,1870,True
What are the key findings in this chest X-ray report?,1871,True
What abnormality is present according to the report?,1871,True
Is the heart size normal?,1871,True
What are the key findings in this chest X-ray report?,1872,True
What abnormality is present according to the report?,1872,True
What are the key findings in this chest X-ray report?,1873,True
What abnormality is present according to the report?,1873,True
What are the key findings in this chest X-ray report?,1874,True
What abnormality is present according to the report?,1874,True
Is there any opacity?,1874,True
Is there any pneumothorax?,1874,True
Is there any atelectasis?,1874,True
What are the key findings in this chest X-ray report?,1875,True
What abnormality is present according to the report?,1875,True
What are the key findings in this chest X-ray report?,1876,True
What abnormality is present according to the report?,1876,True
What are the key findings in this chest X-ray report?,1877,True
What abnormality is present according to the report?,1877,True
Is the heart size normal?,1877,True
What are the key findings in this chest X-ray report?,1878,True
What abnormality is present according to the report?,1878,True
What are the key findings in this chest X-ray report?,1879,True
What abnormality is present according to the report?,1879,True
Is the heart size normal?,1879,True
What are the key findings in this chest X-ray report?,1880,True
What abnormality is present according to the report?,1880,True
What are the key findings in this chest X-ray report?,1881,True
What abnormality is present according to the report?,1881,True
What are the key findings in this chest X-ray report?,1882,True
What abnormality is present according to the report?,1882,True
Is the heart size normal?,1882,True
What are the key findings in this chest X-ray report?,1883,True
What abnormality is present according to the report?,1883,True
What are the key findings in this chest X-ray report?,1884,True
What abnormality is present according to the report?,1884,True
What are the key findings in this chest X-ray report?,1885,True
What abnormality is present according to the report?,1885,True
Is the heart size normal?,1885,True
What are the key findings in this chest X-ray report?,1886,True
What abnormality is present according to the report?,1886,True
What are the key findings in this chest X-ray report?,1887,True
What abnormality is present according to the report?,1887,True
What are the key findings in this chest X-ray report?,1888,True
What abnormality is present according to the report?,1888,True
What are the key findings in this chest X-ray report?,1889,True
What abnormality is present according to the report?,1889,True
Is there any atelectasis?,1889,True
What are the key findings in this chest X-ray report?,1891,True
What abnormality is present according to the report?,1891,True
What are the key findings in this chest X-ray report?,1892,True
What abnormality is present according to the report?,1892,True
What are the key findings in this chest X-ray report?,1893,True
What abnormality is present according to the report?,1893,True
What are the key findings in this chest X-ray report?,1894,True
What abnormality is present according to the report?,1894,True
Is there any opacity?,1894,True
What are the key findings in this chest X-ray report?,1895,True
What abnormality is present according to the report?,1895,True
What are the key findings in this chest X-ray report?,1896,True
What abnormality is present according to the report?,1896,True
Is the heart size normal?,1896,True
What are the key findings in this chest X-ray report?,1897,True
What abnormality is present according to the report?,1897,True
What are the key findings in this chest X-ray report?,1898,True
What abnormality is present according to the report?,1898,True
Is there any cardiomegaly?,1898,True
Is there any edema?,1898,True
What are the key findings in this chest X-ray report?,1899,True
What abnormality is present according to the report?,1899,True
Is the heart size normal?,1899,True
What are the key findings in this chest X-ray report?,1900,True
What abnormality is present according to the report?,1900,True
What are the key findings in this chest X-ray report?,1901,True
What abnormality is present according to the report?,1901,True
What are the key findings in this chest X-ray report?,1902,True
What abnormality is present according to the report?,1902,True
Is the heart size normal?,1902,True
What are the key findings in this chest X-ray report?,1903,True
What abnormality is present according to the report?,1903,True
Is the heart size normal?,1903,True
What are the key findings in this chest X-ray report?,1904,True
What abnormality is present according to the report?,1904,True
What are the key findings in this chest X-ray report?,1905,True
What abnormality is present according to the report?,1905,True
What are the key findings in this chest X-ray report?,1906,True
What abnormality is present according to the report?,1906,True
Is there any cardiomegaly?,1906,True
Is there any opacity?,1906,True
What are the key findings in this chest X-ray report?,1907,True
What abnormality is present according to the report?,1907,True
Is the heart size normal?,1907,True
What are the key findings in this chest X-ray report?,1908,True
What abnormality is present according to the report?,1908,True
Is there any opacity?,1908,True
What are the key findings in this chest X-ray report?,1909,True
What abnormality is present according to the report?,1909,True
Is there any cardiomegaly?,1909,True
What are the key findings in this chest X-ray report?,1910,True
What abnormality is present according to the report?,1910,True
What are the key findings in this chest X-ray report?,1911,True
What abnormality is present according to the report?,1911,True
Is the heart size normal?,1911,True
What are the key findings in this chest X-ray report?,1912,True
What abnormality is present according to the report?,1912,True
Is the heart size normal?,1912,True
What are the key findings in this chest X-ray report?,1913,True
What abnormality is present according to the report?,1913,True
What are the key findings in this chest X-ray report?,1914,True
What abnormality is present according to the report?,1914,True
Is there any opacity?,1914,True
What are the key findings in this chest X-ray report?,1915,True
What abnormality is present according to the report?,1915,True
Is the heart size normal?,1915,True
What are the key findings in this chest X-ray report?,1916,True
What abnormality is present according to the report?,1916,True
What are the key findings in this chest X-ray report?,1918,True
What abnormality is present according to the report?,1918,True
Is there any opacity?,1918,True
What are the key findings in this chest X-ray report?,1919,True
What abnormality is present according to the report?,1919,True
Is there any atelectasis?,1919,True
What are the key findings in this chest X-ray report?,1920,True
What abnormality is present according to the report?,1920,True
Is the heart size normal?,1920,True
What are the key findings in this chest X-ray report?,1921,True
What abnormality is present according to the report?,1921,True
What are the key findings in this chest X-ray report?,1922,True
What abnormality is present according to the report?,1922,True
Is the heart size normal?,1922,True
What are the key findings in this chest X-ray report?,1923,True
What abnormality is present according to the report?,1923,True
Is there any cardiomegaly?,1923,True
What are the key findings in this chest X-ray report?,1924,True
What abnormality is present according to the report?,1924,True
What are the key findings in this chest X-ray report?,1925,True
What abnormality is present according to the report?,1925,True
What are the key findings in this chest X-ray report?,1926,True
What abnormality is present according to the report?,1926,True
What are the key findings in this chest X-ray report?,1927,True
What abnormality is present according to the report?,1927,True
What are the key findings in this chest X-ray report?,1928,True
What abnormality is present according to the report?,1928,True
Is the heart size normal?,1928,True
What are the key findings in this chest X-ray report?,1929,True
What abnormality is present according to the report?,1929,True
Is there any opacity?,1929,True
Is there any atelectasis?,1929,True
What are the key findings in this chest X-ray report?,1930,True
What abnormality is present according to the report?,1930,True
What are the key findings in this chest X-ray report?,1931,True
What abnormality is present according to the report?,1931,True
Is the heart size normal?,1931,True
What are the key findings in this chest X-ray report?,1932,True
What abnormality is present according to the report?,1932,True
Is the heart size normal?,1932,True
What are the key findings in this chest X-ray report?,1933,True
What abnormality is present according to the report?,1933,True
What are the key findings in this chest X-ray report?,1934,True
What abnormality is present according to the report?,1934,True
What are the key findings in this chest X-ray report?,1935,True
What abnormality is present according to the report?,1935,True
Is there any cardiomegaly?,1935,True
What are the key findings in this chest X-ray report?,1936,True
What abnormality is present according to the report?,1936,True
Is there any cardiomegaly?,1936,True
What are the key findings in this chest X-ray report?,1937,True
What abnormality is present according to the report?,1937,True
Is the heart size normal?,1937,True
What are the key findings in this chest X-ray report?,1938,True
What abnormality is present according to the report?,1938,True
Is the heart size normal?,1938,True
What are the key findings in this chest X-ray report?,1939,True
What abnormality is present according to the report?,1939,True
Is there any opacity?,1939,True
What are the key findings in this chest X-ray report?,1940,True
What abnormality is present according to the report?,1940,True
Is the heart size normal?,1940,True
What are the key findings in this chest X-ray report?,1941,True
What abnormality is present according to the report?,1941,True
Is there any cardiomegaly?,1941,True
Is there any opacity?,1941,True
What are the key findings in this chest X-ray report?,1942,True
What abnormality is present according to the report?,1942,True
Is there any cardiomegaly?,1942,True
What are the key findings in this chest X-ray report?,1943,True
What abnormality is present according to the report?,1943,True
What are the key findings in this chest X-ray report?,1944,True
What abnormality is present according to the report?,1944,True
What are the key findings in this chest X-ray report?,1945,True
What abnormality is present according to the report?,1945,True
Is there any opacity?,1945,True
Is there any atelectasis?,1945,True
What are the key findings in this chest X-ray report?,1946,True
What abnormality is present according to the report?,1946,True
What are the key findings in this chest X-ray report?,1947,True
What abnormality is present according to the report?,1947,True
What are the key findings in this chest X-ray report?,1948,True
What abnormality is present according to the report?,1948,True
Is the heart size normal?,1948,True
What are the key findings in this chest X-ray report?,1949,True
What abnormality is present according to the report?,1949,True
What are the key findings in this chest X-ray report?,1950,True
What abnormality is present according to the report?,1950,True
Is the heart size normal?,1950,True
What are the key findings in this chest X-ray report?,1951,True
What abnormality is present according to the report?,1951,True
Is the heart size normal?,1951,True
What are the key findings in this chest X-ray report?,1952,True
What abnormality is present according to the report?,1952,True
Is there any opacity?,1952,True
Is there any atelectasis?,1952,True
What are the key findings in this chest X-ray report?,1953,True
What abnormality is present according to the report?,1953,True
Is the heart size normal?,1953,True
What are the key findings in this chest X-ray report?,1954,True
What abnormality is present according to the report?,1954,True
Is the heart size normal?,1954,True
What are the key findings in this chest X-ray report?,1956,True
What abnormality is present according to the report?,1956,True
Is the heart size normal?,1956,True
What are the key findings in this chest X-ray report?,1957,True
What abnormality is present according to the report?,1957,True
Is there any effusion?,1957,True
Is there any opacity?,1957,True
What are the key findings in this chest X-ray report?,1958,True
What abnormality is present according to the report?,1958,True
What are the key findings in this chest X-ray report?,1959,True
What abnormality is present according to the report?,1959,True
What are the key findings in this chest X-ray report?,1960,True
What abnormality is present according to the report?,1960,True
Is the heart size normal?,1960,True
What are the key findings in this chest X-ray report?,1961,True
What abnormality is present according to the report?,1961,True
Is there any cardiomegaly?,1961,True
Is there any atelectasis?,1961,True
What are the key findings in this chest X-ray report?,1962,True
What abnormality is present according to the report?,1962,True
What are the key findings in this chest X-ray report?,1963,True
What abnormality is present according to the report?,1963,True
Is the heart size normal?,1963,True
What are the key findings in this chest X-ray report?,1964,True
What abnormality is present according to the report?,1964,True
Is the heart size normal?,1964,True
What are the key findings in this chest X-ray report?,1965,True
What abnormality is present according to the report?,1965,True
Is there any cardiomegaly?,1965,True
Is there any opacity?,1965,True
Is there any edema?,1965,True
What are the key findings in this chest X-ray report?,1966,True
What abnormality is present according to the report?,1966,True
Is the heart size normal?,1966,True
What are the key findings in this chest X-ray report?,1967,True
What abnormality is present according to the report?,1967,True
Is there any opacity?,1967,True
Is there any atelectasis?,1967,True
What are the key findings in this chest X-ray report?,1968,True
What abnormality is present according to the report?,1968,True
What are the key findings in this chest X-ray report?,1969,True
What abnormality is present according to the report?,1969,True
Is the heart size normal?,1969,True
What are the key findings in this chest X-ray report?,1970,True
What abnormality is present according to the report?,1970,True
Is there any cardiomegaly?,1970,True
What are the key findings in this chest X-ray report?,1971,True
What abnormality is present according to the report?,1971,True
Is the heart size normal?,1971,True
What are the key findings in this chest X-ray report?,1972,True
What abnormality is present according to the report?,1972,True
Is there any opacity?,1972,True
What are the key findings in this chest X-ray report?,1973,True
What abnormality is present according to the report?,1973,True
What are the key findings in this chest X-ray report?,1974,True
What abnormality is present according to the report?,1974,True
Is the heart size normal?,1974,True
What are the key findings in this chest X-ray report?,1975,True
What abnormality is present according to the report?,1975,True
Is the heart size normal?,1975,True
What are the key findings in this chest X-ray report?,1976,True
What abnormality is present according to the report?,1976,True
Is there any opacity?,1976,True
What are the key findings in this chest X-ray report?,1977,True
What abnormality is present according to the report?,1977,True
Is there any atelectasis?,1977,True
What are the key findings in this chest X-ray report?,1978,True
What abnormality is present according to the report?,1978,True
What are the key findings in this chest X-ray report?,1979,True
What abnormality is present according to the report?,1979,True
Is the heart size normal?,1979,True
What are the key findings in this chest X-ray report?,1980,True
What abnormality is present according to the report?,1980,True
Is the heart size normal?,1980,True
What are the key findings in this chest X-ray report?,1981,True
What abnormality is present according to the report?,1981,True
What are the key findings in this chest X-ray report?,1982,True
What abnormality is present according to the report?,1982,True
Is there any opacity?,1982,True
Is there any atelectasis?,1982,True
What are the key findings in this chest X-ray report?,1983,True
What abnormality is present according to the report?,1983,True
Is the heart size normal?,1983,True
What are the key findings in this chest X-ray report?,1984,True
What abnormality is present according to the report?,1984,True
What are the key findings in this chest X-ray report?,1985,True
What abnormality is present according to the report?,1985,True
Is the heart size normal?,1985,True
What are the key findings in this chest X-ray report?,1986,True
What abnormality is present according to the report?,1986,True
Is there any opacity?,1986,True
What are the key findings in this chest X-ray report?,1987,True
What abnormality is present according to the report?,1987,True
Is the heart size normal?,1987,True
What are the key findings in this chest X-ray report?,1988,True
What abnormality is present according to the report?,1988,True
Is there any opacity?,1988,True
What are the key findings in this chest X-ray report?,1990,True
What abnormality is present according to the report?,1990,True
Is there any cardiomegaly?,1990,True
What are the key findings in this chest X-ray report?,1991,True
What abnormality is present according to the report?,1991,True
Is there any opacity?,1991,True
Is there any atelectasis?,1991,True
What are the key findings in this chest X-ray report?,1992,True
What abnormality is present according to the report?,1992,True
Is there any cardiomegaly?,1992,True
What are the key findings in this chest X-ray report?,1993,True
What abnormality is present according to the report?,1993,True
What are the key findings in this chest X-ray report?,1994,True
What abnormality is present according to the report?,1994,True
Is the heart size normal?,1994,True
What are the key findings in this chest X-ray report?,1995,True
What abnormality is present according to the report?,1995,True
Is the heart size normal?,1995,True
What are the key findings in this chest X-ray report?,1997,True
What abnormality is present according to the report?,1997,True
Is the heart size normal?,1997,True
What are the key findings in this chest X-ray report?,1999,True
What abnormality is present according to the report?,1999,True
Is the heart size normal?,1999,True
What are the key findings in this chest X-ray report?,2000,True
What abnormality is present according to the report?,2000,True
Is the heart size normal?,2000,True
What are the key findings in this chest X-ray report?,2001,True
What abnormality is present according to the report?,2001,True
Is there any atelectasis?,2001,True
What are the key findings in this chest X-ray report?,2002,True
What abnormality is present according to the report?,2002,True
What are the key findings in this chest X-ray report?,2003,True
What abnormality is present according to the report?,2003,True
Is there any cardiomegaly?,2003,True
What are the key findings in this chest X-ray report?,2005,True
What abnormality is present according to the report?,2005,True
Is the heart size normal?,2005,True
What are the key findings in this chest X-ray report?,2006,True
What abnormality is present according to the report?,2006,True
Is there any cardiomegaly?,2006,True
What are the key findings in this chest X-ray report?,2007,True
What abnormality is present according to the report?,2007,True
What are the key findings in this chest X-ray report?,2008,True
What abnormality is present according to the report?,2008,True
Is the heart size normal?,2008,True
What are the key findings in this chest X-ray report?,2010,True
What abnormality is present according to the report?,2010,True
Is the heart size normal?,2010,True
What are the key findings in this chest X-ray report?,2011,True
What abnormality is present according to the report?,2011,True
What are the key findings in this chest X-ray report?,2012,True
What abnormality is present according to the report?,2012,True
Is the heart size normal?,2012,True
What are the key findings in this chest X-ray report?,2013,True
What abnormality is present according to the report?,2013,True
Is there any atelectasis?,2013,True
What are the key findings in this chest X-ray report?,2014,True
What abnormality is present according to the report?,2014,True
What are the key findings in this chest X-ray report?,2015,True
What abnormality is present according to the report?,2015,True
Is the heart size normal?,2015,True
What are the key findings in this chest X-ray report?,2016,True
What abnormality is present according to the report?,2016,True
Is the heart size normal?,2016,True
What are the key findings in this chest X-ray report?,2017,True
What abnormality is present according to the report?,2017,True
Is the heart size normal?,2017,True
What are the key findings in this chest X-ray report?,2018,True
What abnormality is present according to the report?,2018,True
What are the key findings in this chest X-ray report?,2019,True
What abnormality is present according to the report?,2019,True
Is the heart size normal?,2019,True
What are the key findings in this chest X-ray report?,2020,True
What abnormality is present according to the report?,2020,True
Is the heart size normal?,2020,True
What are the key findings in this chest X-ray report?,2021,True
What abnormality is present according to the report?,2021,True
Is there any cardiomegaly?,2021,True
What are the key findings in this chest X-ray report?,2022,True
What abnormality is present according to the report?,2022,True
What are the key findings in this chest X-ray report?,2023,True
What abnormality is present according to the report?,2023,True
Is the heart size normal?,2023,True
What are the key findings in this chest X-ray report?,2024,True
What abnormality is present according to the report?,2024,True
Is the heart size normal?,2024,True
What are the key findings in this chest X-ray report?,2025,True
What abnormality is present according to the report?,2025,True
Is the heart size normal?,2025,True
What are the key findings in this chest X-ray report?,2026,True
What abnormality is present according to the report?,2026,True
Is the heart size normal?,2026,True
What are the key findings in this chest X-ray report?,2027,True
What abnormality is present according to the report?,2027,True
What are the key findings in this chest X-ray report?,2028,True
What abnormality is present according to the report?,2028,True
Is the heart size normal?,2028,True
What are the key findings in this chest X-ray report?,2029,True
What abnormality is present according to the report?,2029,True
Is the heart size normal?,2029,True
What are the key findings in this chest X-ray report?,2030,True
What abnormality is present according to the report?,2030,True
What are the key findings in this chest X-ray report?,2031,True
What abnormality is present according to the report?,2031,True
Is the heart size normal?,2031,True
What are the key findings in this chest X-ray report?,2032,True
What abnormality is present according to the report?,2032,True
Is the heart size normal?,2032,True
What are the key findings in this chest X-ray report?,2033,True
What abnormality is present according to the report?,2033,True
What are the key findings in this chest X-ray report?,2034,True
What abnormality is present according to the report?,2034,True
Is there any opacity?,2034,True
Is there any atelectasis?,2034,True
What are the key findings in this chest X-ray report?,2035,True
What abnormality is present according to the report?,2035,True
What are the key findings in this chest X-ray report?,2036,True
What abnormality is present according to the report?,2036,True
Is there any cardiomegaly?,2036,True
Is there any atelectasis?,2036,True
What are the key findings in this chest X-ray report?,2038,True
What abnormality is present according to the report?,2038,True
Is the heart size normal?,2038,True
What are the key findings in this chest X-ray report?,2039,True
What abnormality is present according to the report?,2039,True
What are the key findings in this chest X-ray report?,2040,True
What abnormality is present according to the report?,2040,True
Is there any cardiomegaly?,2040,True
What are the key findings in this chest X-ray report?,2041,True
What abnormality is present according to the report?,2041,True
Is the heart size normal?,2041,True
What are the key findings in this chest X-ray report?,2042,True
What abnormality is present according to the report?,2042,True
What are the key findings in this chest X-ray report?,2043,True
What abnormality is present according to the report?,2043,True
Is there any cardiomegaly?,2043,True
What are the key findings in this chest X-ray report?,2044,True
What abnormality is present according to the report?,2044,True
What are the key findings in this chest X-ray report?,2045,True
What abnormality is present according to the report?,2045,True
What are the key findings in this chest X-ray report?,2046,True
What abnormality is present according to the report?,2046,True
Is there any effusion?,2046,True
Is there any atelectasis?,2046,True
What are the key findings in this chest X-ray report?,2047,True
What abnormality is present according to the report?,2047,True
What are the key findings in this chest X-ray report?,2048,True
What abnormality is present according to the report?,2048,True
What are the key findings in this chest X-ray report?,2049,True
What abnormality is present according to the report?,2049,True
What are the key findings in this chest X-ray report?,2050,True
What abnormality is present according to the report?,2050,True
Is there any opacity?,2050,True
Is there any atelectasis?,2050,True
What are the key findings in this chest X-ray report?,2052,True
What abnormality is present according to the report?,2052,True
What are the key findings in this chest X-ray report?,2053,True
What abnormality is present according to the report?,2053,True
Is the heart size normal?,2053,True
What are the key findings in this chest X-ray report?,2054,True
What abnormality is present according to the report?,2054,True
Is there any opacity?,2054,True
What are the key findings in this chest X-ray report?,2055,True
What abnormality is present according to the report?,2055,True
Is there any effusion?,2055,True
Is there any opacity?,2055,True
Is there any edema?,2055,True
Is there any atelectasis?,2055,True
What are the key findings in this chest X-ray report?,2056,True
What abnormality is present according to the report?,2056,True
Is the heart size normal?,2056,True
What are the key findings in this chest X-ray report?,2058,True
What abnormality is present according to the report?,2058,True
What are the key findings in this chest X-ray report?,2059,True
What abnormality is present according to the report?,2059,True
Is there any opacity?,2059,True
What are the key findings in this chest X-ray report?,2060,True
What abnormality is present according to the report?,2060,True
What are the key findings in this chest X-ray report?,2061,True
What abnormality is present according to the report?,2061,True
Is the heart size normal?,2061,True
What are the key findings in this chest X-ray report?,2062,True
What abnormality is present according to the report?,2062,True
Is there any atelectasis?,2062,True
What are the key findings in this chest X-ray report?,2063,True
What abnormality is present according to the report?,2063,True
What are the key findings in this chest X-ray report?,2065,True
What abnormality is present according to the report?,2065,True
What are the key findings in this chest X-ray report?,2066,True
What abnormality is present according to the report?,2066,True
Is there any cardiomegaly?,2066,True
Is there any opacity?,2066,True
Is there any atelectasis?,2066,True
What are the key findings in this chest X-ray report?,2067,True
What abnormality is present according to the report?,2067,True
Is the heart size normal?,2067,True
What are the key findings in this chest X-ray report?,2068,True
What abnormality is present according to the report?,2068,True
Is the heart size normal?,2068,True
What are the key findings in this chest X-ray report?,2069,True
What abnormality is present according to the report?,2069,True
Is the heart size normal?,2069,True
What are the key findings in this chest X-ray report?,2070,True
What abnormality is present according to the report?,2070,True
What are the key findings in this chest X-ray report?,2071,True
What abnormality is present according to the report?,2071,True
What are the key findings in this chest X-ray report?,2072,True
What abnormality is present according to the report?,2072,True
Is there any opacity?,2072,True
What are the key findings in this chest X-ray report?,2073,True
What abnormality is present according to the report?,2073,True
What are the key findings in this chest X-ray report?,2074,True
What abnormality is present according to the report?,2074,True
Is there any effusion?,2074,True
Is there any opacity?,2074,True
Is there any atelectasis?,2074,True
What are the key findings in this chest X-ray report?,2075,True
What abnormality is present according to the report?,2075,True
Is the heart size normal?,2075,True
What are the key findings in this chest X-ray report?,2077,True
What abnormality is present according to the report?,2077,True
Is there any atelectasis?,2077,True
What are the key findings in this chest X-ray report?,2078,True
What abnormality is present according to the report?,2078,True
Is the heart size normal?,2078,True
What are the key findings in this chest X-ray report?,2079,True
What abnormality is present according to the report?,2079,True
What are the key findings in this chest X-ray report?,2080,True
What abnormality is present according to the report?,2080,True
Is there any opacity?,2080,True
What are the key findings in this chest X-ray report?,2081,True
What abnormality is present according to the report?,2081,True
Is the heart size normal?,2081,True
What are the key findings in this chest X-ray report?,2082,True
What abnormality is present according to the report?,2082,True
Is there any cardiomegaly?,2082,True
Is there any opacity?,2082,True
Is there any edema?,2082,True
What are the key findings in this chest X-ray report?,2083,True
What abnormality is present according to the report?,2083,True
Is the heart size normal?,2083,True
What are the key findings in this chest X-ray report?,2084,True
What abnormality is present according to the report?,2084,True
What are the key findings in this chest X-ray report?,2085,True
What abnormality is present according to the report?,2085,True
What are the key findings in this chest X-ray report?,2086,True
What abnormality is present according to the report?,2086,True
Is the heart size normal?,2086,True
What are the key findings in this chest X-ray report?,2087,True
What abnormality is present according to the report?,2087,True
Is the heart size normal?,2087,True
What are the key findings in this chest X-ray report?,2088,True
What abnormality is present according to the report?,2088,True
Is there any cardiomegaly?,2088,True
Is there any opacity?,2088,True
What are the key findings in this chest X-ray report?,2089,True
What abnormality is present according to the report?,2089,True
Is the heart size normal?,2089,True
What are the key findings in this chest X-ray report?,2090,True
What abnormality is present according to the report?,2090,True
Is the heart size normal?,2090,True
What are the key findings in this chest X-ray report?,2091,True
What abnormality is present according to the report?,2091,True
What are the key findings in this chest X-ray report?,2092,True
What abnormality is present according to the report?,2092,True
Is there any opacity?,2092,True
What are the key findings in this chest X-ray report?,2093,True
What abnormality is present according to the report?,2093,True
What are the key findings in this chest X-ray report?,2094,True
What abnormality is present according to the report?,2094,True
What are the key findings in this chest X-ray report?,2095,True
What abnormality is present according to the report?,2095,True
Is there any atelectasis?,2095,True
What are the key findings in this chest X-ray report?,2096,True
What abnormality is present according to the report?,2096,True
Is the heart size normal?,2096,True
What are the key findings in this chest X-ray report?,2097,True
What abnormality is present according to the report?,2097,True
Is the heart size normal?,2097,True
What are the key findings in this chest X-ray report?,2098,True
What abnormality is present according to the report?,2098,True
Is the heart size normal?,2098,True
What are the key findings in this chest X-ray report?,2099,True
What abnormality is present according to the report?,2099,True
Is the heart size normal?,2099,True
What are the key findings in this chest X-ray report?,2100,True
What abnormality is present according to the report?,2100,True
What are the key findings in this chest X-ray report?,2102,True
What abnormality is present according to the report?,2102,True
What are the key findings in this chest X-ray report?,2103,True
What abnormality is present according to the report?,2103,True
Is the heart size normal?,2103,True
What are the key findings in this chest X-ray report?,2105,True
What abnormality is present according to the report?,2105,True
What are the key findings in this chest X-ray report?,2106,True
What abnormality is present according to the report?,2106,True
Is the heart size normal?,2106,True
What are the key findings in this chest X-ray report?,2108,True
What abnormality is present according to the report?,2108,True
What are the key findings in this chest X-ray report?,2109,True
What abnormality is present according to the report?,2109,True
What are the key findings in this chest X-ray report?,2110,True
What abnormality is present according to the report?,2110,True
Is the heart size normal?,2110,True
What are the key findings in this chest X-ray report?,2111,True
What abnormality is present according to the report?,2111,True
What are the key findings in this chest X-ray report?,2112,True
What abnormality is present according to the report?,2112,True
What are the key findings in this chest X-ray report?,2113,True
What abnormality is present according to the report?,2113,True
What are the key findings in this chest X-ray report?,2114,True
What abnormality is present according to the report?,2114,True
Is there any opacity?,2114,True
Is there any atelectasis?,2114,True
What are the key findings in this chest X-ray report?,2116,True
What abnormality is present according to the report?,2116,True
What are the key findings in this chest X-ray report?,2117,True
What abnormality is present according to the report?,2117,True
What are the key findings in this chest X-ray report?,2118,True
What abnormality is present according to the report?,2118,True
Is there any opacity?,2118,True
Is there any atelectasis?,2118,True
What are the key findings in this chest X-ray report?,2119,True
What abnormality is present according to the report?,2119,True
What are the key findings in this chest X-ray report?,2120,True
What abnormality is present according to the report?,2120,True
Is the heart size normal?,2120,True
What are the key findings in this chest X-ray report?,2121,True
What abnormality is present according to the report?,2121,True
What are the key findings in this chest X-ray report?,2122,True
What abnormality is present according to the report?,2122,True
What are the key findings in this chest X-ray report?,2123,True
What abnormality is present according to the report?,2123,True
Is there any cardiomegaly?,2123,True
What are the key findings in this chest X-ray report?,2124,True
What abnormality is present according to the report?,2124,True
What are the key findings in this chest X-ray report?,2125,True
What abnormality is present according to the report?,2125,True
What are the key findings in this chest X-ray report?,2126,True
What abnormality is present according to the report?,2126,True
What are the key findings in this chest X-ray report?,2127,True
What abnormality is present according to the report?,2127,True
Is there any cardiomegaly?,2127,True
Is there any effusion?,2127,True
What are the key findings in this chest X-ray report?,2128,True
What abnormality is present according to the report?,2128,True
What are the key findings in this chest X-ray report?,2129,True
What abnormality is present according to the report?,2129,True
Is the heart size normal?,2129,True
What are the key findings in this chest X-ray report?,2130,True
What abnormality is present according to the report?,2130,True
Is there any cardiomegaly?,2130,True
Is there any effusion?,2130,True
Is there any opacity?,2130,True
Is there any edema?,2130,True
What are the key findings in this chest X-ray report?,2131,True
What abnormality is present according to the report?,2131,True
Is the heart size normal?,2131,True
What are the key findings in this chest X-ray report?,2132,True
What abnormality is present according to the report?,2132,True
What are the key findings in this chest X-ray report?,2133,True
What abnormality is present according to the report?,2133,True
What are the key findings in this chest X-ray report?,2134,True
What abnormality is present according to the report?,2134,True
What are the key findings in this chest X-ray report?,2135,True
What abnormality is present according to the report?,2135,True
Is there any cardiomegaly?,2135,True
Is there any effusion?,2135,True
What are the key findings in this chest X-ray report?,2136,True
What abnormality is present according to the report?,2136,True
Is the heart size normal?,2136,True
What are the key findings in this chest X-ray report?,2137,True
What abnormality is present according to the report?,2137,True
What are the key findings in this chest X-ray report?,2138,True
What abnormality is present according to the report?,2138,True
Is there any opacity?,2138,True
What are the key findings in this chest X-ray report?,2139,True
What abnormality is present according to the report?,2139,True
Is there any cardiomegaly?,2139,True
What are the key findings in this chest X-ray report?,2140,True
What abnormality is present according to the report?,2140,True
What are the key findings in this chest X-ray report?,2141,True
What abnormality is present according to the report?,2141,True
Is there any cardiomegaly?,2141,True
What are the key findings in this chest X-ray report?,2142,True
What abnormality is present according to the report?,2142,True
What are the key findings in this chest X-ray report?,2143,True
What abnormality is present according to the report?,2143,True
What are the key findings in this chest X-ray report?,2144,True
What abnormality is present according to the report?,2144,True
What are the key findings in this chest X-ray report?,2145,True
What abnormality is present according to the report?,2145,True
Is the heart size normal?,2145,True
What are the key findings in this chest X-ray report?,2146,True
What abnormality is present according to the report?,2146,True
Is the heart size normal?,2146,True
What are the key findings in this chest X-ray report?,2147,True
What abnormality is present according to the report?,2147,True
What are the key findings in this chest X-ray report?,2148,True
What abnormality is present according to the report?,2148,True
Is the heart size normal?,2148,True
What are the key findings in this chest X-ray report?,2149,True
What abnormality is present according to the report?,2149,True
What are the key findings in this chest X-ray report?,2150,True
What abnormality is present according to the report?,2150,True
What are the key findings in this chest X-ray report?,2151,True
What abnormality is present according to the report?,2151,True
Is there any edema?,2151,True
What are the key findings in this chest X-ray report?,2152,True
What abnormality is present according to the report?,2152,True
Is the heart size normal?,2152,True
What are the key findings in this chest X-ray report?,2153,True
What abnormality is present according to the report?,2153,True
What are the key findings in this chest X-ray report?,2154,True
What abnormality is present according to the report?,2154,True
What are the key findings in this chest X-ray report?,2155,True
What abnormality is present according to the report?,2155,True
What are the key findings in this chest X-ray report?,2156,True
What abnormality is present according to the report?,2156,True
Is the heart size normal?,2156,True
What are the key findings in this chest X-ray report?,2157,True
What abnormality is present according to the report?,2157,True
Is the heart size normal?,2157,True
What are the key findings in this chest X-ray report?,2158,True
What abnormality is present according to the report?,2158,True
What are the key findings in this chest X-ray report?,2159,True
What abnormality is present according to the report?,2159,True
Is the heart size normal?,2159,True
What are the key findings in this chest X-ray report?,2160,True
What abnormality is present according to the report?,2160,True
Is the heart size normal?,2160,True
What are the key findings in this chest X-ray report?,2161,True
What abnormality is present according to the report?,2161,True
Is the heart size normal?,2161,True
What are the key findings in this chest X-ray report?,2162,True
What abnormality is present according to the report?,2162,True
Is there any cardiomegaly?,2162,True
What are the key findings in this chest X-ray report?,2163,True
What abnormality is present according to the report?,2163,True
What are the key findings in this chest X-ray report?,2164,True
What abnormality is present according to the report?,2164,True
What are the key findings in this chest X-ray report?,2165,True
What abnormality is present according to the report?,2165,True
Is there any opacity?,2165,True
Is there any atelectasis?,2165,True
What are the key findings in this chest X-ray report?,2166,True
What abnormality is present according to the report?,2166,True
What are the key findings in this chest X-ray report?,2167,True
What abnormality is present according to the report?,2167,True
What are the key findings in this chest X-ray report?,2168,True
What abnormality is present according to the report?,2168,True
What are the key findings in this chest X-ray report?,2169,True
What abnormality is present according to the report?,2169,True
Is there any opacity?,2169,True
What are the key findings in this chest X-ray report?,2170,True
What abnormality is present according to the report?,2170,True
Is the heart size normal?,2170,True
What are the key findings in this chest X-ray report?,2171,True
What abnormality is present according to the report?,2171,True
What are the key findings in this chest X-ray report?,2172,True
What abnormality is present according to the report?,2172,True
What are the key findings in this chest X-ray report?,2173,True
What abnormality is present according to the report?,2173,True
What are the key findings in this chest X-ray report?,2174,True
What abnormality is present according to the report?,2174,True
Is the heart size normal?,2174,True
What are the key findings in this chest X-ray report?,2175,True
What abnormality is present according to the report?,2175,True
Is the heart size normal?,2175,True
What are the key findings in this chest X-ray report?,2176,True
What abnormality is present according to the report?,2176,True
Is the heart size normal?,2176,True
What are the key findings in this chest X-ray report?,2177,True
What abnormality is present according to the report?,2177,True
Is there any opacity?,2177,True
Is there any atelectasis?,2177,True
What are the key findings in this chest X-ray report?,2178,True
What abnormality is present according to the report?,2178,True
What are the key findings in this chest X-ray report?,2179,True
What abnormality is present according to the report?,2179,True
What are the key findings in this chest X-ray report?,2180,True
What abnormality is present according to the report?,2180,True
Is there any cardiomegaly?,2180,True
What are the key findings in this chest X-ray report?,2181,True
What abnormality is present according to the report?,2181,True
Is there any cardiomegaly?,2181,True
What are the key findings in this chest X-ray report?,2183,True
What abnormality is present according to the report?,2183,True
Is there any cardiomegaly?,2183,True
Is there any opacity?,2183,True
Is there any edema?,2183,True
What are the key findings in this chest X-ray report?,2184,True
What abnormality is present according to the report?,2184,True
Is there any cardiomegaly?,2184,True
Is there any opacity?,2184,True
Is there any atelectasis?,2184,True
What are the key findings in this chest X-ray report?,2185,True
What abnormality is present according to the report?,2185,True
Is there any opacity?,2185,True
Is there any atelectasis?,2185,True
What are the key findings in this chest X-ray report?,2186,True
What abnormality is present according to the report?,2186,True
What are the key findings in this chest X-ray report?,2187,True
What abnormality is present according to the report?,2187,True
What are the key findings in this chest X-ray report?,2188,True
What abnormality is present according to the report?,2188,True
Is there any opacity?,2188,True
What are the key findings in this chest X-ray report?,2189,True
What abnormality is present according to the report?,2189,True
Is the heart size normal?,2189,True
What are the key findings in this chest X-ray report?,2190,True
What abnormality is present according to the report?,2190,True
What are the key findings in this chest X-ray report?,2191,True
What abnormality is present according to the report?,2191,True
Is there any cardiomegaly?,2191,True
Is there any opacity?,2191,True
What are the key findings in this chest X-ray report?,2192,True
What abnormality is present according to the report?,2192,True
What are the key findings in this chest X-ray report?,2193,True
What abnormality is present according to the report?,2193,True
Is there any effusion?,2193,True
Is there any opacity?,2193,True
What are the key findings in this chest X-ray report?,2194,True
What abnormality is present according to the report?,2194,True
Is there any opacity?,2194,True
What are the key findings in this chest X-ray report?,2195,True
What abnormality is present according to the report?,2195,True
What are the key findings in this chest X-ray report?,2197,True
What abnormality is present according to the report?,2197,True
Is there any opacity?,2197,True
What are the key findings in this chest X-ray report?,2198,True
What abnormality is present according to the report?,2198,True
Is the heart size normal?,2198,True
What are the key findings in this chest X-ray report?,2199,True
What abnormality is present according to the report?,2199,True
Is there any opacity?,2199,True
What are the key findings in this chest X-ray report?,2200,True
What abnormality is present according to the report?,2200,True
Is there any atelectasis?,2200,True
What are the key findings in this chest X-ray report?,2201,True
What abnormality is present according to the report?,2201,True
What are the key findings in this chest X-ray report?,2202,True
What abnormality is present according to the report?,2202,True
Is the heart size normal?,2202,True
What are the key findings in this chest X-ray report?,2203,True
What abnormality is present according to the report?,2203,True
What are the key findings in this chest X-ray report?,2204,True
What abnormality is present according to the report?,2204,True
What are the key findings in this chest X-ray report?,2205,True
What abnormality is present according to the report?,2205,True
Is there any opacity?,2205,True
What are the key findings in this chest X-ray report?,2206,True
What abnormality is present according to the report?,2206,True
Is there any atelectasis?,2206,True
What are the key findings in this chest X-ray report?,2207,True
What abnormality is present according to the report?,2207,True
What are the key findings in this chest X-ray report?,2208,True
What abnormality is present according to the report?,2208,True
Is there any cardiomegaly?,2208,True
What are the key findings in this chest X-ray report?,2209,True
What abnormality is present according to the report?,2209,True
What are the key findings in this chest X-ray report?,2210,True
What abnormality is present according to the report?,2210,True
Is the heart size normal?,2210,True
What are the key findings in this chest X-ray report?,2211,True
What abnormality is present according to the report?,2211,True
Is there any cardiomegaly?,2211,True
What are the key findings in this chest X-ray report?,2212,True
What abnormality is present according to the report?,2212,True
Is the heart size normal?,2212,True
What are the key findings in this chest X-ray report?,2213,True
What abnormality is present according to the report?,2213,True
Is there any atelectasis?,2213,True
What are the key findings in this chest X-ray report?,2214,True
What abnormality is present according to the report?,2214,True
Is the heart size normal?,2214,True
What are the key findings in this chest X-ray report?,2215,True
What abnormality is present according to the report?,2215,True
Is the heart size normal?,2215,True
What are the key findings in this chest X-ray report?,2216,True
What abnormality is present according to the report?,2216,True
What are the key findings in this chest X-ray report?,2217,True
What abnormality is present according to the report?,2217,True
Is there any cardiomegaly?,2217,True
What are the key findings in this chest X-ray report?,2218,True
What abnormality is present according to the report?,2218,True
Is there any cardiomegaly?,2218,True
Is there any opacity?,2218,True
Is there any atelectasis?,2218,True
What are the key findings in this chest X-ray report?,2219,True
What abnormality is present according to the report?,2219,True
What are the key findings in this chest X-ray report?,2220,True
What abnormality is present according to the report?,2220,True
Is there any effusion?,2220,True
What are the key findings in this chest X-ray report?,2221,True
What abnormality is present according to the report?,2221,True
Is there any cardiomegaly?,2221,True
What are the key findings in this chest X-ray report?,2222,True
What abnormality is present according to the report?,2222,True
Is there any opacity?,2222,True
What are the key findings in this chest X-ray report?,2223,True
What abnormality is present according to the report?,2223,True
Is the heart size normal?,2223,True
What are the key findings in this chest X-ray report?,2224,True
What abnormality is present according to the report?,2224,True
What are the key findings in this chest X-ray report?,2225,True
What abnormality is present according to the report?,2225,True
Is the heart size normal?,2225,True
What are the key findings in this chest X-ray report?,2226,True
What abnormality is present according to the report?,2226,True
What are the key findings in this chest X-ray report?,2227,True
What abnormality is present according to the report?,2227,True
Is there any opacity?,2227,True
What are the key findings in this chest X-ray report?,2228,True
What abnormality is present according to the report?,2228,True
Is the heart size normal?,2228,True
What are the key findings in this chest X-ray report?,2229,True
What abnormality is present according to the report?,2229,True
What are the key findings in this chest X-ray report?,2230,True
What abnormality is present according to the report?,2230,True
Is the heart size normal?,2230,True
What are the key findings in this chest X-ray report?,2231,True
What abnormality is present according to the report?,2231,True
What are the key findings in this chest X-ray report?,2232,True
What abnormality is present according to the report?,2232,True
Is the heart size normal?,2232,True
What are the key findings in this chest X-ray report?,2233,True
What abnormality is present according to the report?,2233,True
What are the key findings in this chest X-ray report?,2234,True
What abnormality is present according to the report?,2234,True
What are the key findings in this chest X-ray report?,2235,True
What abnormality is present according to the report?,2235,True
What are the key findings in this chest X-ray report?,2236,True
What abnormality is present according to the report?,2236,True
Is the heart size normal?,2236,True
What are the key findings in this chest X-ray report?,2237,True
What abnormality is present according to the report?,2237,True
What are the key findings in this chest X-ray report?,2238,True
What abnormality is present according to the report?,2238,True
Is the heart size normal?,2238,True
What are the key findings in this chest X-ray report?,2239,True
What abnormality is present according to the report?,2239,True
Is there any opacity?,2239,True
What are the key findings in this chest X-ray report?,2240,True
What abnormality is present according to the report?,2240,True
Is the heart size normal?,2240,True
What are the key findings in this chest X-ray report?,2241,True
What abnormality is present according to the report?,2241,True
Is there any opacity?,2241,True
What are the key findings in this chest X-ray report?,2242,True
What abnormality is present according to the report?,2242,True
Is there any atelectasis?,2242,True
What are the key findings in this chest X-ray report?,2243,True
What abnormality is present according to the report?,2243,True
What are the key findings in this chest X-ray report?,2244,True
What abnormality is present according to the report?,2244,True
Is the heart size normal?,2244,True
What are the key findings in this chest X-ray report?,2245,True
What abnormality is present according to the report?,2245,True
Is the heart size normal?,2245,True
What are the key findings in this chest X-ray report?,2246,True
What abnormality is present according to the report?,2246,True
Is there any opacity?,2246,True
Is there any atelectasis?,2246,True
What are the key findings in this chest X-ray report?,2247,True
What abnormality is present according to the report?,2247,True
Is the heart size normal?,2247,True
What are the key findings in this chest X-ray report?,2248,True
What abnormality is present according to the report?,2248,True
Is the heart size normal?,2248,True
What are the key findings in this chest X-ray report?,2249,True
What abnormality is present according to the report?,2249,True
What are the key findings in this chest X-ray report?,2250,True
What abnormality is present according to the report?,2250,True
Is there any cardiomegaly?,2250,True
What are the key findings in this chest X-ray report?,2251,True
What abnormality is present according to the report?,2251,True
Is the heart size normal?,2251,True
What are the key findings in this chest X-ray report?,2252,True
What abnormality is present according to the report?,2252,True
Is the heart size normal?,2252,True
What are the key findings in this chest X-ray report?,2253,True
What abnormality is present according to the report?,2253,True
What are the key findings in this chest X-ray report?,2254,True
What abnormality is present according to the report?,2254,True
What are the key findings in this chest X-ray report?,2255,True
What abnormality is present according to the report?,2255,True
What are the key findings in this chest X-ray report?,2256,True
What abnormality is present according to the report?,2256,True
Is the heart size normal?,2256,True
What are the key findings in this chest X-ray report?,2257,True
What abnormality is present according to the report?,2257,True
What are the key findings in this chest X-ray report?,2258,True
What abnormality is present according to the report?,2258,True
What are the key findings in this chest X-ray report?,2259,True
What abnormality is present according to the report?,2259,True
Is there any cardiomegaly?,2259,True
Is there any opacity?,2259,True
What are the key findings in this chest X-ray report?,2260,True
What abnormality is present according to the report?,2260,True
Is the heart size normal?,2260,True
What are the key findings in this chest X-ray report?,2261,True
What abnormality is present according to the report?,2261,True
What are the key findings in this chest X-ray report?,2262,True
What abnormality is present according to the report?,2262,True
Is there any opacity?,2262,True
What are the key findings in this chest X-ray report?,2263,True
What abnormality is present according to the report?,2263,True
Is there any cardiomegaly?,2263,True
Is there any opacity?,2263,True
Is there any atelectasis?,2263,True
What are the key findings in this chest X-ray report?,2264,True
What abnormality is present according to the report?,2264,True
What are the key findings in this chest X-ray report?,2265,True
What abnormality is present according to the report?,2265,True
Is there any opacity?,2265,True
What are the key findings in this chest X-ray report?,2266,True
What abnormality is present according to the report?,2266,True
Is there any atelectasis?,2266,True
What are the key findings in this chest X-ray report?,2267,True
What abnormality is present according to the report?,2267,True
What are the key findings in this chest X-ray report?,2268,True
What abnormality is present according to the report?,2268,True
Is there any cardiomegaly?,2268,True
What are the key findings in this chest X-ray report?,2269,True
What abnormality is present according to the report?,2269,True
Is the heart size normal?,2269,True
What are the key findings in this chest X-ray report?,2270,True
What abnormality is present according to the report?,2270,True
What are the key findings in this chest X-ray report?,2271,True
What abnormality is present according to the report?,2271,True
Is there any cardiomegaly?,2271,True
Is there any effusion?,2271,True
Is there any atelectasis?,2271,True
What are the key findings in this chest X-ray report?,2272,True
What abnormality is present according to the report?,2272,True
What are the key findings in this chest X-ray report?,2273,True
What abnormality is present according to the report?,2273,True
Is the heart size normal?,2273,True
What are the key findings in this chest X-ray report?,2274,True
What abnormality is present according to the report?,2274,True
What are the key findings in this chest X-ray report?,2275,True
What abnormality is present according to the report?,2275,True
What are the key findings in this chest X-ray report?,2276,True
What abnormality is present according to the report?,2276,True
Is there any atelectasis?,2276,True
What are the key findings in this chest X-ray report?,2277,True
What abnormality is present according to the report?,2277,True
Is the heart size normal?,2277,True
What are the key findings in this chest X-ray report?,2278,True
What abnormality is present according to the report?,2278,True
What are the key findings in this chest X-ray report?,2279,True
What abnormality is present according to the report?,2279,True
Is there any cardiomegaly?,2279,True
Is there any opacity?,2279,True
Is there any atelectasis?,2279,True
What are the key findings in this chest X-ray report?,2280,True
What abnormality is present according to the report?,2280,True
What are the key findings in this chest X-ray report?,2281,True
What abnormality is present according to the report?,2281,True
Is the heart size normal?,2281,True
What are the key findings in this chest X-ray report?,2282,True
What abnormality is present according to the report?,2282,True
Is the heart size normal?,2282,True
What are the key findings in this chest X-ray report?,2283,True
What abnormality is present according to the report?,2283,True
What are the key findings in this chest X-ray report?,2285,True
What abnormality is present according to the report?,2285,True
Is there any cardiomegaly?,2285,True
What are the key findings in this chest X-ray report?,2286,True
What abnormality is present according to the report?,2286,True
Is there any opacity?,2286,True
What are the key findings in this chest X-ray report?,2287,True
What abnormality is present according to the report?,2287,True
Is there any cardiomegaly?,2287,True
What are the key findings in this chest X-ray report?,2288,True
What abnormality is present according to the report?,2288,True
Is the heart size normal?,2288,True
What are the key findings in this chest X-ray report?,2289,True
What abnormality is present according to the report?,2289,True
Is there any effusion?,2289,True
What are the key findings in this chest X-ray report?,2290,True
What abnormality is present according to the report?,2290,True
Is the heart size normal?,2290,True
What are the key findings in this chest X-ray report?,2291,True
What abnormality is present according to the report?,2291,True
What are the key findings in this chest X-ray report?,2292,True
What abnormality is present according to the report?,2292,True
Is the heart size normal?,2292,True
What are the key findings in this chest X-ray report?,2293,True
What abnormality is present according to the report?,2293,True
Is there any opacity?,2293,True
Is there any atelectasis?,2293,True
What are the key findings in this chest X-ray report?,2294,True
What abnormality is present according to the report?,2294,True
Is the heart size normal?,2294,True
What are the key findings in this chest X-ray report?,2295,True
What abnormality is present according to the report?,2295,True
What are the key findings in this chest X-ray report?,2296,True
What abnormality is present according to the report?,2296,True
What are the key findings in this chest X-ray report?,2297,True
What abnormality is present according to the report?,2297,True
What are the key findings in this chest X-ray report?,2298,True
What abnormality is present according to the report?,2298,True
What are the key findings in this chest X-ray report?,2299,True
What abnormality is present according to the report?,2299,True
Is there any opacity?,2299,True
What are the key findings in this chest X-ray report?,2300,True
What abnormality is present according to the report?,2300,True
Is the heart size normal?,2300,True
What are the key findings in this chest X-ray report?,2301,True
What abnormality is present according to the report?,2301,True
Is there any cardiomegaly?,2301,True
What are the key findings in this chest X-ray report?,2302,True
What abnormality is present according to the report?,2302,True
Is the heart size normal?,2302,True
What are the key findings in this chest X-ray report?,2303,True
What abnormality is present according to the report?,2303,True
Is the heart size normal?,2303,True
What are the key findings in this chest X-ray report?,2304,True
What abnormality is present according to the report?,2304,True
Is the heart size normal?,2304,True
What are the key findings in this chest X-ray report?,2305,True
What abnormality is present according to the report?,2305,True
What are the key findings in this chest X-ray report?,2306,True
What abnormality is present according to the report?,2306,True
What are the key findings in this chest X-ray report?,2307,True
What abnormality is present according to the report?,2307,True
Is there any opacity?,2307,True
What are the key findings in this chest X-ray report?,2308,True
What abnormality is present according to the report?,2308,True
Is the heart size normal?,2308,True
What are the key findings in this chest X-ray report?,2310,True
What abnormality is present according to the report?,2310,True
Is the heart size normal?,2310,True
What are the key findings in this chest X-ray report?,2311,True
What abnormality is present according to the report?,2311,True
Is the heart size normal?,2311,True
What are the key findings in this chest X-ray report?,2312,True
What abnormality is present according to the report?,2312,True
Is the heart size normal?,2312,True
What are the key findings in this chest X-ray report?,2313,True
What abnormality is present according to the report?,2313,True
Is the heart size normal?,2313,True
What are the key findings in this chest X-ray report?,2314,True
What abnormality is present according to the report?,2314,True
Is there any opacity?,2314,True
Is there any atelectasis?,2314,True
What are the key findings in this chest X-ray report?,2315,True
What abnormality is present according to the report?,2315,True
What are the key findings in this chest X-ray report?,2316,True
What abnormality is present according to the report?,2316,True
Is the heart size normal?,2316,True
What are the key findings in this chest X-ray report?,2317,True
What abnormality is present according to the report?,2317,True
What are the key findings in this chest X-ray report?,2318,True
What abnormality is present according to the report?,2318,True
Is there any pneumothorax?,2318,True
Is there any atelectasis?,2318,True
What are the key findings in this chest X-ray report?,2319,True
What abnormality is present according to the report?,2319,True
Is the heart size normal?,2319,True
What are the key findings in this chest X-ray report?,2320,True
What abnormality is present according to the report?,2320,True
What are the key findings in this chest X-ray report?,2321,True
What abnormality is present according to the report?,2321,True
Is the heart size normal?,2321,True
What are the key findings in this chest X-ray report?,2322,True
What abnormality is present according to the report?,2322,True
Is there any opacity?,2322,True
Is there any atelectasis?,2322,True
What are the key findings in this chest X-ray report?,2323,True
What abnormality is present according to the report?,2323,True
Is the heart size normal?,2323,True
What are the key findings in this chest X-ray report?,2324,True
What abnormality is present according to the report?,2324,True
Is the heart size normal?,2324,True
What are the key findings in this chest X-ray report?,2325,True
What abnormality is present according to the report?,2325,True
Is there any opacity?,2325,True
What are the key findings in this chest X-ray report?,2326,True
What abnormality is present according to the report?,2326,True
Is there any cardiomegaly?,2326,True
What are the key findings in this chest X-ray report?,2327,True
What abnormality is present according to the report?,2327,True
Is there any effusion?,2327,True
What are the key findings in this chest X-ray report?,2328,True
What abnormality is present according to the report?,2328,True
What are the key findings in this chest X-ray report?,2329,True
What abnormality is present according to the report?,2329,True
Is the heart size normal?,2329,True
What are the key findings in this chest X-ray report?,2330,True
What abnormality is present according to the report?,2330,True
Is there any cardiomegaly?,2330,True
Is there any opacity?,2330,True
What are the key findings in this chest X-ray report?,2331,True
What abnormality is present according to the report?,2331,True
Is there any opacity?,2331,True
Is there any atelectasis?,2331,True
What are the key findings in this chest X-ray report?,2332,True
What abnormality is present according to the report?,2332,True
Is the heart size normal?,2332,True
What are the key findings in this chest X-ray report?,2333,True
What abnormality is present according to the report?,2333,True
What are the key findings in this chest X-ray report?,2334,True
What abnormality is present according to the report?,2334,True
Is there any effusion?,2334,True
Is there any opacity?,2334,True
What are the key findings in this chest X-ray report?,2335,True
What abnormality is present according to the report?,2335,True
What are the key findings in this chest X-ray report?,2336,True
What abnormality is present according to the report?,2336,True
What are the key findings in this chest X-ray report?,2337,True
What abnormality is present according to the report?,2337,True
What are the key findings in this chest X-ray report?,2338,True
What abnormality is present according to the report?,2338,True
Is there any opacity?,2338,True
What are the key findings in this chest X-ray report?,2339,True
What abnormality is present according to the report?,2339,True
Is the heart size normal?,2339,True
What are the key findings in this chest X-ray report?,2340,True
What abnormality is present according to the report?,2340,True
What are the key findings in this chest X-ray report?,2341,True
What abnormality is present according to the report?,2341,True
What are the key findings in this chest X-ray report?,2342,True
What abnormality is present according to the report?,2342,True
What are the key findings in this chest X-ray report?,2343,True
What abnormality is present according to the report?,2343,True
What are the key findings in this chest X-ray report?,2344,True
What abnormality is present according to the report?,2344,True
What are the key findings in this chest X-ray report?,2345,True
What abnormality is present according to the report?,2345,True
What are the key findings in this chest X-ray report?,2347,True
What abnormality is present according to the report?,2347,True
What are the key findings in this chest X-ray report?,2348,True
What abnormality is present according to the report?,2348,True
Is there any effusion?,2348,True
What are the key findings in this chest X-ray report?,2349,True
What abnormality is present according to the report?,2349,True
Is the heart size normal?,2349,True
What are the key findings in this chest X-ray report?,2350,True
What abnormality is present according to the report?,2350,True
What are the key findings in this chest X-ray report?,2351,True
What abnormality is present according to the report?,2351,True
What are the key findings in this chest X-ray report?,2352,True
What abnormality is present according to the report?,2352,True
What are the key findings in this chest X-ray report?,2353,True
What abnormality is present according to the report?,2353,True
Is the heart size normal?,2353,True
What are the key findings in this chest X-ray report?,2354,True
What abnormality is present according to the report?,2354,True
Is the heart size normal?,2354,True
What are the key findings in this chest X-ray report?,2355,True
What abnormality is present according to the report?,2355,True
Is there any cardiomegaly?,2355,True
Is there any atelectasis?,2355,True
What are the key findings in this chest X-ray report?,2356,True
What abnormality is present according to the report?,2356,True
What are the key findings in this chest X-ray report?,2357,True
What abnormality is present according to the report?,2357,True
Is the heart size normal?,2357,True
What are the key findings in this chest X-ray report?,2358,True
What abnormality is present according to the report?,2358,True
Is the heart size normal?,2358,True
What are the key findings in this chest X-ray report?,2359,True
What abnormality is present according to the report?,2359,True
Is there any cardiomegaly?,2359,True
Is there any effusion?,2359,True
What are the key findings in this chest X-ray report?,2360,True
What abnormality is present according to the report?,2360,True
Is the heart size normal?,2360,True
What are the key findings in this chest X-ray report?,2361,True
What abnormality is present according to the report?,2361,True
What are the key findings in this chest X-ray report?,2362,True
What abnormality is present according to the report?,2362,True
Is the heart size normal?,2362,True
What are the key findings in this chest X-ray report?,2363,True
What abnormality is present according to the report?,2363,True
Is there any opacity?,2363,True
What are the key findings in this chest X-ray report?,2364,True
What abnormality is present according to the report?,2364,True
What are the key findings in this chest X-ray report?,2365,True
What abnormality is present according to the report?,2365,True
Is the heart size normal?,2365,True
What are the key findings in this chest X-ray report?,2366,True
What abnormality is present according to the report?,2366,True
What are the key findings in this chest X-ray report?,2367,True
What abnormality is present according to the report?,2367,True
Is the heart size normal?,2367,True
What are the key findings in this chest X-ray report?,2368,True
What abnormality is present according to the report?,2368,True
What are the key findings in this chest X-ray report?,2369,True
What abnormality is present according to the report?,2369,True
Is there any opacity?,2369,True
Is there any atelectasis?,2369,True
What are the key findings in this chest X-ray report?,2370,True
What abnormality is present according to the report?,2370,True
Is there any effusion?,2370,True
Is there any atelectasis?,2370,True
What are the key findings in this chest X-ray report?,2371,True
What abnormality is present according to the report?,2371,True
Is there any opacity?,2371,True
Is there any atelectasis?,2371,True
What are the key findings in this chest X-ray report?,2372,True
What abnormality is present according to the report?,2372,True
Is there any opacity?,2372,True
What are the key findings in this chest X-ray report?,2373,True
What abnormality is present according to the report?,2373,True
What are the key findings in this chest X-ray report?,2374,True
What abnormality is present according to the report?,2374,True
Is the heart size normal?,2374,True
What are the key findings in this chest X-ray report?,2375,True
What abnormality is present according to the report?,2375,True
What are the key findings in this chest X-ray report?,2376,True
What abnormality is present according to the report?,2376,True
Is the heart size normal?,2376,True
What are the key findings in this chest X-ray report?,2377,True
What abnormality is present according to the report?,2377,True
Is the heart size normal?,2377,True
What are the key findings in this chest X-ray report?,2378,True
What abnormality is present according to the report?,2378,True
What are the key findings in this chest X-ray report?,2379,True
What abnormality is present according to the report?,2379,True
What are the key findings in this chest X-ray report?,2380,True
What abnormality is present according to the report?,2380,True
What are the key findings in this chest X-ray report?,2381,True
What abnormality is present according to the report?,2381,True
What are the key findings in this chest X-ray report?,2382,True
What abnormality is present according to the report?,2382,True
Is there any cardiomegaly?,2382,True
What are the key findings in this chest X-ray report?,2383,True
What abnormality is present according to the report?,2383,True
Is there any cardiomegaly?,2383,True
What are the key findings in this chest X-ray report?,2384,True
What abnormality is present according to the report?,2384,True
What are the key findings in this chest X-ray report?,2385,True
What abnormality is present according to the report?,2385,True
Is the heart size normal?,2385,True
What are the key findings in this chest X-ray report?,2386,True
What abnormality is present according to the report?,2386,True
What are the key findings in this chest X-ray report?,2387,True
What abnormality is present according to the report?,2387,True
What are the key findings in this chest X-ray report?,2388,True
What abnormality is present according to the report?,2388,True
Is the heart size normal?,2388,True
What are the key findings in this chest X-ray report?,2389,True
What abnormality is present according to the report?,2389,True
Is the heart size normal?,2389,True
What are the key findings in this chest X-ray report?,2390,True
What abnormality is present according to the report?,2390,True
Is there any cardiomegaly?,2390,True
What are the key findings in this chest X-ray report?,2391,True
What abnormality is present according to the report?,2391,True
Is the heart size normal?,2391,True
What are the key findings in this chest X-ray report?,2392,True
What abnormality is present according to the report?,2392,True
Is the heart size normal?,2392,True
What are the key findings in this chest X-ray report?,2393,True
What abnormality is present according to the report?,2393,True
What are the key findings in this chest X-ray report?,2394,True
What abnormality is present according to the report?,2394,True
Is the heart size normal?,2394,True
What are the key findings in this chest X-ray report?,2395,True
What abnormality is present according to the report?,2395,True
Is the heart size normal?,2395,True
What are the key findings in this chest X-ray report?,2396,True
What abnormality is present according to the report?,2396,True
Is there any opacity?,2396,True
Is there any edema?,2396,True
What are the key findings in this chest X-ray report?,2397,True
What abnormality is present according to the report?,2397,True
Is the heart size normal?,2397,True
What are the key findings in this chest X-ray report?,2398,True
What abnormality is present according to the report?,2398,True
Is there any cardiomegaly?,2398,True
What are the key findings in this chest X-ray report?,2400,True
What abnormality is present according to the report?,2400,True
Is there any cardiomegaly?,2400,True
What are the key findings in this chest X-ray report?,2401,True
What abnormality is present according to the report?,2401,True
Is the heart size normal?,2401,True
What are the key findings in this chest X-ray report?,2402,True
What abnormality is present according to the report?,2402,True
Is there any atelectasis?,2402,True
What are the key findings in this chest X-ray report?,2403,True
What abnormality is present according to the report?,2403,True
Is there any atelectasis?,2403,True
What are the key findings in this chest X-ray report?,2404,True
What abnormality is present according to the report?,2404,True
Is there any opacity?,2404,True
What are the key findings in this chest X-ray report?,2405,True
What abnormality is present according to the report?,2405,True
What are the key findings in this chest X-ray report?,2406,True
What abnormality is present according to the report?,2406,True
What are the key findings in this chest X-ray report?,2407,True
What abnormality is present according to the report?,2407,True
What are the key findings in this chest X-ray report?,2408,True
What abnormality is present according to the report?,2408,True
Is there any opacity?,2408,True
What are the key findings in this chest X-ray report?,2409,True
What abnormality is present according to the report?,2409,True
Is there any opacity?,2409,True
What are the key findings in this chest X-ray report?,2410,True
What abnormality is present according to the report?,2410,True
What are the key findings in this chest X-ray report?,2411,True
What abnormality is present according to the report?,2411,True
Is there any cardiomegaly?,2411,True
What are the key findings in this chest X-ray report?,2412,True
What abnormality is present according to the report?,2412,True
What are the key findings in this chest X-ray report?,2413,True
What abnormality is present according to the report?,2413,True
Is the heart size normal?,2413,True
What are the key findings in this chest X-ray report?,2414,True
What abnormality is present according to the report?,2414,True
Is there any cardiomegaly?,2414,True
Is there any atelectasis?,2414,True
What are the key findings in this chest X-ray report?,2415,True
What abnormality is present according to the report?,2415,True
Is there any cardiomegaly?,2415,True
Is there any opacity?,2415,True
What are the key findings in this chest X-ray report?,2416,True
What abnormality is present according to the report?,2416,True
Is there any cardiomegaly?,2416,True
What are the key findings in this chest X-ray report?,2417,True
What abnormality is present according to the report?,2417,True
What are the key findings in this chest X-ray report?,2418,True
What abnormality is present according to the report?,2418,True
What are the key findings in this chest X-ray report?,2419,True
What abnormality is present according to the report?,2419,True
What are the key findings in this chest X-ray report?,2420,True
What abnormality is present according to the report?,2420,True
What are the key findings in this chest X-ray report?,2421,True
What abnormality is present according to the report?,2421,True
Is there any cardiomegaly?,2421,True
Is there any opacity?,2421,True
Is there any atelectasis?,2421,True
What are the key findings in this chest X-ray report?,2422,True
What abnormality is present according to the report?,2422,True
What are the key findings in this chest X-ray report?,2423,True
What abnormality is present according to the report?,2423,True
Is the heart size normal?,2423,True
What are the key findings in this chest X-ray report?,2424,True
What abnormality is present according to the report?,2424,True
What are the key findings in this chest X-ray report?,2425,True
What abnormality is present according to the report?,2425,True
What are the key findings in this chest X-ray report?,2426,True
What abnormality is present according to the report?,2426,True
What are the key findings in this chest X-ray report?,2427,True
What abnormality is present according to the report?,2427,True
What are the key findings in this chest X-ray report?,2428,True
What abnormality is present according to the report?,2428,True
What are the key findings in this chest X-ray report?,2430,True
What abnormality is present according to the report?,2430,True
What are the key findings in this chest X-ray report?,2431,True
What abnormality is present according to the report?,2431,True
What are the key findings in this chest X-ray report?,2432,True
What abnormality is present according to the report?,2432,True
Is the heart size normal?,2432,True
What are the key findings in this chest X-ray report?,2433,True
What abnormality is present according to the report?,2433,True
Is there any atelectasis?,2433,True
What are the key findings in this chest X-ray report?,2434,True
What abnormality is present according to the report?,2434,True
What are the key findings in this chest X-ray report?,2435,True
What abnormality is present according to the report?,2435,True
Is the heart size normal?,2435,True
What are the key findings in this chest X-ray report?,2436,True
What abnormality is present according to the report?,2436,True
Is the heart size normal?,2436,True
What are the key findings in this chest X-ray report?,2437,True
What abnormality is present according to the report?,2437,True
Is the heart size normal?,2437,True
What are the key findings in this chest X-ray report?,2438,True
What abnormality is present according to the report?,2438,True
Is the heart size normal?,2438,True
What are the key findings in this chest X-ray report?,2439,True
What abnormality is present according to the report?,2439,True
What are the key findings in this chest X-ray report?,2440,True
What abnormality is present according to the report?,2440,True
What are the key findings in this chest X-ray report?,2441,True
What abnormality is present according to the report?,2441,True
What are the key findings in this chest X-ray report?,2442,True
What abnormality is present according to the report?,2442,True
What are the key findings in this chest X-ray report?,2443,True
What abnormality is present according to the report?,2443,True
What are the key findings in this chest X-ray report?,2444,True
What abnormality is present according to the report?,2444,True
What are the key findings in this chest X-ray report?,2445,True
What abnormality is present according to the report?,2445,True
Is the heart size normal?,2445,True
What are the key findings in this chest X-ray report?,2446,True
What abnormality is present according to the report?,2446,True
What are the key findings in this chest X-ray report?,2447,True
What abnormality is present according to the report?,2447,True
What are the key findings in this chest X-ray report?,2448,True
What abnormality is present according to the report?,2448,True
Is there any effusion?,2448,True
Is there any pneumothorax?,2448,True
What are the key findings in this chest X-ray report?,2449,True
What abnormality is present according to the report?,2449,True
What are the key findings in this chest X-ray report?,2450,True
What abnormality is present according to the report?,2450,True
Is the heart size normal?,2450,True
What are the key findings in this chest X-ray report?,2451,True
What abnormality is present according to the report?,2451,True
What are the key findings in this chest X-ray report?,2453,True
What abnormality is present according to the report?,2453,True
Is the heart size normal?,2453,True
What are the key findings in this chest X-ray report?,2454,True
What abnormality is present according to the report?,2454,True
What are the key findings in this chest X-ray report?,2455,True
What abnormality is present according to the report?,2455,True
What are the key findings in this chest X-ray report?,2456,True
What abnormality is present according to the report?,2456,True
Is there any cardiomegaly?,2456,True
What are the key findings in this chest X-ray report?,2457,True
What abnormality is present according to the report?,2457,True
Is the heart size normal?,2457,True
What are the key findings in this chest X-ray report?,2458,True
What abnormality is present according to the report?,2458,True
What are the key findings in this chest X-ray report?,2459,True
What abnormality is present according to the report?,2459,True
Is the heart size normal?,2459,True
What are the key findings in this chest X-ray report?,2460,True
What abnormality is present according to the report?,2460,True
Is the heart size normal?,2460,True
What are the key findings in this chest X-ray report?,2461,True
What abnormality is present according to the report?,2461,True
Is the heart size normal?,2461,True
What are the key findings in this chest X-ray report?,2462,True
What abnormality is present according to the report?,2462,True
Is there any cardiomegaly?,2462,True
What are the key findings in this chest X-ray report?,2463,True
What abnormality is present according to the report?,2463,True
Is there any opacity?,2463,True
What are the key findings in this chest X-ray report?,2464,True
What abnormality is present according to the report?,2464,True
Is the heart size normal?,2464,True
What are the key findings in this chest X-ray report?,2465,True
What abnormality is present according to the report?,2465,True
Is there any cardiomegaly?,2465,True
What are the key findings in this chest X-ray report?,2466,True
What abnormality is present according to the report?,2466,True
Is the heart size normal?,2466,True
What are the key findings in this chest X-ray report?,2467,True
What abnormality is present according to the report?,2467,True
Is there any opacity?,2467,True
What are the key findings in this chest X-ray report?,2468,True
What abnormality is present according to the report?,2468,True
What are the key findings in this chest X-ray report?,2469,True
What abnormality is present according to the report?,2469,True
Is there any opacity?,2469,True
What are the key findings in this chest X-ray report?,2470,True
What abnormality is present according to the report?,2470,True
Is the heart size normal?,2470,True
What are the key findings in this chest X-ray report?,2471,True
What abnormality is present according to the report?,2471,True
Is the heart size normal?,2471,True
What are the key findings in this chest X-ray report?,2472,True
What abnormality is present according to the report?,2472,True
What are the key findings in this chest X-ray report?,2473,True
What abnormality is present according to the report?,2473,True
What are the key findings in this chest X-ray report?,2474,True
What abnormality is present according to the report?,2474,True
Is there any effusion?,2474,True
What are the key findings in this chest X-ray report?,2475,True
What abnormality is present according to the report?,2475,True
Is there any cardiomegaly?,2475,True
What are the key findings in this chest X-ray report?,2476,True
What abnormality is present according to the report?,2476,True
What are the key findings in this chest X-ray report?,2477,True
What abnormality is present according to the report?,2477,True
Is there any cardiomegaly?,2477,True
Is there any opacity?,2477,True
Is there any atelectasis?,2477,True
What are the key findings in this chest X-ray report?,2478,True
What abnormality is present according to the report?,2478,True
What are the key findings in this chest X-ray report?,2479,True
What abnormality is present according to the report?,2479,True
What are the key findings in this chest X-ray report?,2480,True
What abnormality is present according to the report?,2480,True
Is the heart size normal?,2480,True
What are the key findings in this chest X-ray report?,2481,True
What abnormality is present according to the report?,2481,True
Is there any opacity?,2481,True
Is there any atelectasis?,2481,True
What are the key findings in this chest X-ray report?,2482,True
What abnormality is present according to the report?,2482,True
Is there any pneumothorax?,2482,True
Is there any atelectasis?,2482,True
What are the key findings in this chest X-ray report?,2483,True
What abnormality is present according to the report?,2483,True
What are the key findings in this chest X-ray report?,2484,True
What abnormality is present according to the report?,2484,True
Is there any opacity?,2484,True
What are the key findings in this chest X-ray report?,2485,True
What abnormality is present according to the report?,2485,True
Is there any effusion?,2485,True
Is there any atelectasis?,2485,True
What are the key findings in this chest X-ray report?,2486,True
What abnormality is present according to the report?,2486,True
What are the key findings in this chest X-ray report?,2487,True
What abnormality is present according to the report?,2487,True
Is the heart size normal?,2487,True
What are the key findings in this chest X-ray report?,2488,True
What abnormality is present according to the report?,2488,True
What are the key findings in this chest X-ray report?,2489,True
What abnormality is present according to the report?,2489,True
Is there any atelectasis?,2489,True
What are the key findings in this chest X-ray report?,2490,True
What abnormality is present according to the report?,2490,True
What are the key findings in this chest X-ray report?,2491,True
What abnormality is present according to the report?,2491,True
Is the heart size normal?,2491,True
What are the key findings in this chest X-ray report?,2492,True
What abnormality is present according to the report?,2492,True
What are the key findings in this chest X-ray report?,2493,True
What abnormality is present according to the report?,2493,True
Is the heart size normal?,2493,True
What are the key findings in this chest X-ray report?,2494,True
What abnormality is present according to the report?,2494,True
Is there any cardiomegaly?,2494,True
What are the key findings in this chest X-ray report?,2495,True
What abnormality is present according to the report?,2495,True
What are the key findings in this chest X-ray report?,2496,True
What abnormality is present according to the report?,2496,True
Is there any cardiomegaly?,2496,True
What are the key findings in this chest X-ray report?,2497,True
What abnormality is present according to the report?,2497,True
What are the key findings in this chest X-ray report?,2498,True
What abnormality is present according to the report?,2498,True
What are the key findings in this chest X-ray report?,2499,True
What abnormality is present according to the report?,2499,True
Is there any cardiomegaly?,2499,True
Is there any effusion?,2499,True
Is there any opacity?,2499,True
What are the key findings in this chest X-ray report?,2501,True
What abnormality is present according to the report?,2501,True
What are the key findings in this chest X-ray report?,2502,True
What abnormality is present according to the report?,2502,True
Is there any effusion?,2502,True
Is there any opacity?,2502,True
What are the key findings in this chest X-ray report?,2503,True
What abnormality is present according to the report?,2503,True
What are the key findings in this chest X-ray report?,2504,True
What abnormality is present according to the report?,2504,True
Is the heart size normal?,2504,True
What are the key findings in this chest X-ray report?,2505,True
What abnormality is present according to the report?,2505,True
What are the key findings in this chest X-ray report?,2506,True
What abnormality is present according to the report?,2506,True
Is there any cardiomegaly?,2506,True
What are the key findings in this chest X-ray report?,2507,True
What abnormality is present according to the report?,2507,True
What are the key findings in this chest X-ray report?,2509,True
What abnormality is present according to the report?,2509,True
What are the key findings in this chest X-ray report?,2510,True
What abnormality is present according to the report?,2510,True
What are the key findings in this chest X-ray report?,2511,True
What abnormality is present according to the report?,2511,True
What are the key findings in this chest X-ray report?,2512,True
What abnormality is present according to the report?,2512,True
Is there any effusion?,2512,True
What are the key findings in this chest X-ray report?,2513,True
What abnormality is present according to the report?,2513,True
Is there any atelectasis?,2513,True
What are the key findings in this chest X-ray report?,2514,True
What abnormality is present according to the report?,2514,True
What are the key findings in this chest X-ray report?,2515,True
What abnormality is present according to the report?,2515,True
Is the heart size normal?,2515,True
What are the key findings in this chest X-ray report?,2516,True
What abnormality is present according to the report?,2516,True
What are the key findings in this chest X-ray report?,2517,True
What abnormality is present according to the report?,2517,True
Is the heart size normal?,2517,True
What are the key findings in this chest X-ray report?,2518,True
What abnormality is present according to the report?,2518,True
What are the key findings in this chest X-ray report?,2519,True
What abnormality is present according to the report?,2519,True
Is there any cardiomegaly?,2519,True
What are the key findings in this chest X-ray report?,2520,True
What abnormality is present according to the report?,2520,True
Is there any opacity?,2520,True
Is there any atelectasis?,2520,True
What are the key findings in this chest X-ray report?,2522,True
What abnormality is present according to the report?,2522,True
What are the key findings in this chest X-ray report?,2523,True
What abnormality is present according to the report?,2523,True
Is the heart size normal?,2523,True
What are the key findings in this chest X-ray report?,2524,True
What abnormality is present according to the report?,2524,True
What are the key findings in this chest X-ray report?,2525,True
What abnormality is present according to the report?,2525,True
What are the key findings in this chest X-ray report?,2526,True
What abnormality is present according to the report?,2526,True
Is the heart size normal?,2526,True
What are the key findings in this chest X-ray report?,2527,True
What abnormality is present according to the report?,2527,True
Is the heart size normal?,2527,True
What are the key findings in this chest X-ray report?,2528,True
What abnormality is present according to the report?,2528,True
What are the key findings in this chest X-ray report?,2529,True
What abnormality is present according to the report?,2529,True
Is the heart size normal?,2529,True
What are the key findings in this chest X-ray report?,2530,True
What abnormality is present according to the report?,2530,True
What are the key findings in this chest X-ray report?,2531,True
What abnormality is present according to the report?,2531,True
What are the key findings in this chest X-ray report?,2532,True
What abnormality is present according to the report?,2532,True
Is there any cardiomegaly?,2532,True
Is there any opacity?,2532,True
Is there any edema?,2532,True
What are the key findings in this chest X-ray report?,2533,True
What abnormality is present according to the report?,2533,True
Is the heart size normal?,2533,True
What are the key findings in this chest X-ray report?,2535,True
What abnormality is present according to the report?,2535,True
Is the heart size normal?,2535,True
What are the key findings in this chest X-ray report?,2536,True
What abnormality is present according to the report?,2536,True
What are the key findings in this chest X-ray report?,2537,True
What abnormality is present according to the report?,2537,True
Is there any opacity?,2537,True
Is there any atelectasis?,2537,True
What are the key findings in this chest X-ray report?,2538,True
What abnormality is present according to the report?,2538,True
Is the heart size normal?,2538,True
What are the key findings in this chest X-ray report?,2539,True
What abnormality is present according to the report?,2539,True
Is the heart size normal?,2539,True
What are the key findings in this chest X-ray report?,2540,True
What abnormality is present according to the report?,2540,True
Is the heart size normal?,2540,True
What are the key findings in this chest X-ray report?,2541,True
What abnormality is present according to the report?,2541,True
Is the heart size normal?,2541,True
What are the key findings in this chest X-ray report?,2542,True
What abnormality is present according to the report?,2542,True
Is the heart size normal?,2542,True
What are the key findings in this chest X-ray report?,2543,True
What abnormality is present according to the report?,2543,True
Is there any cardiomegaly?,2543,True
Is there any edema?,2543,True
What are the key findings in this chest X-ray report?,2544,True
What abnormality is present according to the report?,2544,True
Is there any cardiomegaly?,2544,True
What are the key findings in this chest X-ray report?,2545,True
What abnormality is present according to the report?,2545,True
Is the heart size normal?,2545,True
What are the key findings in this chest X-ray report?,2546,True
What abnormality is present according to the report?,2546,True
What are the key findings in this chest X-ray report?,2547,True
What abnormality is present according to the report?,2547,True
Is there any opacity?,2547,True
What are the key findings in this chest X-ray report?,2548,True
What abnormality is present according to the report?,2548,True
Is there any atelectasis?,2548,True
What are the key findings in this chest X-ray report?,2549,True
What abnormality is present according to the report?,2549,True
Is the heart size normal?,2549,True
What are the key findings in this chest X-ray report?,2550,True
What abnormality is present according to the report?,2550,True
What are the key findings in this chest X-ray report?,2551,True
What abnormality is present according to the report?,2551,True
Is the heart size normal?,2551,True
What are the key findings in this chest X-ray report?,2552,True
What abnormality is present according to the report?,2552,True
Is the heart size normal?,2552,True
What are the key findings in this chest X-ray report?,2553,True
What abnormality is present according to the report?,2553,True
What are the key findings in this chest X-ray report?,2554,True
What abnormality is present according to the report?,2554,True
Is there any atelectasis?,2554,True
What are the key findings in this chest X-ray report?,2555,True
What abnormality is present according to the report?,2555,True
What are the key findings in this chest X-ray report?,2557,True
What abnormality is present according to the report?,2557,True
Is there any cardiomegaly?,2557,True
What are the key findings in this chest X-ray report?,2558,True
What abnormality is present according to the report?,2558,True
Is the heart size normal?,2558,True
What are the key findings in this chest X-ray report?,2559,True
What abnormality is present according to the report?,2559,True
Is the heart size normal?,2559,True
What are the key findings in this chest X-ray report?,2560,True
What abnormality is present according to the report?,2560,True
What are the key findings in this chest X-ray report?,2561,True
What abnormality is present according to the report?,2561,True
Is the heart size normal?,2561,True
What are the key findings in this chest X-ray report?,2562,True
What abnormality is present according to the report?,2562,True
Is there any opacity?,2562,True
Is there any atelectasis?,2562,True
What are the key findings in this chest X-ray report?,2563,True
What abnormality is present according to the report?,2563,True
Is the heart size normal?,2563,True
What are the key findings in this chest X-ray report?,2564,True
What abnormality is present according to the report?,2564,True
Is the heart size normal?,2564,True
What are the key findings in this chest X-ray report?,2565,True
What abnormality is present according to the report?,2565,True
What are the key findings in this chest X-ray report?,2566,True
What abnormality is present according to the report?,2566,True
Is the heart size normal?,2566,True
What are the key findings in this chest X-ray report?,2567,True
What abnormality is present according to the report?,2567,True
Is the heart size normal?,2567,True
What are the key findings in this chest X-ray report?,2568,True
What abnormality is present according to the report?,2568,True
What are the key findings in this chest X-ray report?,2569,True
What abnormality is present according to the report?,2569,True
What are the key findings in this chest X-ray report?,2570,True
What abnormality is present according to the report?,2570,True
Is there any cardiomegaly?,2570,True
Is there any effusion?,2570,True
Is there any edema?,2570,True
What are the key findings in this chest X-ray report?,2571,True
What abnormality is present according to the report?,2571,True
What are the key findings in this chest X-ray report?,2572,True
What abnormality is present according to the report?,2572,True
Is the heart size normal?,2572,True
What are the key findings in this chest X-ray report?,2573,True
What abnormality is present according to the report?,2573,True
Is the heart size normal?,2573,True
What are the key findings in this chest X-ray report?,2574,True
What abnormality is present according to the report?,2574,True
What are the key findings in this chest X-ray report?,2575,True
What abnormality is present according to the report?,2575,True
What are the key findings in this chest X-ray report?,2576,True
What abnormality is present according to the report?,2576,True
What are the key findings in this chest X-ray report?,2577,True
What abnormality is present according to the report?,2577,True
Is there any opacity?,2577,True
Is there any atelectasis?,2577,True
What are the key findings in this chest X-ray report?,2578,True
What abnormality is present according to the report?,2578,True
What are the key findings in this chest X-ray report?,2579,True
What abnormality is present according to the report?,2579,True
Is the heart size normal?,2579,True
What are the key findings in this chest X-ray report?,2580,True
What abnormality is present according to the report?,2580,True
What are the key findings in this chest X-ray report?,2581,True
What abnormality is present according to the report?,2581,True
What are the key findings in this chest X-ray report?,2582,True
What abnormality is present according to the report?,2582,True
What are the key findings in this chest X-ray report?,2583,True
What abnormality is present according to the report?,2583,True
Is the heart size normal?,2583,True
What are the key findings in this chest X-ray report?,2584,True
What abnormality is present according to the report?,2584,True
Is the heart size normal?,2584,True
What are the key findings in this chest X-ray report?,2585,True
What abnormality is present according to the report?,2585,True
What are the key findings in this chest X-ray report?,2586,True
What abnormality is present according to the report?,2586,True
What are the key findings in this chest X-ray report?,2587,True
What abnormality is present according to the report?,2587,True
What are the key findings in this chest X-ray report?,2588,True
What abnormality is present according to the report?,2588,True
What are the key findings in this chest X-ray report?,2589,True
What abnormality is present according to the report?,2589,True
Is there any cardiomegaly?,2589,True
What are the key findings in this chest X-ray report?,2590,True
What abnormality is present according to the report?,2590,True
Is the heart size normal?,2590,True
What are the key findings in this chest X-ray report?,2591,True
What abnormality is present according to the report?,2591,True
Is the heart size normal?,2591,True
What are the key findings in this chest X-ray report?,2592,True
What abnormality is present according to the report?,2592,True
Is the heart size normal?,2592,True
What are the key findings in this chest X-ray report?,2593,True
What abnormality is present according to the report?,2593,True
Is there any cardiomegaly?,2593,True
What are the key findings in this chest X-ray report?,2594,True
What abnormality is present according to the report?,2594,True
Is there any opacity?,2594,True
Is there any atelectasis?,2594,True
What are the key findings in this chest X-ray report?,2595,True
What abnormality is present according to the report?,2595,True
Is the heart size normal?,2595,True
What are the key findings in this chest X-ray report?,2596,True
What abnormality is present according to the report?,2596,True
Is the heart size normal?,2596,True
What are the key findings in this chest X-ray report?,2597,True
What abnormality is present according to the report?,2597,True
What are the key findings in this chest X-ray report?,2599,True
What abnormality is present according to the report?,2599,True
Is there any opacity?,2599,True
What are the key findings in this chest X-ray report?,2600,True
What abnormality is present according to the report?,2600,True
What are the key findings in this chest X-ray report?,2604,True
What abnormality is present according to the report?,2604,True
Is the heart size normal?,2604,True
What are the key findings in this chest X-ray report?,2605,True
What abnormality is present according to the report?,2605,True
Is the heart size normal?,2605,True
What are the key findings in this chest X-ray report?,2606,True
What abnormality is present according to the report?,2606,True
What are the key findings in this chest X-ray report?,2607,True
What abnormality is present according to the report?,2607,True
What are the key findings in this chest X-ray report?,2608,True
What abnormality is present according to the report?,2608,True
Is there any effusion?,2608,True
What are the key findings in this chest X-ray report?,2609,True
What abnormality is present according to the report?,2609,True
Is the heart size normal?,2609,True
What are the key findings in this chest X-ray report?,2610,True
What abnormality is present according to the report?,2610,True
Is there any atelectasis?,2610,True
What are the key findings in this chest X-ray report?,2611,True
What abnormality is present according to the report?,2611,True
Is the heart size normal?,2611,True
What are the key findings in this chest X-ray report?,2612,True
What abnormality is present according to the report?,2612,True
Is the heart size normal?,2612,True
What are the key findings in this chest X-ray report?,2613,True
What abnormality is present according to the report?,2613,True
What are the key findings in this chest X-ray report?,2614,True
What abnormality is present according to the report?,2614,True
Is there any opacity?,2614,True
What are the key findings in this chest X-ray report?,2615,True
What abnormality is present according to the report?,2615,True
Is there any cardiomegaly?,2615,True
Is there any effusion?,2615,True
Is there any opacity?,2615,True
Is there any edema?,2615,True
What are the key findings in this chest X-ray report?,2616,True
What abnormality is present according to the report?,2616,True
Is there any effusion?,2616,True
What are the key findings in this chest X-ray report?,2617,True
What abnormality is present according to the report?,2617,True
What are the key findings in this chest X-ray report?,2618,True
What abnormality is present according to the report?,2618,True
Is there any opacity?,2618,True
What are the key findings in this chest X-ray report?,2619,True
What abnormality is present according to the report?,2619,True
Is there any opacity?,2619,True
What are the key findings in this chest X-ray report?,2620,True
What abnormality is present according to the report?,2620,True
Is the heart size normal?,2620,True
What are the key findings in this chest X-ray report?,2621,True
What abnormality is present according to the report?,2621,True
Is the heart size normal?,2621,True
What are the key findings in this chest X-ray report?,2622,True
What abnormality is present according to the report?,2622,True
What are the key findings in this chest X-ray report?,2623,True
What abnormality is present according to the report?,2623,True
Is the heart size normal?,2623,True
What are the key findings in this chest X-ray report?,2624,True
What abnormality is present according to the report?,2624,True
What are the key findings in this chest X-ray report?,2625,True
What abnormality is present according to the report?,2625,True
Is the heart size normal?,2625,True
What are the key findings in this chest X-ray report?,2626,True
What abnormality is present according to the report?,2626,True
Is the heart size normal?,2626,True
What are the key findings in this chest X-ray report?,2627,True
What abnormality is present according to the report?,2627,True
What are the key findings in this chest X-ray report?,2628,True
What abnormality is present according to the report?,2628,True
Is there any atelectasis?,2628,True
What are the key findings in this chest X-ray report?,2629,True
What abnormality is present according to the report?,2629,True
Is the heart size normal?,2629,True
What are the key findings in this chest X-ray report?,2630,True
What abnormality is present according to the report?,2630,True
What are the key findings in this chest X-ray report?,2631,True
What abnormality is present according to the report?,2631,True
What are the key findings in this chest X-ray report?,2632,True
What abnormality is present according to the report?,2632,True
Is the heart size normal?,2632,True
What are the key findings in this chest X-ray report?,2633,True
What abnormality is present according to the report?,2633,True
What are the key findings in this chest X-ray report?,2634,True
What abnormality is present according to the report?,2634,True
What are the key findings in this chest X-ray report?,2635,True
What abnormality is present according to the report?,2635,True
Is the heart size normal?,2635,True
What are the key findings in this chest X-ray report?,2636,True
What abnormality is present according to the report?,2636,True
What are the key findings in this chest X-ray report?,2637,True
What abnormality is present according to the report?,2637,True
Is there any cardiomegaly?,2637,True
Is there any effusion?,2637,True
Is there any opacity?,2637,True
Is there any edema?,2637,True
What are the key findings in this chest X-ray report?,2638,True
What abnormality is present according to the report?,2638,True
Is the heart size normal?,2638,True
What are the key findings in this chest X-ray report?,2639,True
What abnormality is present according to the report?,2639,True
What are the key findings in this chest X-ray report?,2640,True
What abnormality is present according to the report?,2640,True
Is the heart size normal?,2640,True
What are the key findings in this chest X-ray report?,2642,True
What abnormality is present according to the report?,2642,True
Is there any effusion?,2642,True
What are the key findings in this chest X-ray report?,2643,True
What abnormality is present according to the report?,2643,True
Is the heart size normal?,2643,True
What are the key findings in this chest X-ray report?,2644,True
What abnormality is present according to the report?,2644,True
Is there any cardiomegaly?,2644,True
What are the key findings in this chest X-ray report?,2645,True
What abnormality is present according to the report?,2645,True
What are the key findings in this chest X-ray report?,2646,True
What abnormality is present according to the report?,2646,True
What are the key findings in this chest X-ray report?,2647,True
What abnormality is present according to the report?,2647,True
What are the key findings in this chest X-ray report?,2648,True
What abnormality is present according to the report?,2648,True
Is there any cardiomegaly?,2648,True
What are the key findings in this chest X-ray report?,2649,True
What abnormality is present according to the report?,2649,True
Is the heart size normal?,2649,True
What are the key findings in this chest X-ray report?,2650,True
What abnormality is present according to the report?,2650,True
Is there any cardiomegaly?,2650,True
What are the key findings in this chest X-ray report?,2651,True
What abnormality is present according to the report?,2651,True
Is the heart size normal?,2651,True
What are the key findings in this chest X-ray report?,2652,True
What abnormality is present according to the report?,2652,True
What are the key findings in this chest X-ray report?,2653,True
What abnormality is present according to the report?,2653,True
What are the key findings in this chest X-ray report?,2654,True
What abnormality is present according to the report?,2654,True
What are the key findings in this chest X-ray report?,2655,True
What abnormality is present according to the report?,2655,True
Is the heart size normal?,2655,True
What are the key findings in this chest X-ray report?,2656,True
What abnormality is present according to the report?,2656,True
What are the key findings in this chest X-ray report?,2657,True
What abnormality is present according to the report?,2657,True
Is there any effusion?,2657,True
Is there any edema?,2657,True
What are the key findings in this chest X-ray report?,2658,True
What abnormality is present according to the report?,2658,True
What are the key findings in this chest X-ray report?,2659,True
What abnormality is present according to the report?,2659,True
Is the heart size normal?,2659,True
What are the key findings in this chest X-ray report?,2660,True
What abnormality is present according to the report?,2660,True
Is the heart size normal?,2660,True
What are the key findings in this chest X-ray report?,2661,True
What abnormality is present according to the report?,2661,True
Is there any cardiomegaly?,2661,True
What are the key findings in this chest X-ray report?,2662,True
What abnormality is present according to the report?,2662,True
Is the heart size normal?,2662,True
What are the key findings in this chest X-ray report?,2663,True
What abnormality is present according to the report?,2663,True
Is the heart size normal?,2663,True
What are the key findings in this chest X-ray report?,2664,True
What abnormality is present according to the report?,2664,True
Is there any opacity?,2664,True
Is there any atelectasis?,2664,True
What are the key findings in this chest X-ray report?,2665,True
What abnormality is present according to the report?,2665,True
Is the heart size normal?,2665,True
What are the key findings in this chest X-ray report?,2666,True
What abnormality is present according to the report?,2666,True
What are the key findings in this chest X-ray report?,2667,True
What abnormality is present according to the report?,2667,True
Is the heart size normal?,2667,True
What are the key findings in this chest X-ray report?,2668,True
What abnormality is present according to the report?,2668,True
Is the heart size normal?,2668,True
What are the key findings in this chest X-ray report?,2669,True
What abnormality is present according to the report?,2669,True
Is there any opacity?,2669,True
What are the key findings in this chest X-ray report?,2670,True
What abnormality is present according to the report?,2670,True
Is there any opacity?,2670,True
Is there any atelectasis?,2670,True
What are the key findings in this chest X-ray report?,2671,True
What abnormality is present according to the report?,2671,True
What are the key findings in this chest X-ray report?,2672,True
What abnormality is present according to the report?,2672,True
Is the heart size normal?,2672,True
What are the key findings in this chest X-ray report?,2673,True
What abnormality is present according to the report?,2673,True
Is there any cardiomegaly?,2673,True
Is there any edema?,2673,True
What are the key findings in this chest X-ray report?,2674,True
What abnormality is present according to the report?,2674,True
Is the heart size normal?,2674,True
What are the key findings in this chest X-ray report?,2676,True
What abnormality is present according to the report?,2676,True
Is there any cardiomegaly?,2676,True
Is there any atelectasis?,2676,True
What are the key findings in this chest X-ray report?,2677,True
What abnormality is present according to the report?,2677,True
What are the key findings in this chest X-ray report?,2679,True
What abnormality is present according to the report?,2679,True
What are the key findings in this chest X-ray report?,2680,True
What abnormality is present according to the report?,2680,True
Is the heart size normal?,2680,True
What are the key findings in this chest X-ray report?,2681,True
What abnormality is present according to the report?,2681,True
What are the key findings in this chest X-ray report?,2683,True
What abnormality is present according to the report?,2683,True
Is the heart size normal?,2683,True
What are the key findings in this chest X-ray report?,2684,True
What abnormality is present according to the report?,2684,True
What are the key findings in this chest X-ray report?,2685,True
What abnormality is present according to the report?,2685,True
What are the key findings in this chest X-ray report?,2686,True
What abnormality is present according to the report?,2686,True
Is the heart size normal?,2686,True
What are the key findings in this chest X-ray report?,2687,True
What abnormality is present according to the report?,2687,True
What are the key findings in this chest X-ray report?,2688,True
What abnormality is present according to the report?,2688,True
Is there any cardiomegaly?,2688,True
Is there any opacity?,2688,True
What are the key findings in this chest X-ray report?,2689,True
What abnormality is present according to the report?,2689,True
What are the key findings in this chest X-ray report?,2690,True
What abnormality is present according to the report?,2690,True
What are the key findings in this chest X-ray report?,2691,True
What abnormality is present according to the report?,2691,True
Is there any cardiomegaly?,2691,True
What are the key findings in this chest X-ray report?,2692,True
What abnormality is present according to the report?,2692,True
Is the heart size normal?,2692,True
What are the key findings in this chest X-ray report?,2693,True
What abnormality is present according to the report?,2693,True
What are the key findings in this chest X-ray report?,2694,True
What abnormality is present according to the report?,2694,True
Is the heart size normal?,2694,True
What are the key findings in this chest X-ray report?,2695,True
What abnormality is present according to the report?,2695,True
What are the key findings in this chest X-ray report?,2696,True
What abnormality is present according to the report?,2696,True
Is there any cardiomegaly?,2696,True
Is there any opacity?,2696,True
Is there any atelectasis?,2696,True
What are the key findings in this chest X-ray report?,2698,True
What abnormality is present according to the report?,2698,True
Is the heart size normal?,2698,True
What are the key findings in this chest X-ray report?,2699,True
What abnormality is present according to the report?,2699,True
Is the heart size normal?,2699,True
What are the key findings in this chest X-ray report?,2700,True
What abnormality is present according to the report?,2700,True
What are the key findings in this chest X-ray report?,2701,True
What abnormality is present according to the report?,2701,True
What are the key findings in this chest X-ray report?,2702,True
What abnormality is present according to the report?,2702,True
Is there any cardiomegaly?,2702,True
Is there any effusion?,2702,True
What are the key findings in this chest X-ray report?,2704,True
What abnormality is present according to the report?,2704,True
Is there any opacity?,2704,True
Is there any atelectasis?,2704,True
What are the key findings in this chest X-ray report?,2705,True
What abnormality is present according to the report?,2705,True
What are the key findings in this chest X-ray report?,2706,True
What abnormality is present according to the report?,2706,True
What are the key findings in this chest X-ray report?,2708,True
What abnormality is present according to the report?,2708,True
What are the key findings in this chest X-ray report?,2709,True
What abnormality is present according to the report?,2709,True
Is there any opacity?,2709,True
What are the key findings in this chest X-ray report?,2710,True
What abnormality is present according to the report?,2710,True
Is the heart size normal?,2710,True
What are the key findings in this chest X-ray report?,2711,True
What abnormality is present according to the report?,2711,True
What are the key findings in this chest X-ray report?,2712,True
What abnormality is present according to the report?,2712,True
What are the key findings in this chest X-ray report?,2713,True
What abnormality is present according to the report?,2713,True
Is there any opacity?,2713,True
Is there any atelectasis?,2713,True
What are the key findings in this chest X-ray report?,2714,True
What abnormality is present according to the report?,2714,True
Is the heart size normal?,2714,True
What are the key findings in this chest X-ray report?,2715,True
What abnormality is present according to the report?,2715,True
What are the key findings in this chest X-ray report?,2716,True
What abnormality is present according to the report?,2716,True
Is there any effusion?,2716,True
Is there any opacity?,2716,True
Is there any atelectasis?,2716,True
What are the key findings in this chest X-ray report?,2717,True
What abnormality is present according to the report?,2717,True
What are the key findings in this chest X-ray report?,2718,True
What abnormality is present according to the report?,2718,True
What are the key findings in this chest X-ray report?,2719,True
What abnormality is present according to the report?,2719,True
Is there any opacity?,2719,True
What are the key findings in this chest X-ray report?,2720,True
What abnormality is present according to the report?,2720,True
Is the heart size normal?,2720,True
What are the key findings in this chest X-ray report?,2721,True
What abnormality is present according to the report?,2721,True
What are the key findings in this chest X-ray report?,2722,True
What abnormality is present according to the report?,2722,True
Is there any cardiomegaly?,2722,True
What are the key findings in this chest X-ray report?,2723,True
What abnormality is present according to the report?,2723,True
Is there any atelectasis?,2723,True
What are the key findings in this chest X-ray report?,2724,True
What abnormality is present according to the report?,2724,True
What are the key findings in this chest X-ray report?,2725,True
What abnormality is present according to the report?,2725,True
What are the key findings in this chest X-ray report?,2726,True
What abnormality is present according to the report?,2726,True
Is the heart size normal?,2726,True
What are the key findings in this chest X-ray report?,2727,True
What abnormality is present according to the report?,2727,True
What are the key findings in this chest X-ray report?,2728,True
What abnormality is present according to the report?,2728,True
Is there any opacity?,2728,True
Is there any atelectasis?,2728,True
What are the key findings in this chest X-ray report?,2729,True
What abnormality is present according to the report?,2729,True
What are the key findings in this chest X-ray report?,2730,True
What abnormality is present according to the report?,2730,True
Is the heart size normal?,2730,True
What are the key findings in this chest X-ray report?,2731,True
What abnormality is present according to the report?,2731,True
Is the heart size normal?,2731,True
What are the key findings in this chest X-ray report?,2733,True
What abnormality is present according to the report?,2733,True
Is there any opacity?,2733,True
What are the key findings in this chest X-ray report?,2734,True
What abnormality is present according to the report?,2734,True
Is the heart size normal?,2734,True
What are the key findings in this chest X-ray report?,2735,True
What abnormality is present according to the report?,2735,True
Is the heart size normal?,2735,True
What are the key findings in this chest X-ray report?,2737,True
What abnormality is present according to the report?,2737,True
Is there any atelectasis?,2737,True
What are the key findings in this chest X-ray report?,2738,True
What abnormality is present according to the report?,2738,True
What are the key findings in this chest X-ray report?,2739,True
What abnormality is present according to the report?,2739,True
Is the heart size normal?,2739,True
What are the key findings in this chest X-ray report?,2740,True
What abnormality is present according to the report?,2740,True
What are the key findings in this chest X-ray report?,2741,True
What abnormality is present according to the report?,2741,True
Is the heart size normal?,2741,True
What are the key findings in this chest X-ray report?,2742,True
What abnormality is present according to the report?,2742,True
What are the key findings in this chest X-ray report?,2743,True
What abnormality is present according to the report?,2743,True
What are the key findings in this chest X-ray report?,2744,True
What abnormality is present according to the report?,2744,True
Is the heart size normal?,2744,True
What are the key findings in this chest X-ray report?,2745,True
What abnormality is present according to the report?,2745,True
What are the key findings in this chest X-ray report?,2746,True
What abnormality is present according to the report?,2746,True
What are the key findings in this chest X-ray report?,2747,True
What abnormality is present according to the report?,2747,True
Is there any effusion?,2747,True
What are the key findings in this chest X-ray report?,2748,True
What abnormality is present according to the report?,2748,True
Is the heart size normal?,2748,True
What are the key findings in this chest X-ray report?,2749,True
What abnormality is present according to the report?,2749,True
What are the key findings in this chest X-ray report?,2750,True
What abnormality is present according to the report?,2750,True
Is there any opacity?,2750,True
What are the key findings in this chest X-ray report?,2751,True
What abnormality is present according to the report?,2751,True
Is the heart size normal?,2751,True
What are the key findings in this chest X-ray report?,2752,True
What abnormality is present according to the report?,2752,True
Is there any cardiomegaly?,2752,True
Is there any effusion?,2752,True
Is there any opacity?,2752,True
Is there any atelectasis?,2752,True
What are the key findings in this chest X-ray report?,2753,True
What abnormality is present according to the report?,2753,True
What are the key findings in this chest X-ray report?,2754,True
What abnormality is present according to the report?,2754,True
Is the heart size normal?,2754,True
What are the key findings in this chest X-ray report?,2755,True
What abnormality is present according to the report?,2755,True
Is there any cardiomegaly?,2755,True
What are the key findings in this chest X-ray report?,2756,True
What abnormality is present according to the report?,2756,True
What are the key findings in this chest X-ray report?,2758,True
What abnormality is present according to the report?,2758,True
Is the heart size normal?,2758,True
What are the key findings in this chest X-ray report?,2759,True
What abnormality is present according to the report?,2759,True
What are the key findings in this chest X-ray report?,2760,True
What abnormality is present according to the report?,2760,True
What are the key findings in this chest X-ray report?,2761,True
What abnormality is present according to the report?,2761,True
Is there any opacity?,2761,True
What are the key findings in this chest X-ray report?,2762,True
What abnormality is present according to the report?,2762,True
What are the key findings in this chest X-ray report?,2763,True
What abnormality is present according to the report?,2763,True
What are the key findings in this chest X-ray report?,2764,True
What abnormality is present according to the report?,2764,True
Is the heart size normal?,2764,True
What are the key findings in this chest X-ray report?,2766,True
What abnormality is present according to the report?,2766,True
Is there any cardiomegaly?,2766,True
What are the key findings in this chest X-ray report?,2767,True
What abnormality is present according to the report?,2767,True
What are the key findings in this chest X-ray report?,2768,True
What abnormality is present according to the report?,2768,True
Is the heart size normal?,2768,True
What are the key findings in this chest X-ray report?,2769,True
What abnormality is present according to the report?,2769,True
What are the key findings in this chest X-ray report?,2770,True
What abnormality is present according to the report?,2770,True
Is the heart size normal?,2770,True
What are the key findings in this chest X-ray report?,2771,True
What abnormality is present according to the report?,2771,True
Is the heart size normal?,2771,True
What are the key findings in this chest X-ray report?,2772,True
What abnormality is present according to the report?,2772,True
Is the heart size normal?,2772,True
What are the key findings in this chest X-ray report?,2773,True
What abnormality is present according to the report?,2773,True
What are the key findings in this chest X-ray report?,2774,True
What abnormality is present according to the report?,2774,True
Is there any cardiomegaly?,2774,True
What are the key findings in this chest X-ray report?,2775,True
What abnormality is present according to the report?,2775,True
Is the heart size normal?,2775,True
What are the key findings in this chest X-ray report?,2776,True
What abnormality is present according to the report?,2776,True
What are the key findings in this chest X-ray report?,2777,True
What abnormality is present according to the report?,2777,True
Is there any atelectasis?,2777,True
What are the key findings in this chest X-ray report?,2778,True
What abnormality is present according to the report?,2778,True
What are the key findings in this chest X-ray report?,2779,True
What abnormality is present according to the report?,2779,True
What are the key findings in this chest X-ray report?,2780,True
What abnormality is present according to the report?,2780,True
What are the key findings in this chest X-ray report?,2781,True
What abnormality is present according to the report?,2781,True
Is the heart size normal?,2781,True
What are the key findings in this chest X-ray report?,2782,True
What abnormality is present according to the report?,2782,True
What are the key findings in this chest X-ray report?,2783,True
What abnormality is present according to the report?,2783,True
What are the key findings in this chest X-ray report?,2784,True
What abnormality is present according to the report?,2784,True
Is the heart size normal?,2784,True
What are the key findings in this chest X-ray report?,2785,True
What abnormality is present according to the report?,2785,True
Is the heart size normal?,2785,True
What are the key findings in this chest X-ray report?,2786,True
What abnormality is present according to the report?,2786,True
Is the heart size normal?,2786,True
What are the key findings in this chest X-ray report?,2787,True
What abnormality is present according to the report?,2787,True
Is the heart size normal?,2787,True
What are the key findings in this chest X-ray report?,2788,True
What abnormality is present according to the report?,2788,True
Is the heart size normal?,2788,True
What are the key findings in this chest X-ray report?,2789,True
What abnormality is present according to the report?,2789,True
What are the key findings in this chest X-ray report?,2790,True
What abnormality is present according to the report?,2790,True
What are the key findings in this chest X-ray report?,2791,True
What abnormality is present according to the report?,2791,True
Is the heart size normal?,2791,True
What are the key findings in this chest X-ray report?,2792,True
What abnormality is present according to the report?,2792,True
Is the heart size normal?,2792,True
What are the key findings in this chest X-ray report?,2793,True
What abnormality is present according to the report?,2793,True
What are the key findings in this chest X-ray report?,2794,True
What abnormality is present according to the report?,2794,True
What are the key findings in this chest X-ray report?,2795,True
What abnormality is present according to the report?,2795,True
What are the key findings in this chest X-ray report?,2796,True
What abnormality is present according to the report?,2796,True
Is the heart size normal?,2796,True
What are the key findings in this chest X-ray report?,2797,True
What abnormality is present according to the report?,2797,True
Is the heart size normal?,2797,True
What are the key findings in this chest X-ray report?,2798,True
What abnormality is present according to the report?,2798,True
What are the key findings in this chest X-ray report?,2799,True
What abnormality is present according to the report?,2799,True
Is the heart size normal?,2799,True
What are the key findings in this chest X-ray report?,2801,True
What abnormality is present according to the report?,2801,True
Is there any atelectasis?,2801,True
What are the key findings in this chest X-ray report?,2802,True
What abnormality is present according to the report?,2802,True
What are the key findings in this chest X-ray report?,2803,True
What abnormality is present according to the report?,2803,True
What are the key findings in this chest X-ray report?,2804,True
What abnormality is present according to the report?,2804,True
Is the heart size normal?,2804,True
What are the key findings in this chest X-ray report?,2805,True
What abnormality is present according to the report?,2805,True
Is the heart size normal?,2805,True
What are the key findings in this chest X-ray report?,2806,True
What abnormality is present according to the report?,2806,True
Is the heart size normal?,2806,True
What are the key findings in this chest X-ray report?,2807,True
What abnormality is present according to the report?,2807,True
Is the heart size normal?,2807,True
What are the key findings in this chest X-ray report?,2808,True
What abnormality is present according to the report?,2808,True
What are the key findings in this chest X-ray report?,2809,True
What abnormality is present according to the report?,2809,True
What are the key findings in this chest X-ray report?,2810,True
What abnormality is present according to the report?,2810,True
What are the key findings in this chest X-ray report?,2811,True
What abnormality is present according to the report?,2811,True
Is the heart size normal?,2811,True
What are the key findings in this chest X-ray report?,2812,True
What abnormality is present according to the report?,2812,True
What are the key findings in this chest X-ray report?,2813,True
What abnormality is present according to the report?,2813,True
What are the key findings in this chest X-ray report?,2814,True
What abnormality is present according to the report?,2814,True
Is there any cardiomegaly?,2814,True
What are the key findings in this chest X-ray report?,2815,True
What abnormality is present according to the report?,2815,True
What are the key findings in this chest X-ray report?,2816,True
What abnormality is present according to the report?,2816,True
What are the key findings in this chest X-ray report?,2817,True
What abnormality is present according to the report?,2817,True
Is there any effusion?,2817,True
Is there any opacity?,2817,True
What are the key findings in this chest X-ray report?,2818,True
What abnormality is present according to the report?,2818,True
Is there any opacity?,2818,True
What are the key findings in this chest X-ray report?,2819,True
What abnormality is present according to the report?,2819,True
What are the key findings in this chest X-ray report?,2820,True
What abnormality is present according to the report?,2820,True
Is the heart size normal?,2820,True
What are the key findings in this chest X-ray report?,2821,True
What abnormality is present according to the report?,2821,True
What are the key findings in this chest X-ray report?,2822,True
What abnormality is present according to the report?,2822,True
What are the key findings in this chest X-ray report?,2824,True
What abnormality is present according to the report?,2824,True
What are the key findings in this chest X-ray report?,2825,True
What abnormality is present according to the report?,2825,True
Is the heart size normal?,2825,True
What are the key findings in this chest X-ray report?,2826,True
What abnormality is present according to the report?,2826,True
What are the key findings in this chest X-ray report?,2827,True
What abnormality is present according to the report?,2827,True
Is there any pneumothorax?,2827,True
What are the key findings in this chest X-ray report?,2828,True
What abnormality is present according to the report?,2828,True
What are the key findings in this chest X-ray report?,2829,True
What abnormality is present according to the report?,2829,True
Is the heart size normal?,2829,True
What are the key findings in this chest X-ray report?,2830,True
What abnormality is present according to the report?,2830,True
What are the key findings in this chest X-ray report?,2831,True
What abnormality is present according to the report?,2831,True
Is there any effusion?,2831,True
Is there any pneumothorax?,2831,True
What are the key findings in this chest X-ray report?,2832,True
What abnormality is present according to the report?,2832,True
Is there any cardiomegaly?,2832,True
What are the key findings in this chest X-ray report?,2833,True
What abnormality is present according to the report?,2833,True
Is the heart size normal?,2833,True
What are the key findings in this chest X-ray report?,2835,True
What abnormality is present according to the report?,2835,True
What are the key findings in this chest X-ray report?,2836,True
What abnormality is present according to the report?,2836,True
Is there any cardiomegaly?,2836,True
Is there any atelectasis?,2836,True
What are the key findings in this chest X-ray report?,2837,True
What abnormality is present according to the report?,2837,True
Is there any opacity?,2837,True
What are the key findings in this chest X-ray report?,2838,True
What abnormality is present according to the report?,2838,True
Is the heart size normal?,2838,True
What are the key findings in this chest X-ray report?,2839,True
What abnormality is present according to the report?,2839,True
Is the heart size normal?,2839,True
What are the key findings in this chest X-ray report?,2840,True
What abnormality is present according to the report?,2840,True
Is the heart size normal?,2840,True
What are the key findings in this chest X-ray report?,2841,True
What abnormality is present according to the report?,2841,True
Is the heart size normal?,2841,True
What are the key findings in this chest X-ray report?,2842,True
What abnormality is present according to the report?,2842,True
Is the heart size normal?,2842,True
What are the key findings in this chest X-ray report?,2843,True
What abnormality is present according to the report?,2843,True
Is there any opacity?,2843,True
What are the key findings in this chest X-ray report?,2844,True
What abnormality is present according to the report?,2844,True
What are the key findings in this chest X-ray report?,2845,True
What abnormality is present according to the report?,2845,True
Is the heart size normal?,2845,True
What are the key findings in this chest X-ray report?,2847,True
What abnormality is present according to the report?,2847,True
What are the key findings in this chest X-ray report?,2848,True
What abnormality is present according to the report?,2848,True
Is there any cardiomegaly?,2848,True
What are the key findings in this chest X-ray report?,2850,True
What abnormality is present according to the report?,2850,True
Is the heart size normal?,2850,True
What are the key findings in this chest X-ray report?,2851,True
What abnormality is present according to the report?,2851,True
Is the heart size normal?,2851,True
What are the key findings in this chest X-ray report?,2852,True
What abnormality is present according to the report?,2852,True
Is the heart size normal?,2852,True
What are the key findings in this chest X-ray report?,2854,True
What abnormality is present according to the report?,2854,True
Is the heart size normal?,2854,True
What are the key findings in this chest X-ray report?,2855,True
What abnormality is present according to the report?,2855,True
Is the heart size normal?,2855,True
What are the key findings in this chest X-ray report?,2856,True
What abnormality is present according to the report?,2856,True
Is the heart size normal?,2856,True
What are the key findings in this chest X-ray report?,2857,True
What abnormality is present according to the report?,2857,True
What are the key findings in this chest X-ray report?,2858,True
What abnormality is present according to the report?,2858,True
What are the key findings in this chest X-ray report?,2859,True
What abnormality is present according to the report?,2859,True
Is there any opacity?,2859,True
What are the key findings in this chest X-ray report?,2860,True
What abnormality is present according to the report?,2860,True
What are the key findings in this chest X-ray report?,2861,True
What abnormality is present according to the report?,2861,True
Is the heart size normal?,2861,True
What are the key findings in this chest X-ray report?,2862,True
What abnormality is present according to the report?,2862,True
Is the heart size normal?,2862,True
What are the key findings in this chest X-ray report?,2863,True
What abnormality is present according to the report?,2863,True
Is the heart size normal?,2863,True
What are the key findings in this chest X-ray report?,2864,True
What abnormality is present according to the report?,2864,True
Is there any opacity?,2864,True
What are the key findings in this chest X-ray report?,2865,True
What abnormality is present according to the report?,2865,True
What are the key findings in this chest X-ray report?,2866,True
What abnormality is present according to the report?,2866,True
Is the heart size normal?,2866,True
What are the key findings in this chest X-ray report?,2867,True
What abnormality is present according to the report?,2867,True
What are the key findings in this chest X-ray report?,2868,True
What abnormality is present according to the report?,2868,True
What are the key findings in this chest X-ray report?,2870,True
What abnormality is present according to the report?,2870,True
Is the heart size normal?,2870,True
What are the key findings in this chest X-ray report?,2871,True
What abnormality is present according to the report?,2871,True
Is the heart size normal?,2871,True
What are the key findings in this chest X-ray report?,2873,True
What abnormality is present according to the report?,2873,True
Is the heart size normal?,2873,True
What are the key findings in this chest X-ray report?,2874,True
What abnormality is present according to the report?,2874,True
What are the key findings in this chest X-ray report?,2876,True
What abnormality is present according to the report?,2876,True
Is the heart size normal?,2876,True
What are the key findings in this chest X-ray report?,2877,True
What abnormality is present according to the report?,2877,True
Is the heart size normal?,2877,True
What are the key findings in this chest X-ray report?,2878,True
What abnormality is present according to the report?,2878,True
Is the heart size normal?,2878,True
What are the key findings in this chest X-ray report?,2879,True
What abnormality is present according to the report?,2879,True
Is there any cardiomegaly?,2879,True
What are the key findings in this chest X-ray report?,2880,True
What abnormality is present according to the report?,2880,True
Is the heart size normal?,2880,True
What are the key findings in this chest X-ray report?,2882,True
What abnormality is present according to the report?,2882,True
Is there any cardiomegaly?,2882,True
What are the key findings in this chest X-ray report?,2884,True
What abnormality is present according to the report?,2884,True
What are the key findings in this chest X-ray report?,2885,True
What abnormality is present according to the report?,2885,True
What are the key findings in this chest X-ray report?,2886,True
What abnormality is present according to the report?,2886,True
Is there any effusion?,2886,True
Is there any opacity?,2886,True
What are the key findings in this chest X-ray report?,2887,True
What abnormality is present according to the report?,2887,True
Is there any opacity?,2887,True
Is there any atelectasis?,2887,True
What are the key findings in this chest X-ray report?,2888,True
What abnormality is present according to the report?,2888,True
What are the key findings in this chest X-ray report?,2889,True
What abnormality is present according to the report?,2889,True
Is the heart size normal?,2889,True
What are the key findings in this chest X-ray report?,2890,True
What abnormality is present according to the report?,2890,True
Is there any opacity?,2890,True
What are the key findings in this chest X-ray report?,2891,True
What abnormality is present according to the report?,2891,True
What are the key findings in this chest X-ray report?,2892,True
What abnormality is present according to the report?,2892,True
What are the key findings in this chest X-ray report?,2893,True
What abnormality is present according to the report?,2893,True
Is the heart size normal?,2893,True
What are the key findings in this chest X-ray report?,2894,True
What abnormality is present according to the report?,2894,True
What are the key findings in this chest X-ray report?,2895,True
What abnormality is present according to the report?,2895,True
Is the heart size normal?,2895,True
What are the key findings in this chest X-ray report?,2897,True
What abnormality is present according to the report?,2897,True
What are the key findings in this chest X-ray report?,2898,True
What abnormality is present according to the report?,2898,True
Is the heart size normal?,2898,True
What are the key findings in this chest X-ray report?,2899,True
What abnormality is present according to the report?,2899,True
Is the heart size normal?,2899,True
What are the key findings in this chest X-ray report?,2901,True
What abnormality is present according to the report?,2901,True
Is there any atelectasis?,2901,True
What are the key findings in this chest X-ray report?,2902,True
What abnormality is present according to the report?,2902,True
Is the heart size normal?,2902,True
What are the key findings in this chest X-ray report?,2903,True
What abnormality is present according to the report?,2903,True
What are the key findings in this chest X-ray report?,2904,True
What abnormality is present according to the report?,2904,True
Is there any cardiomegaly?,2904,True
What are the key findings in this chest X-ray report?,2905,True
What abnormality is present according to the report?,2905,True
Is there any effusion?,2905,True
What are the key findings in this chest X-ray report?,2906,True
What abnormality is present according to the report?,2906,True
What are the key findings in this chest X-ray report?,2908,True
What abnormality is present according to the report?,2908,True
What are the key findings in this chest X-ray report?,2909,True
What abnormality is present according to the report?,2909,True
What are the key findings in this chest X-ray report?,2910,True
What abnormality is present according to the report?,2910,True
Is the heart size normal?,2910,True
What are the key findings in this chest X-ray report?,2911,True
What abnormality is present according to the report?,2911,True
Is there any atelectasis?,2911,True
What are the key findings in this chest X-ray report?,2915,True
What abnormality is present according to the report?,2915,True
Is the heart size normal?,2915,True
What are the key findings in this chest X-ray report?,2916,True
What abnormality is present according to the report?,2916,True
Is the heart size normal?,2916,True
What are the key findings in this chest X-ray report?,2917,True
What abnormality is present according to the report?,2917,True
What are the key findings in this chest X-ray report?,2918,True
What abnormality is present according to the report?,2918,True
Is the heart size normal?,2918,True
What are the key findings in this chest X-ray report?,2919,True
What abnormality is present according to the report?,2919,True
Is there any cardiomegaly?,2919,True
What are the key findings in this chest X-ray report?,2920,True
What abnormality is present according to the report?,2920,True
Is the heart size normal?,2920,True
What are the key findings in this chest X-ray report?,2921,True
What abnormality is present according to the report?,2921,True
Is there any effusion?,2921,True
What are the key findings in this chest X-ray report?,2922,True
What abnormality is present according to the report?,2922,True
What are the key findings in this chest X-ray report?,2923,True
What abnormality is present according to the report?,2923,True
Is the heart size normal?,2923,True
What are the key findings in this chest X-ray report?,2924,True
What abnormality is present according to the report?,2924,True
What are the key findings in this chest X-ray report?,2925,True
What abnormality is present according to the report?,2925,True
Is the heart size normal?,2925,True
What are the key findings in this chest X-ray report?,2926,True
What abnormality is present according to the report?,2926,True
Is the heart size normal?,2926,True
What are the key findings in this chest X-ray report?,2927,True
What abnormality is present according to the report?,2927,True
What are the key findings in this chest X-ray report?,2928,True
What abnormality is present according to the report?,2928,True
What are the key findings in this chest X-ray report?,2929,True
What abnormality is present according to the report?,2929,True
What are the key findings in this chest X-ray report?,2930,True
What abnormality is present according to the report?,2930,True
What are the key findings in this chest X-ray report?,2931,True
What abnormality is present according to the report?,2931,True
Is there any opacity?,2931,True
What are the key findings in this chest X-ray report?,2932,True
What abnormality is present according to the report?,2932,True
Is the heart size normal?,2932,True
What are the key findings in this chest X-ray report?,2933,True
What abnormality is present according to the report?,2933,True
Is the heart size normal?,2933,True
What are the key findings in this chest X-ray report?,2934,True
What abnormality is present according to the report?,2934,True
What are the key findings in this chest X-ray report?,2935,True
What abnormality is present according to the report?,2935,True
What are the key findings in this chest X-ray report?,2936,True
What abnormality is present according to the report?,2936,True
Is there any cardiomegaly?,2936,True
What are the key findings in this chest X-ray report?,2937,True
What abnormality is present according to the report?,2937,True
Is the heart size normal?,2937,True
What are the key findings in this chest X-ray report?,2938,True
What abnormality is present according to the report?,2938,True
Is the heart size normal?,2938,True
What are the key findings in this chest X-ray report?,2939,True
What abnormality is present according to the report?,2939,True
What are the key findings in this chest X-ray report?,2940,True
What abnormality is present according to the report?,2940,True
What are the key findings in this chest X-ray report?,2941,True
What abnormality is present according to the report?,2941,True
Is the heart size normal?,2941,True
What are the key findings in this chest X-ray report?,2942,True
What abnormality is present according to the report?,2942,True
Is the heart size normal?,2942,True
What are the key findings in this chest X-ray report?,2943,True
What abnormality is present according to the report?,2943,True
Is there any effusion?,2943,True
Is there any opacity?,2943,True
What are the key findings in this chest X-ray report?,2944,True
What abnormality is present according to the report?,2944,True
Is there any opacity?,2944,True
What are the key findings in this chest X-ray report?,2945,True
What abnormality is present according to the report?,2945,True
What are the key findings in this chest X-ray report?,2946,True
What abnormality is present according to the report?,2946,True
What are the key findings in this chest X-ray report?,2947,True
What abnormality is present according to the report?,2947,True
Is the heart size normal?,2947,True
What are the key findings in this chest X-ray report?,2948,True
What abnormality is present according to the report?,2948,True
Is the heart size normal?,2948,True
What are the key findings in this chest X-ray report?,2949,True
What abnormality is present according to the report?,2949,True
What are the key findings in this chest X-ray report?,2950,True
What abnormality is present according to the report?,2950,True
Is the heart size normal?,2950,True
What are the key findings in this chest X-ray report?,2951,True
What abnormality is present according to the report?,2951,True
What are the key findings in this chest X-ray report?,2952,True
What abnormality is present according to the report?,2952,True
What are the key findings in this chest X-ray report?,2953,True
What abnormality is present according to the report?,2953,True
Is the heart size normal?,2953,True
What are the key findings in this chest X-ray report?,2954,True
What abnormality is present according to the report?,2954,True
Is there any effusion?,2954,True
Is there any atelectasis?,2954,True
What are the key findings in this chest X-ray report?,2955,True
What abnormality is present according to the report?,2955,True
Is there any cardiomegaly?,2955,True
What are the key findings in this chest X-ray report?,2956,True
What abnormality is present according to the report?,2956,True
Is the heart size normal?,2956,True
What are the key findings in this chest X-ray report?,2957,True
What abnormality is present according to the report?,2957,True
Is there any cardiomegaly?,2957,True
Is there any opacity?,2957,True
Is there any atelectasis?,2957,True
What are the key findings in this chest X-ray report?,2958,True
What abnormality is present according to the report?,2958,True
What are the key findings in this chest X-ray report?,2959,True
What abnormality is present according to the report?,2959,True
Is the heart size normal?,2959,True
What are the key findings in this chest X-ray report?,2960,True
What abnormality is present according to the report?,2960,True
Is the heart size normal?,2960,True
What are the key findings in this chest X-ray report?,2961,True
What abnormality is present according to the report?,2961,True
Is there any effusion?,2961,True
Is there any opacity?,2961,True
Is there any atelectasis?,2961,True
What are the key findings in this chest X-ray report?,2962,True
What abnormality is present according to the report?,2962,True
Is there any cardiomegaly?,2962,True
What are the key findings in this chest X-ray report?,2963,True
What abnormality is present according to the report?,2963,True
Is the heart size normal?,2963,True
What are the key findings in this chest X-ray report?,2964,True
What abnormality is present according to the report?,2964,True
Is the heart size normal?,2964,True
What are the key findings in this chest X-ray report?,2965,True
What abnormality is present according to the report?,2965,True
Is the heart size normal?,2965,True
What are the key findings in this chest X-ray report?,2966,True
What abnormality is present according to the report?,2966,True
What are the key findings in this chest X-ray report?,2967,True
What abnormality is present according to the report?,2967,True
Is the heart size normal?,2967,True
What are the key findings in this chest X-ray report?,2968,True
What abnormality is present according to the report?,2968,True
What are the key findings in this chest X-ray report?,2969,True
What abnormality is present according to the report?,2969,True
What are the key findings in this chest X-ray report?,2970,True
What abnormality is present according to the report?,2970,True
What are the key findings in this chest X-ray report?,2971,True
What abnormality is present according to the report?,2971,True
Is the heart size normal?,2971,True
What are the key findings in this chest X-ray report?,2972,True
What abnormality is present according to the report?,2972,True
Is there any effusion?,2972,True
What are the key findings in this chest X-ray report?,2974,True
What abnormality is present according to the report?,2974,True
Is there any effusion?,2974,True
What are the key findings in this chest X-ray report?,2975,True
What abnormality is present according to the report?,2975,True
Is there any atelectasis?,2975,True
What are the key findings in this chest X-ray report?,2976,True
What abnormality is present according to the report?,2976,True
What are the key findings in this chest X-ray report?,2977,True
What abnormality is present according to the report?,2977,True
What are the key findings in this chest X-ray report?,2978,True
What abnormality is present according to the report?,2978,True
What are the key findings in this chest X-ray report?,2979,True
What abnormality is present according to the report?,2979,True
What are the key findings in this chest X-ray report?,2980,True
What abnormality is present according to the report?,2980,True
What are the key findings in this chest X-ray report?,2981,True
What abnormality is present according to the report?,2981,True
What are the key findings in this chest X-ray report?,2982,True
What abnormality is present according to the report?,2982,True
What are the key findings in this chest X-ray report?,2983,True
What abnormality is present according to the report?,2983,True
What are the key findings in this chest X-ray report?,2984,True
What abnormality is present according to the report?,2984,True
Is there any cardiomegaly?,2984,True
What are the key findings in this chest X-ray report?,2985,True
What abnormality is present according to the report?,2985,True
What are the key findings in this chest X-ray report?,2986,True
What abnormality is present according to the report?,2986,True
What are the key findings in this chest X-ray report?,2988,True
What abnormality is present according to the report?,2988,True
Is the heart size normal?,2988,True
What are the key findings in this chest X-ray report?,2989,True
What abnormality is present according to the report?,2989,True
What are the key findings in this chest X-ray report?,2991,True
What abnormality is present according to the report?,2991,True
Is the heart size normal?,2991,True
What are the key findings in this chest X-ray report?,2992,True
What abnormality is present according to the report?,2992,True
What are the key findings in this chest X-ray report?,2993,True
What abnormality is present according to the report?,2993,True
Is the heart size normal?,2993,True
What are the key findings in this chest X-ray report?,2994,True
What abnormality is present according to the report?,2994,True
Is the heart size normal?,2994,True
What are the key findings in this chest X-ray report?,2995,True
What abnormality is present according to the report?,2995,True
Is the heart size normal?,2995,True
What are the key findings in this chest X-ray report?,2996,True
What abnormality is present according to the report?,2996,True
Is the heart size normal?,2996,True
What are the key findings in this chest X-ray report?,2997,True
What abnormality is present according to the report?,2997,True
Is the heart size normal?,2997,True
What are the key findings in this chest X-ray report?,2998,True
What abnormality is present according to the report?,2998,True
Is the heart size normal?,2998,True
What are the key findings in this chest X-ray report?,2999,True
What abnormality is present according to the report?,2999,True
Is there any effusion?,2999,True
Is there any opacity?,2999,True
Is there any atelectasis?,2999,True
What are the key findings in this chest X-ray report?,3000,True
What abnormality is present according to the report?,3000,True
What are the key findings in this chest X-ray report?,3001,True
What abnormality is present according to the report?,3001,True
What are the key findings in this chest X-ray report?,3002,True
What abnormality is present according to the report?,3002,True
Is the heart size normal?,3002,True
What are the key findings in this chest X-ray report?,3003,True
What abnormality is present according to the report?,3003,True
What are the key findings in this chest X-ray report?,3004,True
What abnormality is present according to the report?,3004,True
Is there any opacity?,3004,True
Is there any atelectasis?,3004,True
What are the key findings in this chest X-ray report?,3005,True
What abnormality is present according to the report?,3005,True
What are the key findings in this chest X-ray report?,3006,True
What abnormality is present according to the report?,3006,True
Is there any cardiomegaly?,3006,True
What are the key findings in this chest X-ray report?,3008,True
What abnormality is present according to the report?,3008,True
Is the heart size normal?,3008,True
What are the key findings in this chest X-ray report?,3009,True
What abnormality is present according to the report?,3009,True
What are the key findings in this chest X-ray report?,3010,True
What abnormality is present according to the report?,3010,True
Is the heart size normal?,3010,True
What are the key findings in this chest X-ray report?,3011,True
What abnormality is present according to the report?,3011,True
What are the key findings in this chest X-ray report?,3012,True
What abnormality is present according to the report?,3012,True
Is the heart size normal?,3012,True
What are the key findings in this chest X-ray report?,3013,True
What abnormality is present according to the report?,3013,True
Is there any cardiomegaly?,3013,True
What are the key findings in this chest X-ray report?,3014,True
What abnormality is present according to the report?,3014,True
What are the key findings in this chest X-ray report?,3015,True
What abnormality is present according to the report?,3015,True
Is the heart size normal?,3015,True
What are the key findings in this chest X-ray report?,3016,True
What abnormality is present according to the report?,3016,True
What are the key findings in this chest X-ray report?,3017,True
What abnormality is present according to the report?,3017,True
Is there any opacity?,3017,True
Is there any atelectasis?,3017,True
What are the key findings in this chest X-ray report?,3018,True
What abnormality is present according to the report?,3018,True
What are the key findings in this chest X-ray report?,3019,True
What abnormality is present according to the report?,3019,True
What are the key findings in this chest X-ray report?,3020,True
What abnormality is present according to the report?,3020,True
Is the heart size normal?,3020,True
What are the key findings in this chest X-ray report?,3021,True
What abnormality is present according to the report?,3021,True
Is the heart size normal?,3021,True
What are the key findings in this chest X-ray report?,3022,True
What abnormality is present according to the report?,3022,True
What are the key findings in this chest X-ray report?,3023,True
What abnormality is present according to the report?,3023,True
What are the key findings in this chest X-ray report?,3024,True
What abnormality is present according to the report?,3024,True
Is the heart size normal?,3024,True
What are the key findings in this chest X-ray report?,3025,True
What abnormality is present according to the report?,3025,True
Is the heart size normal?,3025,True
What are the key findings in this chest X-ray report?,3026,True
What abnormality is present according to the report?,3026,True
Is the heart size normal?,3026,True
What are the key findings in this chest X-ray report?,3027,True
What abnormality is present according to the report?,3027,True
What are the key findings in this chest X-ray report?,3028,True
What abnormality is present according to the report?,3028,True
What are the key findings in this chest X-ray report?,3029,True
What abnormality is present according to the report?,3029,True
What are the key findings in this chest X-ray report?,3030,True
What abnormality is present according to the report?,3030,True
Is the heart size normal?,3030,True
What are the key findings in this chest X-ray report?,3031,True
What abnormality is present according to the report?,3031,True
Is the heart size normal?,3031,True
What are the key findings in this chest X-ray report?,3032,True
What abnormality is present according to the report?,3032,True
What are the key findings in this chest X-ray report?,3033,True
What abnormality is present according to the report?,3033,True
Is the heart size normal?,3033,True
What are the key findings in this chest X-ray report?,3034,True
What abnormality is present according to the report?,3034,True
What are the key findings in this chest X-ray report?,3036,True
What abnormality is present according to the report?,3036,True
Is there any effusion?,3036,True
What are the key findings in this chest X-ray report?,3037,True
What abnormality is present according to the report?,3037,True
Is the heart size normal?,3037,True
What are the key findings in this chest X-ray report?,3038,True
What abnormality is present according to the report?,3038,True
What are the key findings in this chest X-ray report?,3039,True
What abnormality is present according to the report?,3039,True
Is the heart size normal?,3039,True
What are the key findings in this chest X-ray report?,3040,True
What abnormality is present according to the report?,3040,True
What are the key findings in this chest X-ray report?,3041,True
What abnormality is present according to the report?,3041,True
Is the heart size normal?,3041,True
What are the key findings in this chest X-ray report?,3042,True
What abnormality is present according to the report?,3042,True
What are the key findings in this chest X-ray report?,3043,True
What abnormality is present according to the report?,3043,True
What are the key findings in this chest X-ray report?,3044,True
What abnormality is present according to the report?,3044,True
What are the key findings in this chest X-ray report?,3045,True
What abnormality is present according to the report?,3045,True
Is the heart size normal?,3045,True
What are the key findings in this chest X-ray report?,3046,True
What abnormality is present according to the report?,3046,True
Is there any opacity?,3046,True
What are the key findings in this chest X-ray report?,3047,True
What abnormality is present according to the report?,3047,True
Is the heart size normal?,3047,True
What are the key findings in this chest X-ray report?,3048,True
What abnormality is present according to the report?,3048,True
Is the heart size normal?,3048,True
What are the key findings in this chest X-ray report?,3049,True
What abnormality is present according to the report?,3049,True
Is the heart size normal?,3049,True
What are the key findings in this chest X-ray report?,3050,True
What abnormality is present according to the report?,3050,True
Is the heart size normal?,3050,True
What are the key findings in this chest X-ray report?,3051,True
What abnormality is present according to the report?,3051,True
Is the heart size normal?,3051,True
What are the key findings in this chest X-ray report?,3052,True
What abnormality is present according to the report?,3052,True
What are the key findings in this chest X-ray report?,3053,True
What abnormality is present according to the report?,3053,True
Is the heart size normal?,3053,True
What are the key findings in this chest X-ray report?,3054,True
What abnormality is present according to the report?,3054,True
What are the key findings in this chest X-ray report?,3056,True
What abnormality is present according to the report?,3056,True
Is there any effusion?,3056,True
Is there any opacity?,3056,True
Is there any pneumothorax?,3056,True
What are the key findings in this chest X-ray report?,3057,True
What abnormality is present according to the report?,3057,True
What are the key findings in this chest X-ray report?,3058,True
What abnormality is present according to the report?,3058,True
Is there any opacity?,3058,True
Is there any atelectasis?,3058,True
What are the key findings in this chest X-ray report?,3059,True
What abnormality is present according to the report?,3059,True
Is the heart size normal?,3059,True
What are the key findings in this chest X-ray report?,3060,True
What abnormality is present according to the report?,3060,True
Is the heart size normal?,3060,True
What are the key findings in this chest X-ray report?,3061,True
What abnormality is present according to the report?,3061,True
Is there any opacity?,3061,True
Is there any atelectasis?,3061,True
What are the key findings in this chest X-ray report?,3062,True
What abnormality is present according to the report?,3062,True
What are the key findings in this chest X-ray report?,3063,True
What abnormality is present according to the report?,3063,True
Is the heart size normal?,3063,True
What are the key findings in this chest X-ray report?,3064,True
What abnormality is present according to the report?,3064,True
What are the key findings in this chest X-ray report?,3065,True
What abnormality is present according to the report?,3065,True
What are the key findings in this chest X-ray report?,3066,True
What abnormality is present according to the report?,3066,True
Is there any atelectasis?,3066,True
What are the key findings in this chest X-ray report?,3067,True
What abnormality is present according to the report?,3067,True
Is the heart size normal?,3067,True
What are the key findings in this chest X-ray report?,3068,True
What abnormality is present according to the report?,3068,True
Is there any cardiomegaly?,3068,True
What are the key findings in this chest X-ray report?,3069,True
What abnormality is present according to the report?,3069,True
What are the key findings in this chest X-ray report?,3070,True
What abnormality is present according to the report?,3070,True
Is the heart size normal?,3070,True
What are the key findings in this chest X-ray report?,3071,True
What abnormality is present according to the report?,3071,True
Is the heart size normal?,3071,True
What are the key findings in this chest X-ray report?,3072,True
What abnormality is present according to the report?,3072,True
What are the key findings in this chest X-ray report?,3073,True
What abnormality is present according to the report?,3073,True
Is the heart size normal?,3073,True
What are the key findings in this chest X-ray report?,3074,True
What abnormality is present according to the report?,3074,True
Is there any opacity?,3074,True
What are the key findings in this chest X-ray report?,3075,True
What abnormality is present according to the report?,3075,True
Is there any cardiomegaly?,3075,True
What are the key findings in this chest X-ray report?,3076,True
What abnormality is present according to the report?,3076,True
Is there any cardiomegaly?,3076,True
What are the key findings in this chest X-ray report?,3077,True
What abnormality is present according to the report?,3077,True
What are the key findings in this chest X-ray report?,3078,True
What abnormality is present according to the report?,3078,True
What are the key findings in this chest X-ray report?,3079,True
What abnormality is present according to the report?,3079,True
What are the key findings in this chest X-ray report?,3080,True
What abnormality is present according to the report?,3080,True
What are the key findings in this chest X-ray report?,3081,True
What abnormality is present according to the report?,3081,True
What are the key findings in this chest X-ray report?,3082,True
What abnormality is present according to the report?,3082,True
Is there any cardiomegaly?,3082,True
Is there any opacity?,3082,True
Is there any edema?,3082,True
What are the key findings in this chest X-ray report?,3083,True
What abnormality is present according to the report?,3083,True
Is the heart size normal?,3083,True
What are the key findings in this chest X-ray report?,3084,True
What abnormality is present according to the report?,3084,True
What are the key findings in this chest X-ray report?,3085,True
What abnormality is present according to the report?,3085,True
What are the key findings in this chest X-ray report?,3086,True
What abnormality is present according to the report?,3086,True
What are the key findings in this chest X-ray report?,3087,True
What abnormality is present according to the report?,3087,True
Is there any cardiomegaly?,3087,True
Is there any atelectasis?,3087,True
What are the key findings in this chest X-ray report?,3088,True
What abnormality is present according to the report?,3088,True
What are the key findings in this chest X-ray report?,3089,True
What abnormality is present according to the report?,3089,True
Is the heart size normal?,3089,True
What are the key findings in this chest X-ray report?,3090,True
What abnormality is present according to the report?,3090,True
Is there any effusion?,3090,True
What are the key findings in this chest X-ray report?,3091,True
What abnormality is present according to the report?,3091,True
Is there any cardiomegaly?,3091,True
What are the key findings in this chest X-ray report?,3092,True
What abnormality is present according to the report?,3092,True
What are the key findings in this chest X-ray report?,3093,True
What abnormality is present according to the report?,3093,True
What are the key findings in this chest X-ray report?,3094,True
What abnormality is present according to the report?,3094,True
What are the key findings in this chest X-ray report?,3095,True
What abnormality is present according to the report?,3095,True
Is there any cardiomegaly?,3095,True
Is there any opacity?,3095,True
What are the key findings in this chest X-ray report?,3096,True
What abnormality is present according to the report?,3096,True
Is there any atelectasis?,3096,True
What are the key findings in this chest X-ray report?,3097,True
What abnormality is present according to the report?,3097,True
What are the key findings in this chest X-ray report?,3098,True
What abnormality is present according to the report?,3098,True
Is the heart size normal?,3098,True
What are the key findings in this chest X-ray report?,3099,True
What abnormality is present according to the report?,3099,True
What are the key findings in this chest X-ray report?,3100,True
What abnormality is present according to the report?,3100,True
What are the key findings in this chest X-ray report?,3101,True
What abnormality is present according to the report?,3101,True
What are the key findings in this chest X-ray report?,3102,True
What abnormality is present according to the report?,3102,True
Is the heart size normal?,3102,True
What are the key findings in this chest X-ray report?,3103,True
What abnormality is present according to the report?,3103,True
Is there any atelectasis?,3103,True
What are the key findings in this chest X-ray report?,3104,True
What abnormality is present according to the report?,3104,True
Is the heart size normal?,3104,True
What are the key findings in this chest X-ray report?,3105,True
What abnormality is present according to the report?,3105,True
Is the heart size normal?,3105,True
What are the key findings in this chest X-ray report?,3106,True
What abnormality is present according to the report?,3106,True
Is the heart size normal?,3106,True
What are the key findings in this chest X-ray report?,3108,True
What abnormality is present according to the report?,3108,True
What are the key findings in this chest X-ray report?,3109,True
What abnormality is present according to the report?,3109,True
Is the heart size normal?,3109,True
What are the key findings in this chest X-ray report?,3110,True
What abnormality is present according to the report?,3110,True
What are the key findings in this chest X-ray report?,3111,True
What abnormality is present according to the report?,3111,True
Is there any cardiomegaly?,3111,True
Is there any opacity?,3111,True
Is there any edema?,3111,True
What are the key findings in this chest X-ray report?,3112,True
What abnormality is present according to the report?,3112,True
Is the heart size normal?,3112,True
What are the key findings in this chest X-ray report?,3113,True
What abnormality is present according to the report?,3113,True
What are the key findings in this chest X-ray report?,3114,True
What abnormality is present according to the report?,3114,True
Is the heart size normal?,3114,True
What are the key findings in this chest X-ray report?,3115,True
What abnormality is present according to the report?,3115,True
Is the heart size normal?,3115,True
What are the key findings in this chest X-ray report?,3116,True
What abnormality is present according to the report?,3116,True
Is there any effusion?,3116,True
Is there any opacity?,3116,True
What are the key findings in this chest X-ray report?,3117,True
What abnormality is present according to the report?,3117,True
Is the heart size normal?,3117,True
What are the key findings in this chest X-ray report?,3118,True
What abnormality is present according to the report?,3118,True
What are the key findings in this chest X-ray report?,3119,True
What abnormality is present according to the report?,3119,True
Is the heart size normal?,3119,True
What are the key findings in this chest X-ray report?,3120,True
What abnormality is present according to the report?,3120,True
What are the key findings in this chest X-ray report?,3121,True
What abnormality is present according to the report?,3121,True
What are the key findings in this chest X-ray report?,3122,True
What abnormality is present according to the report?,3122,True
Is the heart size normal?,3122,True
What are the key findings in this chest X-ray report?,3123,True
What abnormality is present according to the report?,3123,True
Is there any cardiomegaly?,3123,True
Is there any effusion?,3123,True
What are the key findings in this chest X-ray report?,3124,True
What abnormality is present according to the report?,3124,True
What are the key findings in this chest X-ray report?,3125,True
What abnormality is present according to the report?,3125,True
Is the heart size normal?,3125,True
What are the key findings in this chest X-ray report?,3126,True
What abnormality is present according to the report?,3126,True
Is the heart size normal?,3126,True
What are the key findings in this chest X-ray report?,3127,True
What abnormality is present according to the report?,3127,True
What are the key findings in this chest X-ray report?,3128,True
What abnormality is present according to the report?,3128,True
What are the key findings in this chest X-ray report?,3129,True
What abnormality is present according to the report?,3129,True
What are the key findings in this chest X-ray report?,3130,True
What abnormality is present according to the report?,3130,True
Is there any cardiomegaly?,3130,True
Is there any opacity?,3130,True
What are the key findings in this chest X-ray report?,3131,True
What abnormality is present according to the report?,3131,True
Is the heart size normal?,3131,True
What are the key findings in this chest X-ray report?,3132,True
What abnormality is present according to the report?,3132,True
Is the heart size normal?,3132,True
What are the key findings in this chest X-ray report?,3133,True
What abnormality is present according to the report?,3133,True
Is the heart size normal?,3133,True
What are the key findings in this chest X-ray report?,3134,True
What abnormality is present according to the report?,3134,True
Is the heart size normal?,3134,True
What are the key findings in this chest X-ray report?,3135,True
What abnormality is present according to the report?,3135,True
Is the heart size normal?,3135,True
What are the key findings in this chest X-ray report?,3136,True
What abnormality is present according to the report?,3136,True
Is the heart size normal?,3136,True
What are the key findings in this chest X-ray report?,3137,True
What abnormality is present according to the report?,3137,True
What are the key findings in this chest X-ray report?,3138,True
What abnormality is present according to the report?,3138,True
Is the heart size normal?,3138,True
What are the key findings in this chest X-ray report?,3139,True
What abnormality is present according to the report?,3139,True
Is the heart size normal?,3139,True
What are the key findings in this chest X-ray report?,3140,True
What abnormality is present according to the report?,3140,True
Is there any opacity?,3140,True
Is there any atelectasis?,3140,True
What are the key findings in this chest X-ray report?,3141,True
What abnormality is present according to the report?,3141,True
Is the heart size normal?,3141,True
What are the key findings in this chest X-ray report?,3142,True
What abnormality is present according to the report?,3142,True
Is there any cardiomegaly?,3142,True
What are the key findings in this chest X-ray report?,3143,True
What abnormality is present according to the report?,3143,True
Is the heart size normal?,3143,True
What are the key findings in this chest X-ray report?,3144,True
What abnormality is present according to the report?,3144,True
Is the heart size normal?,3144,True
What are the key findings in this chest X-ray report?,3145,True
What abnormality is present according to the report?,3145,True
Is the heart size normal?,3145,True
What are the key findings in this chest X-ray report?,3146,True
What abnormality is present according to the report?,3146,True
Is the heart size normal?,3146,True
What are the key findings in this chest X-ray report?,3147,True
What abnormality is present according to the report?,3147,True
Is the heart size normal?,3147,True
What are the key findings in this chest X-ray report?,3148,True
What abnormality is present according to the report?,3148,True
Is there any cardiomegaly?,3148,True
Is there any effusion?,3148,True
What are the key findings in this chest X-ray report?,3149,True
What abnormality is present according to the report?,3149,True
What are the key findings in this chest X-ray report?,3150,True
What abnormality is present according to the report?,3150,True
Is there any opacity?,3150,True
Is there any atelectasis?,3150,True
What are the key findings in this chest X-ray report?,3151,True
What abnormality is present according to the report?,3151,True
What are the key findings in this chest X-ray report?,3152,True
What abnormality is present according to the report?,3152,True
Is there any opacity?,3152,True
What are the key findings in this chest X-ray report?,3153,True
What abnormality is present according to the report?,3153,True
What are the key findings in this chest X-ray report?,3154,True
What abnormality is present according to the report?,3154,True
Is there any atelectasis?,3154,True
What are the key findings in this chest X-ray report?,3155,True
What abnormality is present according to the report?,3155,True
Is there any cardiomegaly?,3155,True
What are the key findings in this chest X-ray report?,3156,True
What abnormality is present according to the report?,3156,True
Is the heart size normal?,3156,True
What are the key findings in this chest X-ray report?,3157,True
What abnormality is present according to the report?,3157,True
Is the heart size normal?,3157,True
What are the key findings in this chest X-ray report?,3158,True
What abnormality is present according to the report?,3158,True
Is there any cardiomegaly?,3158,True
Is there any opacity?,3158,True
Is there any atelectasis?,3158,True
What are the key findings in this chest X-ray report?,3159,True
What abnormality is present according to the report?,3159,True
Is there any cardiomegaly?,3159,True
What are the key findings in this chest X-ray report?,3160,True
What abnormality is present according to the report?,3160,True
What are the key findings in this chest X-ray report?,3162,True
What abnormality is present according to the report?,3162,True
What are the key findings in this chest X-ray report?,3163,True
What abnormality is present according to the report?,3163,True
Is the heart size normal?,3163,True
What are the key findings in this chest X-ray report?,3164,True
What abnormality is present according to the report?,3164,True
What are the key findings in this chest X-ray report?,3165,True
What abnormality is present according to the report?,3165,True
Is there any opacity?,3165,True
What are the key findings in this chest X-ray report?,3166,True
What abnormality is present according to the report?,3166,True
What are the key findings in this chest X-ray report?,3167,True
What abnormality is present according to the report?,3167,True
Is the heart size normal?,3167,True
What are the key findings in this chest X-ray report?,3168,True
What abnormality is present according to the report?,3168,True
What are the key findings in this chest X-ray report?,3169,True
What abnormality is present according to the report?,3169,True
What are the key findings in this chest X-ray report?,3170,True
What abnormality is present according to the report?,3170,True
What are the key findings in this chest X-ray report?,3171,True
What abnormality is present according to the report?,3171,True
What are the key findings in this chest X-ray report?,3172,True
What abnormality is present according to the report?,3172,True
What are the key findings in this chest X-ray report?,3173,True
What abnormality is present according to the report?,3173,True
Is the heart size normal?,3173,True
What are the key findings in this chest X-ray report?,3174,True
What abnormality is present according to the report?,3174,True
Is there any opacity?,3174,True
What are the key findings in this chest X-ray report?,3175,True
What abnormality is present according to the report?,3175,True
Is there any opacity?,3175,True
What are the key findings in this chest X-ray report?,3176,True
What abnormality is present according to the report?,3176,True
Is the heart size normal?,3176,True
What are the key findings in this chest X-ray report?,3177,True
What abnormality is present according to the report?,3177,True
What are the key findings in this chest X-ray report?,3178,True
What abnormality is present according to the report?,3178,True
What are the key findings in this chest X-ray report?,3179,True
What abnormality is present according to the report?,3179,True
What are the key findings in this chest X-ray report?,3180,True
What abnormality is present according to the report?,3180,True
Is the heart size normal?,3180,True
What are the key findings in this chest X-ray report?,3181,True
What abnormality is present according to the report?,3181,True
Is the heart size normal?,3181,True
What are the key findings in this chest X-ray report?,3182,True
What abnormality is present according to the report?,3182,True
What are the key findings in this chest X-ray report?,3183,True
What abnormality is present according to the report?,3183,True
Is the heart size normal?,3183,True
What are the key findings in this chest X-ray report?,3184,True
What abnormality is present according to the report?,3184,True
What are the key findings in this chest X-ray report?,3185,True
What abnormality is present according to the report?,3185,True
Is the heart size normal?,3185,True
What are the key findings in this chest X-ray report?,3186,True
What abnormality is present according to the report?,3186,True
What are the key findings in this chest X-ray report?,3187,True
What abnormality is present according to the report?,3187,True
Is there any cardiomegaly?,3187,True
Is there any effusion?,3187,True
What are the key findings in this chest X-ray report?,3188,True
What abnormality is present according to the report?,3188,True
What are the key findings in this chest X-ray report?,3189,True
What abnormality is present according to the report?,3189,True
What are the key findings in this chest X-ray report?,3190,True
What abnormality is present according to the report?,3190,True
Is there any atelectasis?,3190,True
What are the key findings in this chest X-ray report?,3191,True
What abnormality is present according to the report?,3191,True
Is there any cardiomegaly?,3191,True
What are the key findings in this chest X-ray report?,3192,True
What abnormality is present according to the report?,3192,True
What are the key findings in this chest X-ray report?,3193,True
What abnormality is present according to the report?,3193,True
What are the key findings in this chest X-ray report?,3194,True
What abnormality is present according to the report?,3194,True
Is the heart size normal?,3194,True
What are the key findings in this chest X-ray report?,3195,True
What abnormality is present according to the report?,3195,True
Is there any opacity?,3195,True
What are the key findings in this chest X-ray report?,3196,True
What abnormality is present according to the report?,3196,True
Is the heart size normal?,3196,True
What are the key findings in this chest X-ray report?,3197,True
What abnormality is present according to the report?,3197,True
What are the key findings in this chest X-ray report?,3198,True
What abnormality is present according to the report?,3198,True
What are the key findings in this chest X-ray report?,3199,True
What abnormality is present according to the report?,3199,True
Is the heart size normal?,3199,True
What are the key findings in this chest X-ray report?,3200,True
What abnormality is present according to the report?,3200,True
Is the heart size normal?,3200,True
What are the key findings in this chest X-ray report?,3201,True
What abnormality is present according to the report?,3201,True
What are the key findings in this chest X-ray report?,3202,True
What abnormality is present according to the report?,3202,True
What are the key findings in this chest X-ray report?,3203,True
What abnormality is present according to the report?,3203,True
Is the heart size normal?,3203,True
What are the key findings in this chest X-ray report?,3204,True
What abnormality is present according to the report?,3204,True
What are the key findings in this chest X-ray report?,3205,True
What abnormality is present according to the report?,3205,True
Is the heart size normal?,3205,True
What are the key findings in this chest X-ray report?,3206,True
What abnormality is present according to the report?,3206,True
Is the heart size normal?,3206,True
What are the key findings in this chest X-ray report?,3207,True
What abnormality is present according to the report?,3207,True
Is there any cardiomegaly?,3207,True
What are the key findings in this chest X-ray report?,3208,True
What abnormality is present according to the report?,3208,True
Is the heart size normal?,3208,True
What are the key findings in this chest X-ray report?,3209,True
What abnormality is present according to the report?,3209,True
Is the heart size normal?,3209,True
What are the key findings in this chest X-ray report?,3210,True
What abnormality is present according to the report?,3210,True
Is the heart size normal?,3210,True
What are the key findings in this chest X-ray report?,3211,True
What abnormality is present according to the report?,3211,True
Is there any effusion?,3211,True
What are the key findings in this chest X-ray report?,3212,True
What abnormality is present according to the report?,3212,True
Is the heart size normal?,3212,True
What are the key findings in this chest X-ray report?,3213,True
What abnormality is present according to the report?,3213,True
What are the key findings in this chest X-ray report?,3214,True
What abnormality is present according to the report?,3214,True
Is there any cardiomegaly?,3214,True
Is there any effusion?,3214,True
What are the key findings in this chest X-ray report?,3215,True
What abnormality is present according to the report?,3215,True
Is the heart size normal?,3215,True
What are the key findings in this chest X-ray report?,3216,True
What abnormality is present according to the report?,3216,True
Is the heart size normal?,3216,True
What are the key findings in this chest X-ray report?,3217,True
What abnormality is present according to the report?,3217,True
What are the key findings in this chest X-ray report?,3218,True
What abnormality is present according to the report?,3218,True
Is the heart size normal?,3218,True
What are the key findings in this chest X-ray report?,3219,True
What abnormality is present according to the report?,3219,True
Is there any opacity?,3219,True
What are the key findings in this chest X-ray report?,3220,True
What abnormality is present according to the report?,3220,True
Is the heart size normal?,3220,True
What are the key findings in this chest X-ray report?,3221,True
What abnormality is present according to the report?,3221,True
Is the heart size normal?,3221,True
What are the key findings in this chest X-ray report?,3222,True
What abnormality is present according to the report?,3222,True
Is the heart size normal?,3222,True
What are the key findings in this chest X-ray report?,3223,True
What abnormality is present according to the report?,3223,True
Is the heart size normal?,3223,True
What are the key findings in this chest X-ray report?,3224,True
What abnormality is present according to the report?,3224,True
Is the heart size normal?,3224,True
What are the key findings in this chest X-ray report?,3225,True
What abnormality is present according to the report?,3225,True
Is the heart size normal?,3225,True
What are the key findings in this chest X-ray report?,3226,True
What abnormality is present according to the report?,3226,True
What are the key findings in this chest X-ray report?,3227,True
What abnormality is present according to the report?,3227,True
Is the heart size normal?,3227,True
What are the key findings in this chest X-ray report?,3228,True
What abnormality is present according to the report?,3228,True
What are the key findings in this chest X-ray report?,3229,True
What abnormality is present according to the report?,3229,True
What are the key findings in this chest X-ray report?,3230,True
What abnormality is present according to the report?,3230,True
Is there any opacity?,3230,True
Is there any atelectasis?,3230,True
What are the key findings in this chest X-ray report?,3231,True
What abnormality is present according to the report?,3231,True
What are the key findings in this chest X-ray report?,3232,True
What abnormality is present according to the report?,3232,True
What are the key findings in this chest X-ray report?,3233,True
What abnormality is present according to the report?,3233,True
Is there any atelectasis?,3233,True
What are the key findings in this chest X-ray report?,3234,True
What abnormality is present according to the report?,3234,True
Is the heart size normal?,3234,True
What are the key findings in this chest X-ray report?,3235,True
What abnormality is present according to the report?,3235,True
Is the heart size normal?,3235,True
What are the key findings in this chest X-ray report?,3236,True
What abnormality is present according to the report?,3236,True
Is the heart size normal?,3236,True
What are the key findings in this chest X-ray report?,3237,True
What abnormality is present according to the report?,3237,True
Is there any cardiomegaly?,3237,True
Is there any opacity?,3237,True
What are the key findings in this chest X-ray report?,3238,True
What abnormality is present according to the report?,3238,True
Is there any opacity?,3238,True
What are the key findings in this chest X-ray report?,3239,True
What abnormality is present according to the report?,3239,True
Is the heart size normal?,3239,True
What are the key findings in this chest X-ray report?,3240,True
What abnormality is present according to the report?,3240,True
What are the key findings in this chest X-ray report?,3241,True
What abnormality is present according to the report?,3241,True
Is there any atelectasis?,3241,True
What are the key findings in this chest X-ray report?,3242,True
What abnormality is present according to the report?,3242,True
What are the key findings in this chest X-ray report?,3243,True
What abnormality is present according to the report?,3243,True
Is there any opacity?,3243,True
What are the key findings in this chest X-ray report?,3244,True
What abnormality is present according to the report?,3244,True
Is there any opacity?,3244,True
Is there any atelectasis?,3244,True
What are the key findings in this chest X-ray report?,3245,True
What abnormality is present according to the report?,3245,True
Is there any cardiomegaly?,3245,True
Is there any effusion?,3245,True
Is there any edema?,3245,True
What are the key findings in this chest X-ray report?,3246,True
What abnormality is present according to the report?,3246,True
What are the key findings in this chest X-ray report?,3247,True
What abnormality is present according to the report?,3247,True
Is the heart size normal?,3247,True
What are the key findings in this chest X-ray report?,3248,True
What abnormality is present according to the report?,3248,True
Is there any cardiomegaly?,3248,True
Is there any effusion?,3248,True
What are the key findings in this chest X-ray report?,3249,True
What abnormality is present according to the report?,3249,True
Is there any effusion?,3249,True
Is there any edema?,3249,True
Is there any atelectasis?,3249,True
What are the key findings in this chest X-ray report?,3250,True
What abnormality is present according to the report?,3250,True
What are the key findings in this chest X-ray report?,3251,True
What abnormality is present according to the report?,3251,True
What are the key findings in this chest X-ray report?,3252,True
What abnormality is present according to the report?,3252,True
Is the heart size normal?,3252,True
What are the key findings in this chest X-ray report?,3253,True
What abnormality is present according to the report?,3253,True
Is the heart size normal?,3253,True
What are the key findings in this chest X-ray report?,3254,True
What abnormality is present according to the report?,3254,True
Is the heart size normal?,3254,True
What are the key findings in this chest X-ray report?,3255,True
What abnormality is present according to the report?,3255,True
What are the key findings in this chest X-ray report?,3256,True
What abnormality is present according to the report?,3256,True
Is there any cardiomegaly?,3256,True
Is there any effusion?,3256,True
Is there any opacity?,3256,True
Is there any atelectasis?,3256,True
What are the key findings in this chest X-ray report?,3257,True
What abnormality is present according to the report?,3257,True
What are the key findings in this chest X-ray report?,3258,True
What abnormality is present according to the report?,3258,True
Is the heart size normal?,3258,True
What are the key findings in this chest X-ray report?,3259,True
What abnormality is present according to the report?,3259,True
Is there any opacity?,3259,True
What are the key findings in this chest X-ray report?,3260,True
What abnormality is present according to the report?,3260,True
Is there any cardiomegaly?,3260,True
Is there any effusion?,3260,True
Is there any opacity?,3260,True
Is there any atelectasis?,3260,True
What are the key findings in this chest X-ray report?,3261,True
What abnormality is present according to the report?,3261,True
Is the heart size normal?,3261,True
What are the key findings in this chest X-ray report?,3262,True
What abnormality is present according to the report?,3262,True
Is the heart size normal?,3262,True
What are the key findings in this chest X-ray report?,3263,True
What abnormality is present according to the report?,3263,True
Is the heart size normal?,3263,True
What are the key findings in this chest X-ray report?,3264,True
What abnormality is present according to the report?,3264,True
What are the key findings in this chest X-ray report?,3265,True
What abnormality is present according to the report?,3265,True
Is the heart size normal?,3265,True
What are the key findings in this chest X-ray report?,3266,True
What abnormality is present according to the report?,3266,True
Is the heart size normal?,3266,True
What are the key findings in this chest X-ray report?,3267,True
What abnormality is present according to the report?,3267,True
Is the heart size normal?,3267,True
What are the key findings in this chest X-ray report?,3268,True
What abnormality is present according to the report?,3268,True
Is the heart size normal?,3268,True
What are the key findings in this chest X-ray report?,3269,True
What abnormality is present according to the report?,3269,True
Is the heart size normal?,3269,True
What are the key findings in this chest X-ray report?,3270,True
What abnormality is present according to the report?,3270,True
What are the key findings in this chest X-ray report?,3271,True
What abnormality is present according to the report?,3271,True
Is the heart size normal?,3271,True
What are the key findings in this chest X-ray report?,3272,True
What abnormality is present according to the report?,3272,True
Is there any opacity?,3272,True
Is there any atelectasis?,3272,True
What are the key findings in this chest X-ray report?,3273,True
What abnormality is present according to the report?,3273,True
Is there any cardiomegaly?,3273,True
What are the key findings in this chest X-ray report?,3274,True
What abnormality is present according to the report?,3274,True
Is there any atelectasis?,3274,True
What are the key findings in this chest X-ray report?,3275,True
What abnormality is present according to the report?,3275,True
What are the key findings in this chest X-ray report?,3277,True
What abnormality is present according to the report?,3277,True
What are the key findings in this chest X-ray report?,3278,True
What abnormality is present according to the report?,3278,True
What are the key findings in this chest X-ray report?,3279,True
What abnormality is present according to the report?,3279,True
Is the heart size normal?,3279,True
What are the key findings in this chest X-ray report?,3280,True
What abnormality is present according to the report?,3280,True
Is there any opacity?,3280,True
What are the key findings in this chest X-ray report?,3281,True
What abnormality is present according to the report?,3281,True
What are the key findings in this chest X-ray report?,3282,True
What abnormality is present according to the report?,3282,True
What are the key findings in this chest X-ray report?,3283,True
What abnormality is present according to the report?,3283,True
Is the heart size normal?,3283,True
What are the key findings in this chest X-ray report?,3284,True
What abnormality is present according to the report?,3284,True
Is the heart size normal?,3284,True
What are the key findings in this chest X-ray report?,3285,True
What abnormality is present according to the report?,3285,True
Is the heart size normal?,3285,True
What are the key findings in this chest X-ray report?,3286,True
What abnormality is present according to the report?,3286,True
Is there any cardiomegaly?,3286,True
Is there any opacity?,3286,True
Is there any atelectasis?,3286,True
What are the key findings in this chest X-ray report?,3287,True
What abnormality is present according to the report?,3287,True
What are the key findings in this chest X-ray report?,3288,True
What abnormality is present according to the report?,3288,True
Is the heart size normal?,3288,True
What are the key findings in this chest X-ray report?,3289,True
What abnormality is present according to the report?,3289,True
Is the heart size normal?,3289,True
What are the key findings in this chest X-ray report?,3290,True
What abnormality is present according to the report?,3290,True
Is the heart size normal?,3290,True
What are the key findings in this chest X-ray report?,3291,True
What abnormality is present according to the report?,3291,True
Is the heart size normal?,3291,True
What are the key findings in this chest X-ray report?,3292,True
What abnormality is present according to the report?,3292,True
Is there any opacity?,3292,True
What are the key findings in this chest X-ray report?,3294,True
What abnormality is present according to the report?,3294,True
What are the key findings in this chest X-ray report?,3296,True
What abnormality is present according to the report?,3296,True
What are the key findings in this chest X-ray report?,3297,True
What abnormality is present according to the report?,3297,True
What are the key findings in this chest X-ray report?,3298,True
What abnormality is present according to the report?,3298,True
Is the heart size normal?,3298,True
What are the key findings in this chest X-ray report?,3299,True
What abnormality is present according to the report?,3299,True
What are the key findings in this chest X-ray report?,3300,True
What abnormality is present according to the report?,3300,True
What are the key findings in this chest X-ray report?,3301,True
What abnormality is present according to the report?,3301,True
Is the heart size normal?,3301,True
What are the key findings in this chest X-ray report?,3302,True
What abnormality is present according to the report?,3302,True
What are the key findings in this chest X-ray report?,3303,True
What abnormality is present according to the report?,3303,True
Is there any opacity?,3303,True
What are the key findings in this chest X-ray report?,3304,True
What abnormality is present according to the report?,3304,True
What are the key findings in this chest X-ray report?,3305,True
What abnormality is present according to the report?,3305,True
Is there any opacity?,3305,True
Is there any atelectasis?,3305,True
What are the key findings in this chest X-ray report?,3306,True
What abnormality is present according to the report?,3306,True
Is there any cardiomegaly?,3306,True
What are the key findings in this chest X-ray report?,3307,True
What abnormality is present according to the report?,3307,True
Is the heart size normal?,3307,True
What are the key findings in this chest X-ray report?,3309,True
What abnormality is present according to the report?,3309,True
Is the heart size normal?,3309,True
What are the key findings in this chest X-ray report?,3310,True
What abnormality is present according to the report?,3310,True
What are the key findings in this chest X-ray report?,3311,True
What abnormality is present according to the report?,3311,True
Is the heart size normal?,3311,True
What are the key findings in this chest X-ray report?,3312,True
What abnormality is present according to the report?,3312,True
What are the key findings in this chest X-ray report?,3313,True
What abnormality is present according to the report?,3313,True
What are the key findings in this chest X-ray report?,3314,True
What abnormality is present according to the report?,3314,True
Is the heart size normal?,3314,True
What are the key findings in this chest X-ray report?,3315,True
What abnormality is present according to the report?,3315,True
Is the heart size normal?,3315,True
What are the key findings in this chest X-ray report?,3316,True
What abnormality is present according to the report?,3316,True
What are the key findings in this chest X-ray report?,3317,True
What abnormality is present according to the report?,3317,True
Is the heart size normal?,3317,True
What are the key findings in this chest X-ray report?,3318,True
What abnormality is present according to the report?,3318,True
What are the key findings in this chest X-ray report?,3319,True
What abnormality is present according to the report?,3319,True
What are the key findings in this chest X-ray report?,3320,True
What abnormality is present according to the report?,3320,True
Is the heart size normal?,3320,True
What are the key findings in this chest X-ray report?,3321,True
What abnormality is present according to the report?,3321,True
Is the heart size normal?,3321,True
What are the key findings in this chest X-ray report?,3322,True
What abnormality is present according to the report?,3322,True
What are the key findings in this chest X-ray report?,3323,True
What abnormality is present according to the report?,3323,True
What are the key findings in this chest X-ray report?,3324,True
What abnormality is present according to the report?,3324,True
What are the key findings in this chest X-ray report?,3325,True
What abnormality is present according to the report?,3325,True
Is the heart size normal?,3325,True
What are the key findings in this chest X-ray report?,3326,True
What abnormality is present according to the report?,3326,True
Is there any cardiomegaly?,3326,True
What are the key findings in this chest X-ray report?,3327,True
What abnormality is present according to the report?,3327,True
Is there any opacity?,3327,True
What are the key findings in this chest X-ray report?,3328,True
What abnormality is present according to the report?,3328,True
Is there any cardiomegaly?,3328,True
Is there any effusion?,3328,True
What are the key findings in this chest X-ray report?,3329,True
What abnormality is present according to the report?,3329,True
Is the heart size normal?,3329,True
What are the key findings in this chest X-ray report?,3330,True
What abnormality is present according to the report?,3330,True
Is the heart size normal?,3330,True
What are the key findings in this chest X-ray report?,3331,True
What abnormality is present according to the report?,3331,True
What are the key findings in this chest X-ray report?,3332,True
What abnormality is present according to the report?,3332,True
What are the key findings in this chest X-ray report?,3333,True
What abnormality is present according to the report?,3333,True
Is the heart size normal?,3333,True
What are the key findings in this chest X-ray report?,3334,True
What abnormality is present according to the report?,3334,True
Is there any atelectasis?,3334,True
What are the key findings in this chest X-ray report?,3335,True
What abnormality is present according to the report?,3335,True
What are the key findings in this chest X-ray report?,3336,True
What abnormality is present according to the report?,3336,True
What are the key findings in this chest X-ray report?,3337,True
What abnormality is present according to the report?,3337,True
What are the key findings in this chest X-ray report?,3338,True
What abnormality is present according to the report?,3338,True
Is the heart size normal?,3338,True
What are the key findings in this chest X-ray report?,3339,True
What abnormality is present according to the report?,3339,True
Is the heart size normal?,3339,True
What are the key findings in this chest X-ray report?,3340,True
What abnormality is present according to the report?,3340,True
What are the key findings in this chest X-ray report?,3341,True
What abnormality is present according to the report?,3341,True
Is the heart size normal?,3341,True
What are the key findings in this chest X-ray report?,3342,True
What abnormality is present according to the report?,3342,True
Is there any cardiomegaly?,3342,True
What are the key findings in this chest X-ray report?,3343,True
What abnormality is present according to the report?,3343,True
Is the heart size normal?,3343,True
What are the key findings in this chest X-ray report?,3344,True
What abnormality is present according to the report?,3344,True
Is there any opacity?,3344,True
What are the key findings in this chest X-ray report?,3345,True
What abnormality is present according to the report?,3345,True
Is the heart size normal?,3345,True
What are the key findings in this chest X-ray report?,3346,True
What abnormality is present according to the report?,3346,True
Is the heart size normal?,3346,True
What are the key findings in this chest X-ray report?,3347,True
What abnormality is present according to the report?,3347,True
What are the key findings in this chest X-ray report?,3348,True
What abnormality is present according to the report?,3348,True
Is there any cardiomegaly?,3348,True
What are the key findings in this chest X-ray report?,3349,True
What abnormality is present according to the report?,3349,True
What are the key findings in this chest X-ray report?,3350,True
What abnormality is present according to the report?,3350,True
Is the heart size normal?,3350,True
What are the key findings in this chest X-ray report?,3352,True
What abnormality is present according to the report?,3352,True
Is the heart size normal?,3352,True
What are the key findings in this chest X-ray report?,3353,True
What abnormality is present according to the report?,3353,True
Is there any cardiomegaly?,3353,True
Is there any effusion?,3353,True
What are the key findings in this chest X-ray report?,3354,True
What abnormality is present according to the report?,3354,True
What are the key findings in this chest X-ray report?,3355,True
What abnormality is present according to the report?,3355,True
What are the key findings in this chest X-ray report?,3356,True
What abnormality is present according to the report?,3356,True
What are the key findings in this chest X-ray report?,3357,True
What abnormality is present according to the report?,3357,True
What are the key findings in this chest X-ray report?,3358,True
What abnormality is present according to the report?,3358,True
Is the heart size normal?,3358,True
What are the key findings in this chest X-ray report?,3359,True
What abnormality is present according to the report?,3359,True
Is the heart size normal?,3359,True
What are the key findings in this chest X-ray report?,3360,True
What abnormality is present according to the report?,3360,True
Is there any atelectasis?,3360,True
What are the key findings in this chest X-ray report?,3361,True
What abnormality is present according to the report?,3361,True
Is the heart size normal?,3361,True
What are the key findings in this chest X-ray report?,3362,True
What abnormality is present according to the report?,3362,True
Is the heart size normal?,3362,True
What are the key findings in this chest X-ray report?,3363,True
What abnormality is present according to the report?,3363,True
Is there any opacity?,3363,True
What are the key findings in this chest X-ray report?,3364,True
What abnormality is present according to the report?,3364,True
Is there any cardiomegaly?,3364,True
What are the key findings in this chest X-ray report?,3365,True
What abnormality is present according to the report?,3365,True
Is the heart size normal?,3365,True
What are the key findings in this chest X-ray report?,3366,True
What abnormality is present according to the report?,3366,True
What are the key findings in this chest X-ray report?,3368,True
What abnormality is present according to the report?,3368,True
What are the key findings in this chest X-ray report?,3369,True
What abnormality is present according to the report?,3369,True
Is there any opacity?,3369,True
Is there any pneumothorax?,3369,True
Is there any atelectasis?,3369,True
What are the key findings in this chest X-ray report?,3370,True
What abnormality is present according to the report?,3370,True
Is the heart size normal?,3370,True
What are the key findings in this chest X-ray report?,3371,True
What abnormality is present according to the report?,3371,True
What are the key findings in this chest X-ray report?,3372,True
What abnormality is present according to the report?,3372,True
Is there any cardiomegaly?,3372,True
Is there any edema?,3372,True
What are the key findings in this chest X-ray report?,3373,True
What abnormality is present according to the report?,3373,True
Is the heart size normal?,3373,True
What are the key findings in this chest X-ray report?,3374,True
What abnormality is present according to the report?,3374,True
What are the key findings in this chest X-ray report?,3375,True
What abnormality is present according to the report?,3375,True
What are the key findings in this chest X-ray report?,3377,True
What abnormality is present according to the report?,3377,True
Is the heart size normal?,3377,True
What are the key findings in this chest X-ray report?,3378,True
What abnormality is present according to the report?,3378,True
Is there any pneumothorax?,3378,True
What are the key findings in this chest X-ray report?,3379,True
What abnormality is present according to the report?,3379,True
Is there any cardiomegaly?,3379,True
What are the key findings in this chest X-ray report?,3380,True
What abnormality is present according to the report?,3380,True
What are the key findings in this chest X-ray report?,3381,True
What abnormality is present according to the report?,3381,True
Is the heart size normal?,3381,True
What are the key findings in this chest X-ray report?,3382,True
What abnormality is present according to the report?,3382,True
Is there any effusion?,3382,True
What are the key findings in this chest X-ray report?,3383,True
What abnormality is present according to the report?,3383,True
What are the key findings in this chest X-ray report?,3384,True
What abnormality is present according to the report?,3384,True
Is the heart size normal?,3384,True
What are the key findings in this chest X-ray report?,3385,True
What abnormality is present according to the report?,3385,True
Is the heart size normal?,3385,True
What are the key findings in this chest X-ray report?,3386,True
What abnormality is present according to the report?,3386,True
Is the heart size normal?,3386,True
What are the key findings in this chest X-ray report?,3387,True
What abnormality is present according to the report?,3387,True
Is there any opacity?,3387,True
What are the key findings in this chest X-ray report?,3388,True
What abnormality is present according to the report?,3388,True
What are the key findings in this chest X-ray report?,3389,True
What abnormality is present according to the report?,3389,True
What are the key findings in this chest X-ray report?,3390,True
What abnormality is present according to the report?,3390,True
Is the heart size normal?,3390,True
What are the key findings in this chest X-ray report?,3391,True
What abnormality is present according to the report?,3391,True
What are the key findings in this chest X-ray report?,3392,True
What abnormality is present according to the report?,3392,True
Is the heart size normal?,3392,True
What are the key findings in this chest X-ray report?,3393,True
What abnormality is present according to the report?,3393,True
What are the key findings in this chest X-ray report?,3394,True
What abnormality is present according to the report?,3394,True
What are the key findings in this chest X-ray report?,3395,True
What abnormality is present according to the report?,3395,True
Is the heart size normal?,3395,True
What are the key findings in this chest X-ray report?,3396,True
What abnormality is present according to the report?,3396,True
Is there any effusion?,3396,True
What are the key findings in this chest X-ray report?,3398,True
What abnormality is present according to the report?,3398,True
What are the key findings in this chest X-ray report?,3399,True
What abnormality is present according to the report?,3399,True
Is there any atelectasis?,3399,True
What are the key findings in this chest X-ray report?,3400,True
What abnormality is present according to the report?,3400,True
Is the heart size normal?,3400,True
What are the key findings in this chest X-ray report?,3401,True
What abnormality is present according to the report?,3401,True
What are the key findings in this chest X-ray report?,3402,True
What abnormality is present according to the report?,3402,True
What are the key findings in this chest X-ray report?,3403,True
What abnormality is present according to the report?,3403,True
Is the heart size normal?,3403,True
What are the key findings in this chest X-ray report?,3404,True
What abnormality is present according to the report?,3404,True
What are the key findings in this chest X-ray report?,3405,True
What abnormality is present according to the report?,3405,True
What are the key findings in this chest X-ray report?,3406,True
What abnormality is present according to the report?,3406,True
What are the key findings in this chest X-ray report?,3407,True
What abnormality is present according to the report?,3407,True
What are the key findings in this chest X-ray report?,3408,True
What abnormality is present according to the report?,3408,True
What are the key findings in this chest X-ray report?,3409,True
What abnormality is present according to the report?,3409,True
Is the heart size normal?,3409,True
What are the key findings in this chest X-ray report?,3410,True
What abnormality is present according to the report?,3410,True
What are the key findings in this chest X-ray report?,3411,True
What abnormality is present according to the report?,3411,True
Is there any opacity?,3411,True
Is there any atelectasis?,3411,True
What are the key findings in this chest X-ray report?,3412,True
What abnormality is present according to the report?,3412,True
What are the key findings in this chest X-ray report?,3413,True
What abnormality is present according to the report?,3413,True
Is the heart size normal?,3413,True
What are the key findings in this chest X-ray report?,3414,True
What abnormality is present according to the report?,3414,True
Is there any cardiomegaly?,3414,True
Is there any atelectasis?,3414,True
What are the key findings in this chest X-ray report?,3415,True
What abnormality is present according to the report?,3415,True
Is there any atelectasis?,3415,True
What are the key findings in this chest X-ray report?,3416,True
What abnormality is present according to the report?,3416,True
Is there any atelectasis?,3416,True
What are the key findings in this chest X-ray report?,3417,True
What abnormality is present according to the report?,3417,True
Is there any cardiomegaly?,3417,True
What are the key findings in this chest X-ray report?,3418,True
What abnormality is present according to the report?,3418,True
What are the key findings in this chest X-ray report?,3419,True
What abnormality is present according to the report?,3419,True
What are the key findings in this chest X-ray report?,3420,True
What abnormality is present according to the report?,3420,True
Is the heart size normal?,3420,True
What are the key findings in this chest X-ray report?,3421,True
What abnormality is present according to the report?,3421,True
What are the key findings in this chest X-ray report?,3422,True
What abnormality is present according to the report?,3422,True
Is the heart size normal?,3422,True
What are the key findings in this chest X-ray report?,3423,True
What abnormality is present according to the report?,3423,True
What are the key findings in this chest X-ray report?,3424,True
What abnormality is present according to the report?,3424,True
What are the key findings in this chest X-ray report?,3426,True
What abnormality is present according to the report?,3426,True
What are the key findings in this chest X-ray report?,3427,True
What abnormality is present according to the report?,3427,True
Is the heart size normal?,3427,True
What are the key findings in this chest X-ray report?,3428,True
What abnormality is present according to the report?,3428,True
What are the key findings in this chest X-ray report?,3429,True
What abnormality is present according to the report?,3429,True
What are the key findings in this chest X-ray report?,3430,True
What abnormality is present according to the report?,3430,True
Is there any cardiomegaly?,3430,True
What are the key findings in this chest X-ray report?,3431,True
What abnormality is present according to the report?,3431,True
Is the heart size normal?,3431,True
What are the key findings in this chest X-ray report?,3432,True
What abnormality is present according to the report?,3432,True
Is there any cardiomegaly?,3432,True
Is there any opacity?,3432,True
What are the key findings in this chest X-ray report?,3433,True
What abnormality is present according to the report?,3433,True
Is the heart size normal?,3433,True
What are the key findings in this chest X-ray report?,3435,True
What abnormality is present according to the report?,3435,True
Is there any cardiomegaly?,3435,True
What are the key findings in this chest X-ray report?,3436,True
What abnormality is present according to the report?,3436,True
What are the key findings in this chest X-ray report?,3437,True
What abnormality is present according to the report?,3437,True
What are the key findings in this chest X-ray report?,3438,True
What abnormality is present according to the report?,3438,True
Is the heart size normal?,3438,True
What are the key findings in this chest X-ray report?,3439,True
What abnormality is present according to the report?,3439,True
Is the heart size normal?,3439,True
What are the key findings in this chest X-ray report?,3440,True
What abnormality is present according to the report?,3440,True
What are the key findings in this chest X-ray report?,3441,True
What abnormality is present according to the report?,3441,True
Is the heart size normal?,3441,True
What are the key findings in this chest X-ray report?,3442,True
What abnormality is present according to the report?,3442,True
Is there any opacity?,3442,True
Is there any atelectasis?,3442,True
What are the key findings in this chest X-ray report?,3443,True
What abnormality is present according to the report?,3443,True
Is the heart size normal?,3443,True
What are the key findings in this chest X-ray report?,3444,True
What abnormality is present according to the report?,3444,True
What are the key findings in this chest X-ray report?,3445,True
What abnormality is present according to the report?,3445,True
Is the heart size normal?,3445,True
What are the key findings in this chest X-ray report?,3446,True
What abnormality is present according to the report?,3446,True
Is the heart size normal?,3446,True
What are the key findings in this chest X-ray report?,3448,True
What abnormality is present according to the report?,3448,True
What are the key findings in this chest X-ray report?,3449,True
What abnormality is present according to the report?,3449,True
What are the key findings in this chest X-ray report?,3450,True
What abnormality is present according to the report?,3450,True
Is the heart size normal?,3450,True
What are the key findings in this chest X-ray report?,3451,True
What abnormality is present according to the report?,3451,True
Is there any effusion?,3451,True
What are the key findings in this chest X-ray report?,3452,True
What abnormality is present according to the report?,3452,True
Is the heart size normal?,3452,True
What are the key findings in this chest X-ray report?,3453,True
What abnormality is present according to the report?,3453,True
Is the heart size normal?,3453,True
What are the key findings in this chest X-ray report?,3454,True
What abnormality is present according to the report?,3454,True
What are the key findings in this chest X-ray report?,3455,True
What abnormality is present according to the report?,3455,True
Is there any cardiomegaly?,3455,True
Is there any opacity?,3455,True
Is there any edema?,3455,True
Is there any atelectasis?,3455,True
What are the key findings in this chest X-ray report?,3456,True
What abnormality is present according to the report?,3456,True
What are the key findings in this chest X-ray report?,3457,True
What abnormality is present according to the report?,3457,True
What are the key findings in this chest X-ray report?,3458,True
What abnormality is present according to the report?,3458,True
Is the heart size normal?,3458,True
What are the key findings in this chest X-ray report?,3459,True
What abnormality is present according to the report?,3459,True
What are the key findings in this chest X-ray report?,3460,True
What abnormality is present according to the report?,3460,True
Is the heart size normal?,3460,True
What are the key findings in this chest X-ray report?,3461,True
What abnormality is present according to the report?,3461,True
Is the heart size normal?,3461,True
What are the key findings in this chest X-ray report?,3462,True
What abnormality is present according to the report?,3462,True
What are the key findings in this chest X-ray report?,3464,True
What abnormality is present according to the report?,3464,True
What are the key findings in this chest X-ray report?,3465,True
What abnormality is present according to the report?,3465,True
Is the heart size normal?,3465,True
What are the key findings in this chest X-ray report?,3466,True
What abnormality is present according to the report?,3466,True
Is there any opacity?,3466,True
What are the key findings in this chest X-ray report?,3467,True
What abnormality is present according to the report?,3467,True
What are the key findings in this chest X-ray report?,3468,True
What abnormality is present according to the report?,3468,True
Is there any opacity?,3468,True
What are the key findings in this chest X-ray report?,3469,True
What abnormality is present according to the report?,3469,True
Is there any opacity?,3469,True
What are the key findings in this chest X-ray report?,3470,True
What abnormality is present according to the report?,3470,True
What are the key findings in this chest X-ray report?,3471,True
What abnormality is present according to the report?,3471,True
What are the key findings in this chest X-ray report?,3472,True
What abnormality is present according to the report?,3472,True
Is the heart size normal?,3472,True
What are the key findings in this chest X-ray report?,3473,True
What abnormality is present according to the report?,3473,True
Is the heart size normal?,3473,True
What are the key findings in this chest X-ray report?,3474,True
What abnormality is present according to the report?,3474,True
What are the key findings in this chest X-ray report?,3475,True
What abnormality is present according to the report?,3475,True
Is the heart size normal?,3475,True
What are the key findings in this chest X-ray report?,3477,True
What abnormality is present according to the report?,3477,True
Is the heart size normal?,3477,True
What are the key findings in this chest X-ray report?,3478,True
What abnormality is present according to the report?,3478,True
What are the key findings in this chest X-ray report?,3479,True
What abnormality is present according to the report?,3479,True
Is there any cardiomegaly?,3479,True
Is there any effusion?,3479,True
Is there any edema?,3479,True
What are the key findings in this chest X-ray report?,3480,True
What abnormality is present according to the report?,3480,True
What are the key findings in this chest X-ray report?,3481,True
What abnormality is present according to the report?,3481,True
What are the key findings in this chest X-ray report?,3482,True
What abnormality is present according to the report?,3482,True
What are the key findings in this chest X-ray report?,3483,True
What abnormality is present according to the report?,3483,True
Is the heart size normal?,3483,True
What are the key findings in this chest X-ray report?,3485,True
What abnormality is present according to the report?,3485,True
What are the key findings in this chest X-ray report?,3486,True
What abnormality is present according to the report?,3486,True
What are the key findings in this chest X-ray report?,3487,True
What abnormality is present according to the report?,3487,True
Is the heart size normal?,3487,True
What are the key findings in this chest X-ray report?,3488,True
What abnormality is present according to the report?,3488,True
What are the key findings in this chest X-ray report?,3489,True
What abnormality is present according to the report?,3489,True
Is the heart size normal?,3489,True
What are the key findings in this chest X-ray report?,3490,True
What abnormality is present according to the report?,3490,True
What are the key findings in this chest X-ray report?,3491,True
What abnormality is present according to the report?,3491,True
What are the key findings in this chest X-ray report?,3492,True
What abnormality is present according to the report?,3492,True
What are the key findings in this chest X-ray report?,3493,True
What abnormality is present according to the report?,3493,True
What are the key findings in this chest X-ray report?,3494,True
What abnormality is present according to the report?,3494,True
What are the key findings in this chest X-ray report?,3495,True
What abnormality is present according to the report?,3495,True
Is the heart size normal?,3495,True
What are the key findings in this chest X-ray report?,3496,True
What abnormality is present according to the report?,3496,True
Is the heart size normal?,3496,True
What are the key findings in this chest X-ray report?,3497,True
What abnormality is present according to the report?,3497,True
What are the key findings in this chest X-ray report?,3498,True
What abnormality is present according to the report?,3498,True
Is there any effusion?,3498,True
What are the key findings in this chest X-ray report?,3499,True
What abnormality is present according to the report?,3499,True
Is the heart size normal?,3499,True
What are the key findings in this chest X-ray report?,3500,True
What abnormality is present according to the report?,3500,True
Is the heart size normal?,3500,True
What are the key findings in this chest X-ray report?,3501,True
What abnormality is present according to the report?,3501,True
Is the heart size normal?,3501,True
What are the key findings in this chest X-ray report?,3502,True
What abnormality is present according to the report?,3502,True
Is there any cardiomegaly?,3502,True
What are the key findings in this chest X-ray report?,3503,True
What abnormality is present according to the report?,3503,True
Is the heart size normal?,3503,True
What are the key findings in this chest X-ray report?,3504,True
What abnormality is present according to the report?,3504,True
Is the heart size normal?,3504,True
What are the key findings in this chest X-ray report?,3505,True
What abnormality is present according to the report?,3505,True
Is the heart size normal?,3505,True
What are the key findings in this chest X-ray report?,3506,True
What abnormality is present according to the report?,3506,True
What are the key findings in this chest X-ray report?,3507,True
What abnormality is present according to the report?,3507,True
What are the key findings in this chest X-ray report?,3508,True
What abnormality is present according to the report?,3508,True
Is there any effusion?,3508,True
Is there any atelectasis?,3508,True
What are the key findings in this chest X-ray report?,3509,True
What abnormality is present according to the report?,3509,True
Is there any effusion?,3509,True
Is there any atelectasis?,3509,True
What are the key findings in this chest X-ray report?,3510,True
What abnormality is present according to the report?,3510,True
Is there any cardiomegaly?,3510,True
What are the key findings in this chest X-ray report?,3511,True
What abnormality is present according to the report?,3511,True
Is the heart size normal?,3511,True
What are the key findings in this chest X-ray report?,3512,True
What abnormality is present according to the report?,3512,True
What are the key findings in this chest X-ray report?,3513,True
What abnormality is present according to the report?,3513,True
Is the heart size normal?,3513,True
What are the key findings in this chest X-ray report?,3514,True
What abnormality is present according to the report?,3514,True
What are the key findings in this chest X-ray report?,3515,True
What abnormality is present according to the report?,3515,True
What are the key findings in this chest X-ray report?,3516,True
What abnormality is present according to the report?,3516,True
What are the key findings in this chest X-ray report?,3517,True
What abnormality is present according to the report?,3517,True
What are the key findings in this chest X-ray report?,3518,True
What abnormality is present according to the report?,3518,True
What are the key findings in this chest X-ray report?,3519,True
What abnormality is present according to the report?,3519,True
Is there any effusion?,3519,True
Is there any opacity?,3519,True
What are the key findings in this chest X-ray report?,3520,True
What abnormality is present according to the report?,3520,True
Is there any atelectasis?,3520,True
What are the key findings in this chest X-ray report?,3521,True
What abnormality is present according to the report?,3521,True
What are the key findings in this chest X-ray report?,3522,True
What abnormality is present according to the report?,3522,True
Is the heart size normal?,3522,True
What are the key findings in this chest X-ray report?,3523,True
What abnormality is present according to the report?,3523,True
What are the key findings in this chest X-ray report?,3524,True
What abnormality is present according to the report?,3524,True
Is the heart size normal?,3524,True
What are the key findings in this chest X-ray report?,3525,True
What abnormality is present according to the report?,3525,True
What are the key findings in this chest X-ray report?,3526,True
What abnormality is present according to the report?,3526,True
What are the key findings in this chest X-ray report?,3527,True
What abnormality is present according to the report?,3527,True
Is the heart size normal?,3527,True
What are the key findings in this chest X-ray report?,3528,True
What abnormality is present according to the report?,3528,True
Is the heart size normal?,3528,True
What are the key findings in this chest X-ray report?,3529,True
What abnormality is present according to the report?,3529,True
Is there any cardiomegaly?,3529,True
What are the key findings in this chest X-ray report?,3530,True
What abnormality is present according to the report?,3530,True
Is there any cardiomegaly?,3530,True
What are the key findings in this chest X-ray report?,3531,True
What abnormality is present according to the report?,3531,True
What are the key findings in this chest X-ray report?,3532,True
What abnormality is present according to the report?,3532,True
What are the key findings in this chest X-ray report?,3533,True
What abnormality is present according to the report?,3533,True
What are the key findings in this chest X-ray report?,3534,True
What abnormality is present according to the report?,3534,True
What are the key findings in this chest X-ray report?,3535,True
What abnormality is present according to the report?,3535,True
Is the heart size normal?,3535,True
What are the key findings in this chest X-ray report?,3536,True
What abnormality is present according to the report?,3536,True
Is there any cardiomegaly?,3536,True
Is there any effusion?,3536,True
Is there any atelectasis?,3536,True
What are the key findings in this chest X-ray report?,3537,True
What abnormality is present according to the report?,3537,True
What are the key findings in this chest X-ray report?,3538,True
What abnormality is present according to the report?,3538,True
Is the heart size normal?,3538,True
What are the key findings in this chest X-ray report?,3539,True
What abnormality is present according to the report?,3539,True
Is the heart size normal?,3539,True
What are the key findings in this chest X-ray report?,3540,True
What abnormality is present according to the report?,3540,True
What are the key findings in this chest X-ray report?,3541,True
What abnormality is present according to the report?,3541,True
Is there any opacity?,3541,True
Is there any atelectasis?,3541,True
What are the key findings in this chest X-ray report?,3542,True
What abnormality is present according to the report?,3542,True
Is the heart size normal?,3542,True
What are the key findings in this chest X-ray report?,3543,True
What abnormality is present according to the report?,3543,True
What are the key findings in this chest X-ray report?,3544,True
What abnormality is present according to the report?,3544,True
Is there any opacity?,3544,True
Is there any atelectasis?,3544,True
What are the key findings in this chest X-ray report?,3545,True
What abnormality is present according to the report?,3545,True
Is there any opacity?,3545,True
What are the key findings in this chest X-ray report?,3546,True
What abnormality is present according to the report?,3546,True
Is there any cardiomegaly?,3546,True
Is there any opacity?,3546,True
What are the key findings in this chest X-ray report?,3547,True
What abnormality is present according to the report?,3547,True
What are the key findings in this chest X-ray report?,3548,True
What abnormality is present according to the report?,3548,True
Is the heart size normal?,3548,True
What are the key findings in this chest X-ray report?,3549,True
What abnormality is present according to the report?,3549,True
Is the heart size normal?,3549,True
What are the key findings in this chest X-ray report?,3550,True
What abnormality is present according to the report?,3550,True
What are the key findings in this chest X-ray report?,3551,True
What abnormality is present according to the report?,3551,True
What are the key findings in this chest X-ray report?,3552,True
What abnormality is present according to the report?,3552,True
Is the heart size normal?,3552,True
What are the key findings in this chest X-ray report?,3553,True
What abnormality is present according to the report?,3553,True
Is the heart size normal?,3553,True
What are the key findings in this chest X-ray report?,3555,True
What abnormality is present according to the report?,3555,True
What are the key findings in this chest X-ray report?,3556,True
What abnormality is present according to the report?,3556,True
What are the key findings in this chest X-ray report?,3557,True
What abnormality is present according to the report?,3557,True
Is there any effusion?,3557,True
What are the key findings in this chest X-ray report?,3559,True
What abnormality is present according to the report?,3559,True
What are the key findings in this chest X-ray report?,3560,True
What abnormality is present according to the report?,3560,True
Is the heart size normal?,3560,True
What are the key findings in this chest X-ray report?,3561,True
What abnormality is present according to the report?,3561,True
Is the heart size normal?,3561,True
What are the key findings in this chest X-ray report?,3562,True
What abnormality is present according to the report?,3562,True
Is there any atelectasis?,3562,True
What are the key findings in this chest X-ray report?,3563,True
What abnormality is present according to the report?,3563,True
Is the heart size normal?,3563,True
What are the key findings in this chest X-ray report?,3564,True
What abnormality is present according to the report?,3564,True
What are the key findings in this chest X-ray report?,3565,True
What abnormality is present according to the report?,3565,True
Is there any opacity?,3565,True
What are the key findings in this chest X-ray report?,3566,True
What abnormality is present according to the report?,3566,True
Is there any atelectasis?,3566,True
What are the key findings in this chest X-ray report?,3567,True
What abnormality is present according to the report?,3567,True
Is there any effusion?,3567,True
What are the key findings in this chest X-ray report?,3568,True
What abnormality is present according to the report?,3568,True
What are the key findings in this chest X-ray report?,3569,True
What abnormality is present according to the report?,3569,True
What are the key findings in this chest X-ray report?,3570,True
What abnormality is present according to the report?,3570,True
Is there any atelectasis?,3570,True
What are the key findings in this chest X-ray report?,3571,True
What abnormality is present according to the report?,3571,True
What are the key findings in this chest X-ray report?,3572,True
What abnormality is present according to the report?,3572,True
What are the key findings in this chest X-ray report?,3573,True
What abnormality is present according to the report?,3573,True
What are the key findings in this chest X-ray report?,3574,True
What abnormality is present according to the report?,3574,True
Is the heart size normal?,3574,True
What are the key findings in this chest X-ray report?,3575,True
What abnormality is present according to the report?,3575,True
What are the key findings in this chest X-ray report?,3576,True
What abnormality is present according to the report?,3576,True
Is the heart size normal?,3576,True
What are the key findings in this chest X-ray report?,3577,True
What abnormality is present according to the report?,3577,True
Is the heart size normal?,3577,True
What are the key findings in this chest X-ray report?,3578,True
What abnormality is present according to the report?,3578,True
What are the key findings in this chest X-ray report?,3579,True
What abnormality is present according to the report?,3579,True
What are the key findings in this chest X-ray report?,3580,True
What abnormality is present according to the report?,3580,True
Is the heart size normal?,3580,True
What are the key findings in this chest X-ray report?,3581,True
What abnormality is present according to the report?,3581,True
What are the key findings in this chest X-ray report?,3582,True
What abnormality is present according to the report?,3582,True
Is the heart size normal?,3582,True
What are the key findings in this chest X-ray report?,3583,True
What abnormality is present according to the report?,3583,True
What are the key findings in this chest X-ray report?,3584,True
What abnormality is present according to the report?,3584,True
Is there any atelectasis?,3584,True
What are the key findings in this chest X-ray report?,3585,True
What abnormality is present according to the report?,3585,True
Is the heart size normal?,3585,True
What are the key findings in this chest X-ray report?,3586,True
What abnormality is present according to the report?,3586,True
Is there any cardiomegaly?,3586,True
What are the key findings in this chest X-ray report?,3587,True
What abnormality is present according to the report?,3587,True
Is the heart size normal?,3587,True
What are the key findings in this chest X-ray report?,3588,True
What abnormality is present according to the report?,3588,True
Is the heart size normal?,3588,True
What are the key findings in this chest X-ray report?,3589,True
What abnormality is present according to the report?,3589,True
Is there any opacity?,3589,True
What are the key findings in this chest X-ray report?,3590,True
What abnormality is present according to the report?,3590,True
Is the heart size normal?,3590,True
What are the key findings in this chest X-ray report?,3591,True
What abnormality is present according to the report?,3591,True
What are the key findings in this chest X-ray report?,3592,True
What abnormality is present according to the report?,3592,True
What are the key findings in this chest X-ray report?,3593,True
What abnormality is present according to the report?,3593,True
Is the heart size normal?,3593,True
What are the key findings in this chest X-ray report?,3594,True
What abnormality is present according to the report?,3594,True
Is the heart size normal?,3594,True
What are the key findings in this chest X-ray report?,3595,True
What abnormality is present according to the report?,3595,True
Is there any cardiomegaly?,3595,True
Is there any effusion?,3595,True
What are the key findings in this chest X-ray report?,3596,True
What abnormality is present according to the report?,3596,True
What are the key findings in this chest X-ray report?,3597,True
What abnormality is present according to the report?,3597,True
What are the key findings in this chest X-ray report?,3598,True
What abnormality is present according to the report?,3598,True
Is the heart size normal?,3598,True
What are the key findings in this chest X-ray report?,3599,True
What abnormality is present according to the report?,3599,True
What are the key findings in this chest X-ray report?,3600,True
What abnormality is present according to the report?,3600,True
What are the key findings in this chest X-ray report?,3601,True
What abnormality is present according to the report?,3601,True
What are the key findings in this chest X-ray report?,3602,True
What abnormality is present according to the report?,3602,True
What are the key findings in this chest X-ray report?,3603,True
What abnormality is present according to the report?,3603,True
Is the heart size normal?,3603,True
What are the key findings in this chest X-ray report?,3604,True
What abnormality is present according to the report?,3604,True
Is the heart size normal?,3604,True
What are the key findings in this chest X-ray report?,3605,True
What abnormality is present according to the report?,3605,True
Is the heart size normal?,3605,True
What are the key findings in this chest X-ray report?,3606,True
What abnormality is present according to the report?,3606,True
Is the heart size normal?,3606,True
What are the key findings in this chest X-ray report?,3607,True
What abnormality is present according to the report?,3607,True
Is there any opacity?,3607,True
Is there any atelectasis?,3607,True
What are the key findings in this chest X-ray report?,3608,True
What abnormality is present according to the report?,3608,True
Is there any cardiomegaly?,3608,True
What are the key findings in this chest X-ray report?,3609,True
What abnormality is present according to the report?,3609,True
Is there any cardiomegaly?,3609,True
What are the key findings in this chest X-ray report?,3610,True
What abnormality is present according to the report?,3610,True
Is the heart size normal?,3610,True
What are the key findings in this chest X-ray report?,3611,True
What abnormality is present according to the report?,3611,True
What are the key findings in this chest X-ray report?,3612,True
What abnormality is present according to the report?,3612,True
What are the key findings in this chest X-ray report?,3613,True
What abnormality is present according to the report?,3613,True
What are the key findings in this chest X-ray report?,3614,True
What abnormality is present according to the report?,3614,True
Is there any cardiomegaly?,3614,True
Is there any effusion?,3614,True
Is there any atelectasis?,3614,True
What are the key findings in this chest X-ray report?,3615,True
What abnormality is present according to the report?,3615,True
What are the key findings in this chest X-ray report?,3616,True
What abnormality is present according to the report?,3616,True
What are the key findings in this chest X-ray report?,3617,True
What abnormality is present according to the report?,3617,True
Is the heart size normal?,3617,True
What are the key findings in this chest X-ray report?,3618,True
What abnormality is present according to the report?,3618,True
What are the key findings in this chest X-ray report?,3619,True
What abnormality is present according to the report?,3619,True
Is the heart size normal?,3619,True
What are the key findings in this chest X-ray report?,3620,True
What abnormality is present according to the report?,3620,True
Is there any atelectasis?,3620,True
What are the key findings in this chest X-ray report?,3621,True
What abnormality is present according to the report?,3621,True
What are the key findings in this chest X-ray report?,3623,True
What abnormality is present according to the report?,3623,True
What are the key findings in this chest X-ray report?,3624,True
What abnormality is present according to the report?,3624,True
Is the heart size normal?,3624,True
What are the key findings in this chest X-ray report?,3625,True
What abnormality is present according to the report?,3625,True
Is the heart size normal?,3625,True
What are the key findings in this chest X-ray report?,3626,True
What abnormality is present according to the report?,3626,True
Is there any effusion?,3626,True
What are the key findings in this chest X-ray report?,3627,True
What abnormality is present according to the report?,3627,True
Is there any atelectasis?,3627,True
What are the key findings in this chest X-ray report?,3628,True
What abnormality is present according to the report?,3628,True
What are the key findings in this chest X-ray report?,3629,True
What abnormality is present according to the report?,3629,True
Is the heart size normal?,3629,True
What are the key findings in this chest X-ray report?,3630,True
What abnormality is present according to the report?,3630,True
What are the key findings in this chest X-ray report?,3631,True
What abnormality is present according to the report?,3631,True
What are the key findings in this chest X-ray report?,3632,True
What abnormality is present according to the report?,3632,True
Is there any effusion?,3632,True
Is there any opacity?,3632,True
Is there any atelectasis?,3632,True
What are the key findings in this chest X-ray report?,3633,True
What abnormality is present according to the report?,3633,True
What are the key findings in this chest X-ray report?,3634,True
What abnormality is present according to the report?,3634,True
Is the heart size normal?,3634,True
What are the key findings in this chest X-ray report?,3635,True
What abnormality is present according to the report?,3635,True
What are the key findings in this chest X-ray report?,3636,True
What abnormality is present according to the report?,3636,True
Is there any opacity?,3636,True
What are the key findings in this chest X-ray report?,3637,True
What abnormality is present according to the report?,3637,True
Is the heart size normal?,3637,True
What are the key findings in this chest X-ray report?,3638,True
What abnormality is present according to the report?,3638,True
Is there any cardiomegaly?,3638,True
What are the key findings in this chest X-ray report?,3639,True
What abnormality is present according to the report?,3639,True
Is the heart size normal?,3639,True
What are the key findings in this chest X-ray report?,3640,True
What abnormality is present according to the report?,3640,True
What are the key findings in this chest X-ray report?,3641,True
What abnormality is present according to the report?,3641,True
What are the key findings in this chest X-ray report?,3642,True
What abnormality is present according to the report?,3642,True
What are the key findings in this chest X-ray report?,3643,True
What abnormality is present according to the report?,3643,True
What are the key findings in this chest X-ray report?,3644,True
What abnormality is present according to the report?,3644,True
What are the key findings in this chest X-ray report?,3645,True
What abnormality is present according to the report?,3645,True
What are the key findings in this chest X-ray report?,3646,True
What abnormality is present according to the report?,3646,True
Is the heart size normal?,3646,True
What are the key findings in this chest X-ray report?,3647,True
What abnormality is present according to the report?,3647,True
Is the heart size normal?,3647,True
What are the key findings in this chest X-ray report?,3648,True
What abnormality is present according to the report?,3648,True
Is the heart size normal?,3648,True
What are the key findings in this chest X-ray report?,3649,True
What abnormality is present according to the report?,3649,True
Is the heart size normal?,3649,True
What are the key findings in this chest X-ray report?,3650,True
What abnormality is present according to the report?,3650,True
What are the key findings in this chest X-ray report?,3651,True
What abnormality is present according to the report?,3651,True
What are the key findings in this chest X-ray report?,3652,True
What abnormality is present according to the report?,3652,True
What are the key findings in this chest X-ray report?,3653,True
What abnormality is present according to the report?,3653,True
Is there any atelectasis?,3653,True
What are the key findings in this chest X-ray report?,3654,True
What abnormality is present according to the report?,3654,True
Is there any opacity?,3654,True
What are the key findings in this chest X-ray report?,3655,True
What abnormality is present according to the report?,3655,True
What are the key findings in this chest X-ray report?,3656,True
What abnormality is present according to the report?,3656,True
Is there any cardiomegaly?,3656,True
What are the key findings in this chest X-ray report?,3657,True
What abnormality is present according to the report?,3657,True
What are the key findings in this chest X-ray report?,3658,True
What abnormality is present according to the report?,3658,True
What are the key findings in this chest X-ray report?,3659,True
What abnormality is present according to the report?,3659,True
What are the key findings in this chest X-ray report?,3660,True
What abnormality is present according to the report?,3660,True
Is the heart size normal?,3660,True
What are the key findings in this chest X-ray report?,3661,True
What abnormality is present according to the report?,3661,True
Is the heart size normal?,3661,True
What are the key findings in this chest X-ray report?,3662,True
What abnormality is present according to the report?,3662,True
What are the key findings in this chest X-ray report?,3663,True
What abnormality is present according to the report?,3663,True
Is the heart size normal?,3663,True
What are the key findings in this chest X-ray report?,3664,True
What abnormality is present according to the report?,3664,True
Is the heart size normal?,3664,True
What are the key findings in this chest X-ray report?,3665,True
What abnormality is present according to the report?,3665,True
Is the heart size normal?,3665,True
What are the key findings in this chest X-ray report?,3666,True
What abnormality is present according to the report?,3666,True
Is there any cardiomegaly?,3666,True
Is there any effusion?,3666,True
Is there any atelectasis?,3666,True
What are the key findings in this chest X-ray report?,3667,True
What abnormality is present according to the report?,3667,True
What are the key findings in this chest X-ray report?,3668,True
What abnormality is present according to the report?,3668,True
What are the key findings in this chest X-ray report?,3669,True
What abnormality is present according to the report?,3669,True
What are the key findings in this chest X-ray report?,3670,True
What abnormality is present according to the report?,3670,True
What are the key findings in this chest X-ray report?,3671,True
What abnormality is present according to the report?,3671,True
Is there any opacity?,3671,True
What are the key findings in this chest X-ray report?,3672,True
What abnormality is present according to the report?,3672,True
Is there any cardiomegaly?,3672,True
Is there any edema?,3672,True
What are the key findings in this chest X-ray report?,3673,True
What abnormality is present according to the report?,3673,True
Is there any opacity?,3673,True
What are the key findings in this chest X-ray report?,3674,True
What abnormality is present according to the report?,3674,True
Is the heart size normal?,3674,True
What are the key findings in this chest X-ray report?,3675,True
What abnormality is present according to the report?,3675,True
Is the heart size normal?,3675,True
What are the key findings in this chest X-ray report?,3676,True
What abnormality is present according to the report?,3676,True
What are the key findings in this chest X-ray report?,3677,True
What abnormality is present according to the report?,3677,True
What are the key findings in this chest X-ray report?,3678,True
What abnormality is present according to the report?,3678,True
What are the key findings in this chest X-ray report?,3679,True
What abnormality is present according to the report?,3679,True
Is the heart size normal?,3679,True
What are the key findings in this chest X-ray report?,3680,True
What abnormality is present according to the report?,3680,True
Is there any opacity?,3680,True
Is there any atelectasis?,3680,True
What are the key findings in this chest X-ray report?,3681,True
What abnormality is present according to the report?,3681,True
What are the key findings in this chest X-ray report?,3682,True
What abnormality is present according to the report?,3682,True
What are the key findings in this chest X-ray report?,3683,True
What abnormality is present according to the report?,3683,True
What are the key findings in this chest X-ray report?,3684,True
What abnormality is present according to the report?,3684,True
Is there any cardiomegaly?,3684,True
What are the key findings in this chest X-ray report?,3685,True
What abnormality is present according to the report?,3685,True
What are the key findings in this chest X-ray report?,3686,True
What abnormality is present according to the report?,3686,True
Is there any cardiomegaly?,3686,True
What are the key findings in this chest X-ray report?,3687,True
What abnormality is present according to the report?,3687,True
Is there any atelectasis?,3687,True
What are the key findings in this chest X-ray report?,3688,True
What abnormality is present according to the report?,3688,True
Is there any effusion?,3688,True
Is there any opacity?,3688,True
Is there any atelectasis?,3688,True
What are the key findings in this chest X-ray report?,3689,True
What abnormality is present according to the report?,3689,True
What are the key findings in this chest X-ray report?,3690,True
What abnormality is present according to the report?,3690,True
Is there any cardiomegaly?,3690,True
What are the key findings in this chest X-ray report?,3691,True
What abnormality is present according to the report?,3691,True
What are the key findings in this chest X-ray report?,3692,True
What abnormality is present according to the report?,3692,True
Is the heart size normal?,3692,True
What are the key findings in this chest X-ray report?,3693,True
What abnormality is present according to the report?,3693,True
Is the heart size normal?,3693,True
What are the key findings in this chest X-ray report?,3694,True
What abnormality is present according to the report?,3694,True
Is there any pneumothorax?,3694,True
What are the key findings in this chest X-ray report?,3695,True
What abnormality is present according to the report?,3695,True
What are the key findings in this chest X-ray report?,3696,True
What abnormality is present according to the report?,3696,True
What are the key findings in this chest X-ray report?,3697,True
What abnormality is present according to the report?,3697,True
What are the key findings in this chest X-ray report?,3698,True
What abnormality is present according to the report?,3698,True
Is the heart size normal?,3698,True
What are the key findings in this chest X-ray report?,3699,True
What abnormality is present according to the report?,3699,True
What are the key findings in this chest X-ray report?,3700,True
What abnormality is present according to the report?,3700,True
Is there any cardiomegaly?,3700,True
What are the key findings in this chest X-ray report?,3701,True
What abnormality is present according to the report?,3701,True
Is the heart size normal?,3701,True
What are the key findings in this chest X-ray report?,3702,True
What abnormality is present according to the report?,3702,True
What are the key findings in this chest X-ray report?,3703,True
What abnormality is present according to the report?,3703,True
Is the heart size normal?,3703,True
What are the key findings in this chest X-ray report?,3704,True
What abnormality is present according to the report?,3704,True
Is the heart size normal?,3704,True
What are the key findings in this chest X-ray report?,3705,True
What abnormality is present according to the report?,3705,True
What are the key findings in this chest X-ray report?,3706,True
What abnormality is present according to the report?,3706,True
What are the key findings in this chest X-ray report?,3707,True
What abnormality is present according to the report?,3707,True
What are the key findings in this chest X-ray report?,3708,True
What abnormality is present according to the report?,3708,True
What are the key findings in this chest X-ray report?,3709,True
What abnormality is present according to the report?,3709,True
What are the key findings in this chest X-ray report?,3712,True
What abnormality is present according to the report?,3712,True
What are the key findings in this chest X-ray report?,3713,True
What abnormality is present according to the report?,3713,True
What are the key findings in this chest X-ray report?,3714,True
What abnormality is present according to the report?,3714,True
What are the key findings in this chest X-ray report?,3715,True
What abnormality is present according to the report?,3715,True
What are the key findings in this chest X-ray report?,3716,True
What abnormality is present according to the report?,3716,True
What are the key findings in this chest X-ray report?,3717,True
What abnormality is present according to the report?,3717,True
What are the key findings in this chest X-ray report?,3718,True
What abnormality is present according to the report?,3718,True
What are the key findings in this chest X-ray report?,3719,True
What abnormality is present according to the report?,3719,True
Is the heart size normal?,3719,True
What are the key findings in this chest X-ray report?,3720,True
What abnormality is present according to the report?,3720,True
Is the heart size normal?,3720,True
What are the key findings in this chest X-ray report?,3721,True
What abnormality is present according to the report?,3721,True
Is there any opacity?,3721,True
Is there any atelectasis?,3721,True
What are the key findings in this chest X-ray report?,3722,True
What abnormality is present according to the report?,3722,True
Is the heart size normal?,3722,True
What are the key findings in this chest X-ray report?,3723,True
What abnormality is present according to the report?,3723,True
Is the heart size normal?,3723,True
What are the key findings in this chest X-ray report?,3724,True
What abnormality is present according to the report?,3724,True
Is the heart size normal?,3724,True
What are the key findings in this chest X-ray report?,3725,True
What abnormality is present according to the report?,3725,True
What are the key findings in this chest X-ray report?,3726,True
What abnormality is present according to the report?,3726,True
Is the heart size normal?,3726,True
What are the key findings in this chest X-ray report?,3727,True
What abnormality is present according to the report?,3727,True
What are the key findings in this chest X-ray report?,3728,True
What abnormality is present according to the report?,3728,True
Is the heart size normal?,3728,True
What are the key findings in this chest X-ray report?,3729,True
What abnormality is present according to the report?,3729,True
Is the heart size normal?,3729,True
What are the key findings in this chest X-ray report?,3730,True
What abnormality is present according to the report?,3730,True
What are the key findings in this chest X-ray report?,3731,True
What abnormality is present according to the report?,3731,True
Is the heart size normal?,3731,True
What are the key findings in this chest X-ray report?,3732,True
What abnormality is present according to the report?,3732,True
What are the key findings in this chest X-ray report?,3733,True
What abnormality is present according to the report?,3733,True
Is there any cardiomegaly?,3733,True
What are the key findings in this chest X-ray report?,3734,True
What abnormality is present according to the report?,3734,True
Is the heart size normal?,3734,True
What are the key findings in this chest X-ray report?,3735,True
What abnormality is present according to the report?,3735,True
What are the key findings in this chest X-ray report?,3736,True
What abnormality is present according to the report?,3736,True
What are the key findings in this chest X-ray report?,3737,True
What abnormality is present according to the report?,3737,True
Is the heart size normal?,3737,True
What are the key findings in this chest X-ray report?,3738,True
What abnormality is present according to the report?,3738,True
Is the heart size normal?,3738,True
What are the key findings in this chest X-ray report?,3739,True
What abnormality is present according to the report?,3739,True
What are the key findings in this chest X-ray report?,3740,True
What abnormality is present according to the report?,3740,True
Is there any opacity?,3740,True
What are the key findings in this chest X-ray report?,3741,True
What abnormality is present according to the report?,3741,True
What are the key findings in this chest X-ray report?,3742,True
What abnormality is present according to the report?,3742,True
What are the key findings in this chest X-ray report?,3743,True
What abnormality is present according to the report?,3743,True
What are the key findings in this chest X-ray report?,3744,True
What abnormality is present according to the report?,3744,True
Is the heart size normal?,3744,True
What are the key findings in this chest X-ray report?,3745,True
What abnormality is present according to the report?,3745,True
Is the heart size normal?,3745,True
What are the key findings in this chest X-ray report?,3746,True
What abnormality is present according to the report?,3746,True
What are the key findings in this chest X-ray report?,3747,True
What abnormality is present according to the report?,3747,True
Is the heart size normal?,3747,True
What are the key findings in this chest X-ray report?,3748,True
What abnormality is present according to the report?,3748,True
Is there any atelectasis?,3748,True
What are the key findings in this chest X-ray report?,3749,True
What abnormality is present according to the report?,3749,True
Is the heart size normal?,3749,True
What are the key findings in this chest X-ray report?,3750,True
What abnormality is present according to the report?,3750,True
Is there any cardiomegaly?,3750,True
Is there any effusion?,3750,True
Is there any edema?,3750,True
What are the key findings in this chest X-ray report?,3751,True
What abnormality is present according to the report?,3751,True
What are the key findings in this chest X-ray report?,3752,True
What abnormality is present according to the report?,3752,True
Is there any cardiomegaly?,3752,True
What are the key findings in this chest X-ray report?,3753,True
What abnormality is present according to the report?,3753,True
Is there any atelectasis?,3753,True
What are the key findings in this chest X-ray report?,3754,True
What abnormality is present according to the report?,3754,True
Is the heart size normal?,3754,True
What are the key findings in this chest X-ray report?,3755,True
What abnormality is present according to the report?,3755,True
What are the key findings in this chest X-ray report?,3756,True
What abnormality is present according to the report?,3756,True
Is there any opacity?,3756,True
What are the key findings in this chest X-ray report?,3757,True
What abnormality is present according to the report?,3757,True
What are the key findings in this chest X-ray report?,3758,True
What abnormality is present according to the report?,3758,True
What are the key findings in this chest X-ray report?,3759,True
What abnormality is present according to the report?,3759,True
What are the key findings in this chest X-ray report?,3760,True
What abnormality is present according to the report?,3760,True
What are the key findings in this chest X-ray report?,3761,True
What abnormality is present according to the report?,3761,True
Is there any cardiomegaly?,3761,True
What are the key findings in this chest X-ray report?,3762,True
What abnormality is present according to the report?,3762,True
What are the key findings in this chest X-ray report?,3763,True
What abnormality is present according to the report?,3763,True
Is the heart size normal?,3763,True
What are the key findings in this chest X-ray report?,3764,True
What abnormality is present according to the report?,3764,True
Is the heart size normal?,3764,True
What are the key findings in this chest X-ray report?,3765,True
What abnormality is present according to the report?,3765,True
Is the heart size normal?,3765,True
What are the key findings in this chest X-ray report?,3766,True
What abnormality is present according to the report?,3766,True
What are the key findings in this chest X-ray report?,3767,True
What abnormality is present according to the report?,3767,True
Is the heart size normal?,3767,True
What are the key findings in this chest X-ray report?,3768,True
What abnormality is present according to the report?,3768,True
Is there any cardiomegaly?,3768,True
What are the key findings in this chest X-ray report?,3769,True
What abnormality is present according to the report?,3769,True
Is there any opacity?,3769,True
What are the key findings in this chest X-ray report?,3770,True
What abnormality is present according to the report?,3770,True
What are the key findings in this chest X-ray report?,3771,True
What abnormality is present according to the report?,3771,True
Is the heart size normal?,3771,True
What are the key findings in this chest X-ray report?,3772,True
What abnormality is present according to the report?,3772,True
What are the key findings in this chest X-ray report?,3773,True
What abnormality is present according to the report?,3773,True
Is the heart size normal?,3773,True
What are the key findings in this chest X-ray report?,3774,True
What abnormality is present according to the report?,3774,True
What are the key findings in this chest X-ray report?,3775,True
What abnormality is present according to the report?,3775,True
Is the heart size normal?,3775,True
What are the key findings in this chest X-ray report?,3776,True
What abnormality is present according to the report?,3776,True
What are the key findings in this chest X-ray report?,3777,True
What abnormality is present according to the report?,3777,True
What are the key findings in this chest X-ray report?,3778,True
What abnormality is present according to the report?,3778,True
Is the heart size normal?,3778,True
What are the key findings in this chest X-ray report?,3779,True
What abnormality is present according to the report?,3779,True
Is the heart size normal?,3779,True
What are the key findings in this chest X-ray report?,3780,True
What abnormality is present according to the report?,3780,True
What are the key findings in this chest X-ray report?,3781,True
What abnormality is present according to the report?,3781,True
Is the heart size normal?,3781,True
What are the key findings in this chest X-ray report?,3783,True
What abnormality is present according to the report?,3783,True
Is the heart size normal?,3783,True
What are the key findings in this chest X-ray report?,3784,True
What abnormality is present according to the report?,3784,True
What are the key findings in this chest X-ray report?,3785,True
What abnormality is present according to the report?,3785,True
Is there any opacity?,3785,True
What are the key findings in this chest X-ray report?,3786,True
What abnormality is present according to the report?,3786,True
Is there any cardiomegaly?,3786,True
What are the key findings in this chest X-ray report?,3787,True
What abnormality is present according to the report?,3787,True
Is the heart size normal?,3787,True
What are the key findings in this chest X-ray report?,3789,True
What abnormality is present according to the report?,3789,True
Is there any cardiomegaly?,3789,True
What are the key findings in this chest X-ray report?,3790,True
What abnormality is present according to the report?,3790,True
Is there any opacity?,3790,True
What are the key findings in this chest X-ray report?,3791,True
What abnormality is present according to the report?,3791,True
What are the key findings in this chest X-ray report?,3792,True
What abnormality is present according to the report?,3792,True
Is the heart size normal?,3792,True
What are the key findings in this chest X-ray report?,3793,True
What abnormality is present according to the report?,3793,True
Is there any opacity?,3793,True
What are the key findings in this chest X-ray report?,3794,True
What abnormality is present according to the report?,3794,True
Is there any opacity?,3794,True
What are the key findings in this chest X-ray report?,3795,True
What abnormality is present according to the report?,3795,True
What are the key findings in this chest X-ray report?,3796,True
What abnormality is present according to the report?,3796,True
Is the heart size normal?,3796,True
What are the key findings in this chest X-ray report?,3797,True
What abnormality is present according to the report?,3797,True
Is there any opacity?,3797,True
Is there any atelectasis?,3797,True
What are the key findings in this chest X-ray report?,3798,True
What abnormality is present according to the report?,3798,True
Is there any opacity?,3798,True
What are the key findings in this chest X-ray report?,3799,True
What abnormality is present according to the report?,3799,True
Is there any atelectasis?,3799,True
What are the key findings in this chest X-ray report?,3801,True
What abnormality is present according to the report?,3801,True
Is there any cardiomegaly?,3801,True
Is there any edema?,3801,True
What are the key findings in this chest X-ray report?,3802,True
What abnormality is present according to the report?,3802,True
What are the key findings in this chest X-ray report?,3803,True
What abnormality is present according to the report?,3803,True
What are the key findings in this chest X-ray report?,3804,True
What abnormality is present according to the report?,3804,True
What are the key findings in this chest X-ray report?,3805,True
What abnormality is present according to the report?,3805,True
What are the key findings in this chest X-ray report?,3806,True
What abnormality is present according to the report?,3806,True
What are the key findings in this chest X-ray report?,3807,True
What abnormality is present according to the report?,3807,True
What are the key findings in this chest X-ray report?,3808,True
What abnormality is present according to the report?,3808,True
What are the key findings in this chest X-ray report?,3809,True
What abnormality is present according to the report?,3809,True
Is the heart size normal?,3809,True
What are the key findings in this chest X-ray report?,3810,True
What abnormality is present according to the report?,3810,True
What are the key findings in this chest X-ray report?,3811,True
What abnormality is present according to the report?,3811,True
Is there any cardiomegaly?,3811,True
Is there any opacity?,3811,True
Is there any edema?,3811,True
What are the key findings in this chest X-ray report?,3812,True
What abnormality is present according to the report?,3812,True
What are the key findings in this chest X-ray report?,3813,True
What abnormality is present according to the report?,3813,True
Is there any opacity?,3813,True
What are the key findings in this chest X-ray report?,3814,True
What abnormality is present according to the report?,3814,True
Is the heart size normal?,3814,True
What are the key findings in this chest X-ray report?,3815,True
What abnormality is present according to the report?,3815,True
What are the key findings in this chest X-ray report?,3816,True
What abnormality is present according to the report?,3816,True
What are the key findings in this chest X-ray report?,3817,True
What abnormality is present according to the report?,3817,True
Is the heart size normal?,3817,True
What are the key findings in this chest X-ray report?,3818,True
What abnormality is present according to the report?,3818,True
Is the heart size normal?,3818,True
What are the key findings in this chest X-ray report?,3819,True
What abnormality is present according to the report?,3819,True
Is there any cardiomegaly?,3819,True
Is there any effusion?,3819,True
What are the key findings in this chest X-ray report?,3820,True
What abnormality is present according to the report?,3820,True
What are the key findings in this chest X-ray report?,3821,True
What abnormality is present according to the report?,3821,True
What are the key findings in this chest X-ray report?,3822,True
What abnormality is present according to the report?,3822,True
What are the key findings in this chest X-ray report?,3823,True
What abnormality is present according to the report?,3823,True
Is the heart size normal?,3823,True
What are the key findings in this chest X-ray report?,3824,True
What abnormality is present according to the report?,3824,True
Is there any opacity?,3824,True
What are the key findings in this chest X-ray report?,3825,True
What abnormality is present according to the report?,3825,True
What are the key findings in this chest X-ray report?,3826,True
What abnormality is present according to the report?,3826,True
Is the heart size normal?,3826,True
What are the key findings in this chest X-ray report?,3827,True
What abnormality is present according to the report?,3827,True
Is the heart size normal?,3827,True
What are the key findings in this chest X-ray report?,3828,True
What abnormality is present according to the report?,3828,True
What are the key findings in this chest X-ray report?,3829,True
What abnormality is present according to the report?,3829,True
Is there any cardiomegaly?,3829,True
Is there any atelectasis?,3829,True
What are the key findings in this chest X-ray report?,3830,True
What abnormality is present according to the report?,3830,True
Is the heart size normal?,3830,True
What are the key findings in this chest X-ray report?,3831,True
What abnormality is present according to the report?,3831,True
Is the heart size normal?,3831,True
What are the key findings in this chest X-ray report?,3832,True
What abnormality is present according to the report?,3832,True
What are the key findings in this chest X-ray report?,3833,True
What abnormality is present according to the report?,3833,True
Is there any opacity?,3833,True
What are the key findings in this chest X-ray report?,3834,True
What abnormality is present according to the report?,3834,True
What are the key findings in this chest X-ray report?,3835,True
What abnormality is present according to the report?,3835,True
What are the key findings in this chest X-ray report?,3836,True
What abnormality is present according to the report?,3836,True
Is the heart size normal?,3836,True
What are the key findings in this chest X-ray report?,3837,True
What abnormality is present according to the report?,3837,True
Is the heart size normal?,3837,True
What are the key findings in this chest X-ray report?,3838,True
What abnormality is present according to the report?,3838,True
What are the key findings in this chest X-ray report?,3839,True
What abnormality is present according to the report?,3839,True
Is there any cardiomegaly?,3839,True
Is there any atelectasis?,3839,True
What are the key findings in this chest X-ray report?,3840,True
What abnormality is present according to the report?,3840,True
Is there any cardiomegaly?,3840,True
Is there any effusion?,3840,True
Is there any opacity?,3840,True
What are the key findings in this chest X-ray report?,3841,True
What abnormality is present according to the report?,3841,True
What are the key findings in this chest X-ray report?,3842,True
What abnormality is present according to the report?,3842,True
What are the key findings in this chest X-ray report?,3843,True
What abnormality is present according to the report?,3843,True
What are the key findings in this chest X-ray report?,3844,True
What abnormality is present according to the report?,3844,True
Is the heart size normal?,3844,True
What are the key findings in this chest X-ray report?,3845,True
What abnormality is present according to the report?,3845,True
Is the heart size normal?,3845,True
What are the key findings in this chest X-ray report?,3846,True
What abnormality is present according to the report?,3846,True
Is there any effusion?,3846,True
Is there any atelectasis?,3846,True
What are the key findings in this chest X-ray report?,3847,True
What abnormality is present according to the report?,3847,True
Is there any pneumothorax?,3847,True
What are the key findings in this chest X-ray report?,3848,True
What abnormality is present according to the report?,3848,True
Is there any cardiomegaly?,3848,True
Is there any opacity?,3848,True
What are the key findings in this chest X-ray report?,3849,True
What abnormality is present according to the report?,3849,True
What are the key findings in this chest X-ray report?,3850,True
What abnormality is present according to the report?,3850,True
What are the key findings in this chest X-ray report?,3851,True
What abnormality is present according to the report?,3851,True
What are the key findings in this chest X-ray report?,3852,True
What abnormality is present according to the report?,3852,True
What are the key findings in this chest X-ray report?,3853,True
What abnormality is present according to the report?,3853,True
Is there any cardiomegaly?,3853,True
Is there any effusion?,3853,True
What are the key findings in this chest X-ray report?,3854,True
What abnormality is present according to the report?,3854,True
What are the key findings in this chest X-ray report?,3855,True
What abnormality is present according to the report?,3855,True
What are the key findings in this chest X-ray report?,3856,True
What abnormality is present according to the report?,3856,True
Is the heart size normal?,3856,True
What are the key findings in this chest X-ray report?,3857,True
What abnormality is present according to the report?,3857,True
Is the heart size normal?,3857,True
What are the key findings in this chest X-ray report?,3858,True
What abnormality is present according to the report?,3858,True
What are the key findings in this chest X-ray report?,3860,True
What abnormality is present according to the report?,3860,True
Is the heart size normal?,3860,True
What are the key findings in this chest X-ray report?,3861,True
What abnormality is present according to the report?,3861,True
Is the heart size normal?,3861,True
What are the key findings in this chest X-ray report?,3862,True
What abnormality is present according to the report?,3862,True
What are the key findings in this chest X-ray report?,3863,True
What abnormality is present according to the report?,3863,True
Is there any cardiomegaly?,3863,True
What are the key findings in this chest X-ray report?,3865,True
What abnormality is present according to the report?,3865,True
What are the key findings in this chest X-ray report?,3866,True
What abnormality is present according to the report?,3866,True
Is there any opacity?,3866,True
What are the key findings in this chest X-ray report?,3867,True
What abnormality is present according to the report?,3867,True
Is the heart size normal?,3867,True
What are the key findings in this chest X-ray report?,3868,True
What abnormality is present according to the report?,3868,True
What are the key findings in this chest X-ray report?,3869,True
What abnormality is present according to the report?,3869,True
Is there any cardiomegaly?,3869,True
What are the key findings in this chest X-ray report?,3870,True
What abnormality is present according to the report?,3870,True
Is there any effusion?,3870,True
Is there any opacity?,3870,True
What are the key findings in this chest X-ray report?,3871,True
What abnormality is present according to the report?,3871,True
Is the heart size normal?,3871,True
What are the key findings in this chest X-ray report?,3872,True
What abnormality is present according to the report?,3872,True
What are the key findings in this chest X-ray report?,3873,True
What abnormality is present according to the report?,3873,True
Is there any opacity?,3873,True
What are the key findings in this chest X-ray report?,3874,True
What abnormality is present according to the report?,3874,True
What are the key findings in this chest X-ray report?,3875,True
What abnormality is present according to the report?,3875,True
What are the key findings in this chest X-ray report?,3876,True
What abnormality is present according to the report?,3876,True
What are the key findings in this chest X-ray report?,3877,True
What abnormality is present according to the report?,3877,True
Is there any effusion?,3877,True
Is there any opacity?,3877,True
What are the key findings in this chest X-ray report?,3878,True
What abnormality is present according to the report?,3878,True
Is there any cardiomegaly?,3878,True
What are the key findings in this chest X-ray report?,3879,True
What abnormality is present according to the report?,3879,True
Is the heart size normal?,3879,True
What are the key findings in this chest X-ray report?,3880,True
What abnormality is present according to the report?,3880,True
Is there any cardiomegaly?,3880,True
Is there any opacity?,3880,True
Is there any edema?,3880,True
What are the key findings in this chest X-ray report?,3881,True
What abnormality is present according to the report?,3881,True
What are the key findings in this chest X-ray report?,3882,True
What abnormality is present according to the report?,3882,True
What are the key findings in this chest X-ray report?,3883,True
What abnormality is present according to the report?,3883,True
Is the heart size normal?,3883,True
What are the key findings in this chest X-ray report?,3884,True
What abnormality is present according to the report?,3884,True
Is there any opacity?,3884,True
Is there any edema?,3884,True
What are the key findings in this chest X-ray report?,3885,True
What abnormality is present according to the report?,3885,True
Is the heart size normal?,3885,True
What are the key findings in this chest X-ray report?,3886,True
What abnormality is present according to the report?,3886,True
What are the key findings in this chest X-ray report?,3887,True
What abnormality is present according to the report?,3887,True
What are the key findings in this chest X-ray report?,3888,True
What abnormality is present according to the report?,3888,True
What are the key findings in this chest X-ray report?,3889,True
What abnormality is present according to the report?,3889,True
Is the heart size normal?,3889,True
What are the key findings in this chest X-ray report?,3890,True
What abnormality is present according to the report?,3890,True
Is the heart size normal?,3890,True
What are the key findings in this chest X-ray report?,3891,True
What abnormality is present according to the report?,3891,True
Is there any effusion?,3891,True
Is there any pneumothorax?,3891,True
Is there any atelectasis?,3891,True
What are the key findings in this chest X-ray report?,3892,True
What abnormality is present according to the report?,3892,True
Is there any opacity?,3892,True
What are the key findings in this chest X-ray report?,3893,True
What abnormality is present according to the report?,3893,True
What are the key findings in this chest X-ray report?,3894,True
What abnormality is present according to the report?,3894,True
Is the heart size normal?,3894,True
What are the key findings in this chest X-ray report?,3895,True
What abnormality is present according to the report?,3895,True
Is there any opacity?,3895,True
What are the key findings in this chest X-ray report?,3896,True
What abnormality is present according to the report?,3896,True
What are the key findings in this chest X-ray report?,3897,True
What abnormality is present according to the report?,3897,True
Is the heart size normal?,3897,True
What are the key findings in this chest X-ray report?,3898,True
What abnormality is present according to the report?,3898,True
What are the key findings in this chest X-ray report?,3899,True
What abnormality is present according to the report?,3899,True
What are the key findings in this chest X-ray report?,3900,True
What abnormality is present according to the report?,3900,True
Is the heart size normal?,3900,True
What are the key findings in this chest X-ray report?,3901,True
What abnormality is present according to the report?,3901,True
Is there any opacity?,3901,True
Is there any atelectasis?,3901,True
What are the key findings in this chest X-ray report?,3902,True
What abnormality is present according to the report?,3902,True
What are the key findings in this chest X-ray report?,3903,True
What abnormality is present according to the report?,3903,True
Is the heart size normal?,3903,True
What are the key findings in this chest X-ray report?,3904,True
What abnormality is present according to the report?,3904,True
Is the heart size normal?,3904,True
What are the key findings in this chest X-ray report?,3905,True
What abnormality is present according to the report?,3905,True
Is there any cardiomegaly?,3905,True
What are the key findings in this chest X-ray report?,3906,True
What abnormality is present according to the report?,3906,True
Is the heart size normal?,3906,True
What are the key findings in this chest X-ray report?,3907,True
What abnormality is present according to the report?,3907,True
Is there any cardiomegaly?,3907,True
Is there any opacity?,3907,True
Is there any atelectasis?,3907,True
What are the key findings in this chest X-ray report?,3908,True
What abnormality is present according to the report?,3908,True
What are the key findings in this chest X-ray report?,3909,True
What abnormality is present according to the report?,3909,True
What are the key findings in this chest X-ray report?,3910,True
What abnormality is present according to the report?,3910,True
What are the key findings in this chest X-ray report?,3911,True
What abnormality is present according to the report?,3911,True
Is the heart size normal?,3911,True
What are the key findings in this chest X-ray report?,3912,True
What abnormality is present according to the report?,3912,True
Is there any cardiomegaly?,3912,True
What are the key findings in this chest X-ray report?,3913,True
What abnormality is present according to the report?,3913,True
Is the heart size normal?,3913,True
What are the key findings in this chest X-ray report?,3914,True
What abnormality is present according to the report?,3914,True
Is the heart size normal?,3914,True
What are the key findings in this chest X-ray report?,3915,True
What abnormality is present according to the report?,3915,True
Is there any cardiomegaly?,3915,True
What are the key findings in this chest X-ray report?,3916,True
What abnormality is present according to the report?,3916,True
Is the heart size normal?,3916,True
What are the key findings in this chest X-ray report?,3917,True
What abnormality is present according to the report?,3917,True
Is there any cardiomegaly?,3917,True
What are the key findings in this chest X-ray report?,3918,True
What abnormality is present according to the report?,3918,True
What are the key findings in this chest X-ray report?,3919,True
What abnormality is present according to the report?,3919,True
Is there any cardiomegaly?,3919,True
What are the key findings in this chest X-ray report?,3921,True
What abnormality is present according to the report?,3921,True
What are the key findings in this chest X-ray report?,3922,True
What abnormality is present according to the report?,3922,True
Is the heart size normal?,3922,True
What are the key findings in this chest X-ray report?,3923,True
What abnormality is present according to the report?,3923,True
Is the heart size normal?,3923,True
What are the key findings in this chest X-ray report?,3924,True
What abnormality is present according to the report?,3924,True
What are the key findings in this chest X-ray report?,3925,True
What abnormality is present according to the report?,3925,True
What are the key findings in this chest X-ray report?,3926,True
What abnormality is present according to the report?,3926,True
Is there any cardiomegaly?,3926,True
Is there any atelectasis?,3926,True
What are the key findings in this chest X-ray report?,3927,True
What abnormality is present according to the report?,3927,True
What are the key findings in this chest X-ray report?,3928,True
What abnormality is present according to the report?,3928,True
What are the key findings in this chest X-ray report?,3929,True
What abnormality is present according to the report?,3929,True
What are the key findings in this chest X-ray report?,3930,True
What abnormality is present according to the report?,3930,True
What are the key findings in this chest X-ray report?,3931,True
What abnormality is present according to the report?,3931,True
Is the heart size normal?,3931,True
What are the key findings in this chest X-ray report?,3932,True
What abnormality is present according to the report?,3932,True
What are the key findings in this chest X-ray report?,3933,True
What abnormality is present according to the report?,3933,True
What are the key findings in this chest X-ray report?,3934,True
What abnormality is present according to the report?,3934,True
What are the key findings in this chest X-ray report?,3935,True
What abnormality is present according to the report?,3935,True
Is there any opacity?,3935,True
What are the key findings in this chest X-ray report?,3936,True
What abnormality is present according to the report?,3936,True
Is the heart size normal?,3936,True
What are the key findings in this chest X-ray report?,3937,True
What abnormality is present according to the report?,3937,True
What are the key findings in this chest X-ray report?,3938,True
What abnormality is present according to the report?,3938,True
Is the heart size normal?,3938,True
What are the key findings in this chest X-ray report?,3939,True
What abnormality is present according to the report?,3939,True
Is the heart size normal?,3939,True
What are the key findings in this chest X-ray report?,3940,True
What abnormality is present according to the report?,3940,True
What are the key findings in this chest X-ray report?,3941,True
What abnormality is present according to the report?,3941,True
Is there any cardiomegaly?,3941,True
What are the key findings in this chest X-ray report?,3942,True
What abnormality is present according to the report?,3942,True
What are the key findings in this chest X-ray report?,3943,True
What abnormality is present according to the report?,3943,True
What are the key findings in this chest X-ray report?,3944,True
What abnormality is present according to the report?,3944,True
What are the key findings in this chest X-ray report?,3945,True
What abnormality is present according to the report?,3945,True
Is there any effusion?,3945,True
Is there any pneumothorax?,3945,True
Is there any atelectasis?,3945,True
What are the key findings in this chest X-ray report?,3946,True
What abnormality is present according to the report?,3946,True
Is the heart size normal?,3946,True
What are the key findings in this chest X-ray report?,3947,True
What abnormality is present according to the report?,3947,True
What are the key findings in this chest X-ray report?,3948,True
What abnormality is present according to the report?,3948,True
Is the heart size normal?,3948,True
What are the key findings in this chest X-ray report?,3949,True
What abnormality is present according to the report?,3949,True
Is there any cardiomegaly?,3949,True
What are the key findings in this chest X-ray report?,3950,True
What abnormality is present according to the report?,3950,True
What are the key findings in this chest X-ray report?,3951,True
What abnormality is present according to the report?,3951,True
Is there any opacity?,3951,True
What are the key findings in this chest X-ray report?,3952,True
What abnormality is present according to the report?,3952,True
Is there any cardiomegaly?,3952,True
What are the key findings in this chest X-ray report?,3953,True
What abnormality is present according to the report?,3953,True
Is the heart size normal?,3953,True
What are the key findings in this chest X-ray report?,3954,True
What abnormality is present according to the report?,3954,True
Is the heart size normal?,3954,True
What are the key findings in this chest X-ray report?,3955,True
What abnormality is present according to the report?,3955,True
Is the heart size normal?,3955,True
What are the key findings in this chest X-ray report?,3956,True
What abnormality is present according to the report?,3956,True
What are the key findings in this chest X-ray report?,3957,True
What abnormality is present according to the report?,3957,True
Is the heart size normal?,3957,True
What are the key findings in this chest X-ray report?,3958,True
What abnormality is present according to the report?,3958,True
Is the heart size normal?,3958,True
What are the key findings in this chest X-ray report?,3959,True
What abnormality is present according to the report?,3959,True
What are the key findings in this chest X-ray report?,3960,True
What abnormality is present according to the report?,3960,True
What are the key findings in this chest X-ray report?,3961,True
What abnormality is present according to the report?,3961,True
Is there any opacity?,3961,True
What are the key findings in this chest X-ray report?,3962,True
What abnormality is present according to the report?,3962,True
Is the heart size normal?,3962,True
What are the key findings in this chest X-ray report?,3963,True
What abnormality is present according to the report?,3963,True
What are the key findings in this chest X-ray report?,3964,True
What abnormality is present according to the report?,3964,True
What are the key findings in this chest X-ray report?,3965,True
What abnormality is present according to the report?,3965,True
What are the key findings in this chest X-ray report?,3966,True
What abnormality is present according to the report?,3966,True
What are the key findings in this chest X-ray report?,3967,True
What abnormality is present according to the report?,3967,True
What are the key findings in this chest X-ray report?,3968,True
What abnormality is present according to the report?,3968,True
What are the key findings in this chest X-ray report?,3969,True
What abnormality is present according to the report?,3969,True
What are the key findings in this chest X-ray report?,3970,True
What abnormality is present according to the report?,3970,True
Is the heart size normal?,3970,True
What are the key findings in this chest X-ray report?,3971,True
What abnormality is present according to the report?,3971,True
Is the heart size normal?,3971,True
What are the key findings in this chest X-ray report?,3972,True
What abnormality is present according to the report?,3972,True
Is there any opacity?,3972,True
What are the key findings in this chest X-ray report?,3974,True
What abnormality is present according to the report?,3974,True
What are the key findings in this chest X-ray report?,3975,True
What abnormality is present according to the report?,3975,True
What are the key findings in this chest X-ray report?,3976,True
What abnormality is present according to the report?,3976,True
Is the heart size normal?,3976,True
What are the key findings in this chest X-ray report?,3977,True
What abnormality is present according to the report?,3977,True
What are the key findings in this chest X-ray report?,3978,True
What abnormality is present according to the report?,3978,True
Is the heart size normal?,3978,True
What are the key findings in this chest X-ray report?,3979,True
What abnormality is present according to the report?,3979,True
What are the key findings in this chest X-ray report?,3980,True
What abnormality is present according to the report?,3980,True
Is there any cardiomegaly?,3980,True
Is there any effusion?,3980,True
Is there any opacity?,3980,True
What are the key findings in this chest X-ray report?,3981,True
What abnormality is present according to the report?,3981,True
Is the heart size normal?,3981,True
What are the key findings in this chest X-ray report?,3982,True
What abnormality is present according to the report?,3982,True
Is the heart size normal?,3982,True
What are the key findings in this chest X-ray report?,3983,True
What abnormality is present according to the report?,3983,True
Is there any opacity?,3983,True
Is there any atelectasis?,3983,True
What are the key findings in this chest X-ray report?,3984,True
What abnormality is present according to the report?,3984,True
What are the key findings in this chest X-ray report?,3985,True
What abnormality is present according to the report?,3985,True
What are the key findings in this chest X-ray report?,3986,True
What abnormality is present according to the report?,3986,True
Is the heart size normal?,3986,True
What are the key findings in this chest X-ray report?,3987,True
What abnormality is present according to the report?,3987,True
What are the key findings in this chest X-ray report?,3988,True
What abnormality is present according to the report?,3988,True
Is there any opacity?,3988,True
What are the key findings in this chest X-ray report?,3989,True
What abnormality is present according to the report?,3989,True
What are the key findings in this chest X-ray report?,3991,True
What abnormality is present according to the report?,3991,True
What are the key findings in this chest X-ray report?,3992,True
What abnormality is present according to the report?,3992,True
What are the key findings in this chest X-ray report?,3993,True
What abnormality is present according to the report?,3993,True
Is there any cardiomegaly?,3993,True
What are the key findings in this chest X-ray report?,3994,True
What abnormality is present according to the report?,3994,True
Is there any cardiomegaly?,3994,True
What are the key findings in this chest X-ray report?,3995,True
What abnormality is present according to the report?,3995,True
Is there any atelectasis?,3995,True
What are the key findings in this chest X-ray report?,3996,True
What abnormality is present according to the report?,3996,True
What are the key findings in this chest X-ray report?,3997,True
What abnormality is present according to the report?,3997,True
Is there any opacity?,3997,True
What are the key findings in this chest X-ray report?,3998,True
What abnormality is present according to the report?,3998,True
Is the heart size normal?,3998,True
What are the key findings in this chest X-ray report?,3999,True
What abnormality is present according to the report?,3999,True
Is the heart size normal?,3999,True
