question,uid,hit
What are the key findings in this chest X-ray report?,1,False
What abnormality is present according to the report?,1,False
Is the heart size normal?,1,False
What are the key findings in this chest X-ray report?,2,False
What abnormality is present according to the report?,2,False
Is there any cardiomegaly?,2,False
What are the key findings in this chest X-ray report?,3,False
What abnormality is present according to the report?,3,False
Is the heart size normal?,3,False
What are the key findings in this chest X-ray report?,4,False
What abnormality is present according to the report?,4,False
Is there any opacity?,4,False
What are the key findings in this chest X-ray report?,5,False
What abnormality is present according to the report?,5,False
What are the key findings in this chest X-ray report?,6,False
What abnormality is present according to the report?,6,False
Is the heart size normal?,6,False
What are the key findings in this chest X-ray report?,7,False
What abnormality is present according to the report?,7,False
Is there any atelectasis?,7,False
What are the key findings in this chest X-ray report?,8,False
What abnormality is present according to the report?,8,False
Is the heart size normal?,8,False
What are the key findings in this chest X-ray report?,9,False
What abnormality is present according to the report?,9,False
What are the key findings in this chest X-ray report?,10,False
What abnormality is present according to the report?,10,False
What are the key findings in this chest X-ray report?,11,False
What abnormality is present according to the report?,11,False
Is the heart size normal?,11,False
What are the key findings in this chest X-ray report?,12,False
What abnormality is present according to the report?,12,False
Is the heart size normal?,12,False
What are the key findings in this chest X-ray report?,13,False
What abnormality is present according to the report?,13,False
What are the key findings in this chest X-ray report?,14,False
What abnormality is present according to the report?,14,False
What are the key findings in this chest X-ray report?,15,False
What abnormality is present according to the report?,15,False
What are the key findings in this chest X-ray report?,17,False
What abnormality is present according to the report?,17,False
Is the heart size normal?,17,False
What are the key findings in this chest X-ray report?,18,False
What abnormality is present according to the report?,18,False
Is there any effusion?,18,False
What are the key findings in this chest X-ray report?,19,False
What abnormality is present according to the report?,19,False
What are the key findings in this chest X-ray report?,20,False
What abnormality is present according to the report?,20,False
Is the heart size normal?,20,False
What are the key findings in this chest X-ray report?,21,False
What abnormality is present according to the report?,21,False
What are the key findings in this chest X-ray report?,22,False
What abnormality is present according to the report?,22,False
Is the heart size normal?,22,False
What are the key findings in this chest X-ray report?,23,False
What abnormality is present according to the report?,23,False
Is the heart size normal?,23,False
What are the key findings in this chest X-ray report?,24,False
What abnormality is present according to the report?,24,False
Is the heart size normal?,24,False
What are the key findings in this chest X-ray report?,25,False
What abnormality is present according to the report?,25,False
Is there any effusion?,25,False
What are the key findings in this chest X-ray report?,26,False
What abnormality is present according to the report?,26,False
What are the key findings in this chest X-ray report?,27,False
What abnormality is present according to the report?,27,False
What are the key findings in this chest X-ray report?,28,False
What abnormality is present according to the report?,28,False
Is there any opacity?,28,False
Is there any atelectasis?,28,False
What are the key findings in this chest X-ray report?,29,False
What abnormality is present according to the report?,29,False
Is there any cardiomegaly?,29,False
What are the key findings in this chest X-ray report?,30,False
What abnormality is present according to the report?,30,False
Is the heart size normal?,30,False
What are the key findings in this chest X-ray report?,31,False
What abnormality is present according to the report?,31,False
What are the key findings in this chest X-ray report?,32,False
What abnormality is present according to the report?,32,False
What are the key findings in this chest X-ray report?,33,False
What abnormality is present according to the report?,33,False
What are the key findings in this chest X-ray report?,34,False
What abnormality is present according to the report?,34,False
Is the heart size normal?,34,False
What are the key findings in this chest X-ray report?,35,False
What abnormality is present according to the report?,35,False
What are the key findings in this chest X-ray report?,36,False
What abnormality is present according to the report?,36,False
Is the heart size normal?,36,False
What are the key findings in this chest X-ray report?,37,False
What abnormality is present according to the report?,37,False
Is there any opacity?,37,False
What are the key findings in this chest X-ray report?,38,False
What abnormality is present according to the report?,38,False
Is the heart size normal?,38,False
What are the key findings in this chest X-ray report?,39,False
What abnormality is present according to the report?,39,False
What are the key findings in this chest X-ray report?,40,False
What abnormality is present according to the report?,40,False
What are the key findings in this chest X-ray report?,41,False
What abnormality is present according to the report?,41,False
Is there any opacity?,41,False
What are the key findings in this chest X-ray report?,42,False
What abnormality is present according to the report?,42,False
Is the heart size normal?,42,False
What are the key findings in this chest X-ray report?,43,False
What abnormality is present according to the report?,43,False
What are the key findings in this chest X-ray report?,44,False
What abnormality is present according to the report?,44,False
Is the heart size normal?,44,False
What are the key findings in this chest X-ray report?,45,False
What abnormality is present according to the report?,45,False
Is there any cardiomegaly?,45,False
What are the key findings in this chest X-ray report?,46,False
What abnormality is present according to the report?,46,False
Is the heart size normal?,46,False
What are the key findings in this chest X-ray report?,47,False
What abnormality is present according to the report?,47,False
What are the key findings in this chest X-ray report?,48,False
What abnormality is present according to the report?,48,False
What are the key findings in this chest X-ray report?,49,False
What abnormality is present according to the report?,49,False
What are the key findings in this chest X-ray report?,50,False
What abnormality is present according to the report?,50,False
Is there any cardiomegaly?,50,False
What are the key findings in this chest X-ray report?,51,False
What abnormality is present according to the report?,51,False
What are the key findings in this chest X-ray report?,52,False
What abnormality is present according to the report?,52,False
Is the heart size normal?,52,False
What are the key findings in this chest X-ray report?,53,False
What abnormality is present according to the report?,53,False
Is there any opacity?,53,False
Is there any atelectasis?,53,False
What are the key findings in this chest X-ray report?,54,False
What abnormality is present according to the report?,54,False
Is there any atelectasis?,54,False
What are the key findings in this chest X-ray report?,55,False
What abnormality is present according to the report?,55,False
What are the key findings in this chest X-ray report?,56,False
What abnormality is present according to the report?,56,False
Is the heart size normal?,56,False
What are the key findings in this chest X-ray report?,57,False
What abnormality is present according to the report?,57,False
Is there any opacity?,57,False
What are the key findings in this chest X-ray report?,58,False
What abnormality is present according to the report?,58,False
What are the key findings in this chest X-ray report?,59,False
What abnormality is present according to the report?,59,False
What are the key findings in this chest X-ray report?,60,False
What abnormality is present according to the report?,60,False
What are the key findings in this chest X-ray report?,61,False
What abnormality is present according to the report?,61,False
What are the key findings in this chest X-ray report?,62,False
What abnormality is present according to the report?,62,False
What are the key findings in this chest X-ray report?,63,False
What abnormality is present according to the report?,63,False
What are the key findings in this chest X-ray report?,64,False
What abnormality is present according to the report?,64,False
Is there any pneumothorax?,64,False
What are the key findings in this chest X-ray report?,65,False
What abnormality is present according to the report?,65,False
Is the heart size normal?,65,False
What are the key findings in this chest X-ray report?,66,False
What abnormality is present according to the report?,66,False
Is the heart size normal?,66,False
What are the key findings in this chest X-ray report?,67,False
What abnormality is present according to the report?,67,False
What are the key findings in this chest X-ray report?,68,False
What abnormality is present according to the report?,68,False
Is the heart size normal?,68,False
What are the key findings in this chest X-ray report?,69,False
What abnormality is present according to the report?,69,False
Is the heart size normal?,69,False
What are the key findings in this chest X-ray report?,70,False
What abnormality is present according to the report?,70,False
What are the key findings in this chest X-ray report?,71,False
What abnormality is present according to the report?,71,False
Is the heart size normal?,71,False
What are the key findings in this chest X-ray report?,72,False
What abnormality is present according to the report?,72,False
Is the heart size normal?,72,False
What are the key findings in this chest X-ray report?,73,False
What abnormality is present according to the report?,73,False
Is there any effusion?,73,False
Is there any atelectasis?,73,False
What are the key findings in this chest X-ray report?,74,False
What abnormality is present according to the report?,74,False
What are the key findings in this chest X-ray report?,75,False
What abnormality is present according to the report?,75,False
Is there any opacity?,75,False
What are the key findings in this chest X-ray report?,76,False
What abnormality is present according to the report?,76,False
What are the key findings in this chest X-ray report?,77,False
What abnormality is present according to the report?,77,False
What are the key findings in this chest X-ray report?,78,False
What abnormality is present according to the report?,78,False
Is there any atelectasis?,78,False
What are the key findings in this chest X-ray report?,79,False
What abnormality is present according to the report?,79,False
Is the heart size normal?,79,False
What are the key findings in this chest X-ray report?,80,False
What abnormality is present according to the report?,80,False
Is the heart size normal?,80,False
What are the key findings in this chest X-ray report?,81,False
What abnormality is present according to the report?,81,False
Is the heart size normal?,81,False
What are the key findings in this chest X-ray report?,82,False
What abnormality is present according to the report?,82,False
What are the key findings in this chest X-ray report?,83,False
What abnormality is present according to the report?,83,False
Is the heart size normal?,83,False
What are the key findings in this chest X-ray report?,84,False
What abnormality is present according to the report?,84,False
What are the key findings in this chest X-ray report?,85,False
What abnormality is present according to the report?,85,False
What are the key findings in this chest X-ray report?,86,False
What abnormality is present according to the report?,86,False
Is the heart size normal?,86,False
What are the key findings in this chest X-ray report?,87,False
What abnormality is present according to the report?,87,False
Is the heart size normal?,87,False
What are the key findings in this chest X-ray report?,88,False
What abnormality is present according to the report?,88,False
Is there any cardiomegaly?,88,False
What are the key findings in this chest X-ray report?,89,False
What abnormality is present according to the report?,89,False
Is the heart size normal?,89,False
What are the key findings in this chest X-ray report?,90,False
What abnormality is present according to the report?,90,False
What are the key findings in this chest X-ray report?,91,False
What abnormality is present according to the report?,91,False
Is there any pneumothorax?,91,False
What are the key findings in this chest X-ray report?,92,False
What abnormality is present according to the report?,92,False
What are the key findings in this chest X-ray report?,93,False
What abnormality is present according to the report?,93,False
What are the key findings in this chest X-ray report?,94,False
What abnormality is present according to the report?,94,False
Is the heart size normal?,94,False
What are the key findings in this chest X-ray report?,95,False
What abnormality is present according to the report?,95,False
What are the key findings in this chest X-ray report?,96,False
What abnormality is present according to the report?,96,False
Is the heart size normal?,96,False
What are the key findings in this chest X-ray report?,97,False
What abnormality is present according to the report?,97,False
What are the key findings in this chest X-ray report?,98,False
What abnormality is present according to the report?,98,False
Is there any atelectasis?,98,False
What are the key findings in this chest X-ray report?,99,False
What abnormality is present according to the report?,99,False
What are the key findings in this chest X-ray report?,100,False
What abnormality is present according to the report?,100,False
Is the heart size normal?,100,False
What are the key findings in this chest X-ray report?,101,False
What abnormality is present according to the report?,101,False
Is there any cardiomegaly?,101,False
Is there any opacity?,101,False
Is there any atelectasis?,101,False
What are the key findings in this chest X-ray report?,102,False
What abnormality is present according to the report?,102,False
What are the key findings in this chest X-ray report?,103,False
What abnormality is present according to the report?,103,False
What are the key findings in this chest X-ray report?,104,False
What abnormality is present according to the report?,104,False
Is there any opacity?,104,False
What are the key findings in this chest X-ray report?,105,False
What abnormality is present according to the report?,105,False
Is there any effusion?,105,False
What are the key findings in this chest X-ray report?,106,False
What abnormality is present according to the report?,106,False
Is the heart size normal?,106,False
What are the key findings in this chest X-ray report?,107,False
What abnormality is present according to the report?,107,False
Is the heart size normal?,107,False
What are the key findings in this chest X-ray report?,108,False
What abnormality is present according to the report?,108,False
What are the key findings in this chest X-ray report?,110,False
What abnormality is present according to the report?,110,False
Is the heart size normal?,110,False
What are the key findings in this chest X-ray report?,111,False
What abnormality is present according to the report?,111,False
Is there any effusion?,111,False
What are the key findings in this chest X-ray report?,112,False
What abnormality is present according to the report?,112,False
What are the key findings in this chest X-ray report?,113,False
What abnormality is present according to the report?,113,False
Is there any opacity?,113,False
What are the key findings in this chest X-ray report?,114,False
What abnormality is present according to the report?,114,False
Is the heart size normal?,114,False
What are the key findings in this chest X-ray report?,115,False
What abnormality is present according to the report?,115,False
What are the key findings in this chest X-ray report?,116,False
What abnormality is present according to the report?,116,False
What are the key findings in this chest X-ray report?,117,False
What abnormality is present according to the report?,117,False
Is the heart size normal?,117,False
What are the key findings in this chest X-ray report?,118,False
What abnormality is present according to the report?,118,False
What are the key findings in this chest X-ray report?,119,False
What abnormality is present according to the report?,119,False
Is the heart size normal?,119,False
What are the key findings in this chest X-ray report?,120,False
What abnormality is present according to the report?,120,False
What are the key findings in this chest X-ray report?,121,False
What abnormality is present according to the report?,121,False
Is the heart size normal?,121,False
What are the key findings in this chest X-ray report?,122,False
What abnormality is present according to the report?,122,False
What are the key findings in this chest X-ray report?,123,False
What abnormality is present according to the report?,123,False
Is there any cardiomegaly?,123,False
Is there any opacity?,123,False
What are the key findings in this chest X-ray report?,124,False
What abnormality is present according to the report?,124,False
Is there any effusion?,124,False
What are the key findings in this chest X-ray report?,125,False
What abnormality is present according to the report?,125,False
What are the key findings in this chest X-ray report?,126,False
What abnormality is present according to the report?,126,False
Is there any opacity?,126,False
What are the key findings in this chest X-ray report?,127,False
What abnormality is present according to the report?,127,False
What are the key findings in this chest X-ray report?,128,False
What abnormality is present according to the report?,128,False
What are the key findings in this chest X-ray report?,129,False
What abnormality is present according to the report?,129,False
Is the heart size normal?,129,False
What are the key findings in this chest X-ray report?,130,False
What abnormality is present according to the report?,130,False
What are the key findings in this chest X-ray report?,131,False
What abnormality is present according to the report?,131,False
What are the key findings in this chest X-ray report?,132,False
What abnormality is present according to the report?,132,False
What are the key findings in this chest X-ray report?,133,False
What abnormality is present according to the report?,133,False
Is the heart size normal?,133,False
What are the key findings in this chest X-ray report?,134,False
What abnormality is present according to the report?,134,False
What are the key findings in this chest X-ray report?,135,False
What abnormality is present according to the report?,135,False
Is the heart size normal?,135,False
What are the key findings in this chest X-ray report?,136,False
What abnormality is present according to the report?,136,False
Is the heart size normal?,136,False
What are the key findings in this chest X-ray report?,137,False
What abnormality is present according to the report?,137,False
Is there any opacity?,137,False
Is there any atelectasis?,137,False
What are the key findings in this chest X-ray report?,138,False
What abnormality is present according to the report?,138,False
Is the heart size normal?,138,False
What are the key findings in this chest X-ray report?,139,False
What abnormality is present according to the report?,139,False
Is there any cardiomegaly?,139,False
Is there any opacity?,139,False
What are the key findings in this chest X-ray report?,141,False
What abnormality is present according to the report?,141,False
Is the heart size normal?,141,False
What are the key findings in this chest X-ray report?,142,False
What abnormality is present according to the report?,142,False
Is the heart size normal?,142,False
What are the key findings in this chest X-ray report?,143,False
What abnormality is present according to the report?,143,False
What are the key findings in this chest X-ray report?,144,False
What abnormality is present according to the report?,144,False
Is there any atelectasis?,144,False
What are the key findings in this chest X-ray report?,145,False
What abnormality is present according to the report?,145,False
Is there any effusion?,145,False
What are the key findings in this chest X-ray report?,146,False
What abnormality is present according to the report?,146,False
What are the key findings in this chest X-ray report?,147,False
What abnormality is present according to the report?,147,False
Is the heart size normal?,147,False
What are the key findings in this chest X-ray report?,149,False
What abnormality is present according to the report?,149,False
Is the heart size normal?,149,False
What are the key findings in this chest X-ray report?,150,False
What abnormality is present according to the report?,150,False
What are the key findings in this chest X-ray report?,151,False
What abnormality is present according to the report?,151,False
What are the key findings in this chest X-ray report?,152,False
What abnormality is present according to the report?,152,False
Is there any cardiomegaly?,152,False
What are the key findings in this chest X-ray report?,153,False
What abnormality is present according to the report?,153,False
Is there any effusion?,153,False
What are the key findings in this chest X-ray report?,154,False
What abnormality is present according to the report?,154,False
Is the heart size normal?,154,False
What are the key findings in this chest X-ray report?,155,False
What abnormality is present according to the report?,155,False
What are the key findings in this chest X-ray report?,157,False
What abnormality is present according to the report?,157,False
Is the heart size normal?,157,False
What are the key findings in this chest X-ray report?,158,False
What abnormality is present according to the report?,158,False
Is the heart size normal?,158,False
What are the key findings in this chest X-ray report?,159,False
What abnormality is present according to the report?,159,False
What are the key findings in this chest X-ray report?,160,False
What abnormality is present according to the report?,160,False
Is there any opacity?,160,False
What are the key findings in this chest X-ray report?,161,False
What abnormality is present according to the report?,161,False
Is there any atelectasis?,161,False
What are the key findings in this chest X-ray report?,162,False
What abnormality is present according to the report?,162,False
Is the heart size normal?,162,False
What are the key findings in this chest X-ray report?,163,False
What abnormality is present according to the report?,163,False
What are the key findings in this chest X-ray report?,164,False
What abnormality is present according to the report?,164,False
Is the heart size normal?,164,False
What are the key findings in this chest X-ray report?,165,False
What abnormality is present according to the report?,165,False
What are the key findings in this chest X-ray report?,166,False
What abnormality is present according to the report?,166,False
What are the key findings in this chest X-ray report?,167,False
What abnormality is present according to the report?,167,False
What are the key findings in this chest X-ray report?,168,False
What abnormality is present according to the report?,168,False
What are the key findings in this chest X-ray report?,169,False
What abnormality is present according to the report?,169,False
Is the heart size normal?,169,False
What are the key findings in this chest X-ray report?,170,False
What abnormality is present according to the report?,170,False
What are the key findings in this chest X-ray report?,171,False
What abnormality is present according to the report?,171,False
Is the heart size normal?,171,False
What are the key findings in this chest X-ray report?,172,False
What abnormality is present according to the report?,172,False
What are the key findings in this chest X-ray report?,173,False
What abnormality is present according to the report?,173,False
What are the key findings in this chest X-ray report?,174,False
What abnormality is present according to the report?,174,False
What are the key findings in this chest X-ray report?,175,False
What abnormality is present according to the report?,175,False
Is there any cardiomegaly?,175,False
Is there any opacity?,175,False
Is there any atelectasis?,175,False
What are the key findings in this chest X-ray report?,176,False
What abnormality is present according to the report?,176,False
Is the heart size normal?,176,False
What are the key findings in this chest X-ray report?,177,False
What abnormality is present according to the report?,177,False
Is there any cardiomegaly?,177,False
Is there any effusion?,177,False
Is there any opacity?,177,False
Is there any atelectasis?,177,False
What are the key findings in this chest X-ray report?,178,False
What abnormality is present according to the report?,178,False
Is there any opacity?,178,False
What are the key findings in this chest X-ray report?,179,False
What abnormality is present according to the report?,179,False
What are the key findings in this chest X-ray report?,181,False
What abnormality is present according to the report?,181,False
What are the key findings in this chest X-ray report?,182,False
What abnormality is present according to the report?,182,False
Is there any opacity?,182,False
What are the key findings in this chest X-ray report?,183,False
What abnormality is present according to the report?,183,False
Is there any opacity?,183,False
What are the key findings in this chest X-ray report?,184,False
What abnormality is present according to the report?,184,False
What are the key findings in this chest X-ray report?,185,False
What abnormality is present according to the report?,185,False
Is there any opacity?,185,False
What are the key findings in this chest X-ray report?,186,False
What abnormality is present according to the report?,186,False
Is the heart size normal?,186,False
What are the key findings in this chest X-ray report?,187,False
What abnormality is present according to the report?,187,False
What are the key findings in this chest X-ray report?,188,False
What abnormality is present according to the report?,188,False
Is there any effusion?,188,False
Is there any atelectasis?,188,False
What are the key findings in this chest X-ray report?,189,False
What abnormality is present according to the report?,189,False
Is there any opacity?,189,False
Is there any atelectasis?,189,False
What are the key findings in this chest X-ray report?,190,False
What abnormality is present according to the report?,190,False
Is the heart size normal?,190,False
What are the key findings in this chest X-ray report?,191,False
What abnormality is present according to the report?,191,False
Is the heart size normal?,191,False
What are the key findings in this chest X-ray report?,192,False
What abnormality is present according to the report?,192,False
What are the key findings in this chest X-ray report?,193,False
What abnormality is present according to the report?,193,False
What are the key findings in this chest X-ray report?,194,False
What abnormality is present according to the report?,194,False
Is there any atelectasis?,194,False
What are the key findings in this chest X-ray report?,195,False
What abnormality is present according to the report?,195,False
Is the heart size normal?,195,False
What are the key findings in this chest X-ray report?,196,False
What abnormality is present according to the report?,196,False
Is the heart size normal?,196,False
What are the key findings in this chest X-ray report?,197,False
What abnormality is present according to the report?,197,False
What are the key findings in this chest X-ray report?,198,False
What abnormality is present according to the report?,198,False
What are the key findings in this chest X-ray report?,200,False
What abnormality is present according to the report?,200,False
Is the heart size normal?,200,False
What are the key findings in this chest X-ray report?,201,False
What abnormality is present according to the report?,201,False
Is there any opacity?,201,False
Is there any atelectasis?,201,False
What are the key findings in this chest X-ray report?,202,False
What abnormality is present according to the report?,202,False
Is there any cardiomegaly?,202,False
Is there any effusion?,202,False
Is there any opacity?,202,False
What are the key findings in this chest X-ray report?,203,False
What abnormality is present according to the report?,203,False
Is the heart size normal?,203,False
What are the key findings in this chest X-ray report?,204,False
What abnormality is present according to the report?,204,False
Is the heart size normal?,204,False
What are the key findings in this chest X-ray report?,205,False
What abnormality is present according to the report?,205,False
What are the key findings in this chest X-ray report?,206,False
What abnormality is present according to the report?,206,False
Is there any cardiomegaly?,206,False
What are the key findings in this chest X-ray report?,207,False
What abnormality is present according to the report?,207,False
Is the heart size normal?,207,False
What are the key findings in this chest X-ray report?,208,False
What abnormality is present according to the report?,208,False
Is the heart size normal?,208,False
What are the key findings in this chest X-ray report?,209,False
What abnormality is present according to the report?,209,False
What are the key findings in this chest X-ray report?,210,False
What abnormality is present according to the report?,210,False
What are the key findings in this chest X-ray report?,211,False
What abnormality is present according to the report?,211,False
Is the heart size normal?,211,False
What are the key findings in this chest X-ray report?,212,False
What abnormality is present according to the report?,212,False
What are the key findings in this chest X-ray report?,214,False
What abnormality is present according to the report?,214,False
Is there any cardiomegaly?,214,False
What are the key findings in this chest X-ray report?,215,False
What abnormality is present according to the report?,215,False
Is there any cardiomegaly?,215,False
What are the key findings in this chest X-ray report?,216,False
What abnormality is present according to the report?,216,False
Is there any cardiomegaly?,216,False
Is there any atelectasis?,216,False
What are the key findings in this chest X-ray report?,217,False
What abnormality is present according to the report?,217,False
Is the heart size normal?,217,False
What are the key findings in this chest X-ray report?,218,False
What abnormality is present according to the report?,218,False
Is there any opacity?,218,False
What are the key findings in this chest X-ray report?,219,False
What abnormality is present according to the report?,219,False
Is the heart size normal?,219,False
What are the key findings in this chest X-ray report?,220,False
What abnormality is present according to the report?,220,False
What are the key findings in this chest X-ray report?,221,False
What abnormality is present according to the report?,221,False
What are the key findings in this chest X-ray report?,222,False
What abnormality is present according to the report?,222,False
Is the heart size normal?,222,False
What are the key findings in this chest X-ray report?,223,False
What abnormality is present according to the report?,223,False
What are the key findings in this chest X-ray report?,224,False
What abnormality is present according to the report?,224,False
Is the heart size normal?,224,False
What are the key findings in this chest X-ray report?,225,False
What abnormality is present according to the report?,225,False
Is the heart size normal?,225,False
What are the key findings in this chest X-ray report?,226,False
What abnormality is present according to the report?,226,False
Is the heart size normal?,226,False
What are the key findings in this chest X-ray report?,227,False
What abnormality is present according to the report?,227,False
Is there any cardiomegaly?,227,False
Is there any effusion?,227,False
Is there any opacity?,227,False
Is there any edema?,227,False
What are the key findings in this chest X-ray report?,228,False
What abnormality is present according to the report?,228,False
What are the key findings in this chest X-ray report?,229,False
What abnormality is present according to the report?,229,False
What are the key findings in this chest X-ray report?,230,False
What abnormality is present according to the report?,230,False
What are the key findings in this chest X-ray report?,233,False
What abnormality is present according to the report?,233,False
Is there any opacity?,233,False
Is there any atelectasis?,233,False
What are the key findings in this chest X-ray report?,234,False
What abnormality is present according to the report?,234,False
Is the heart size normal?,234,False
What are the key findings in this chest X-ray report?,235,False
What abnormality is present according to the report?,235,False
Is there any cardiomegaly?,235,False
Is there any opacity?,235,False
Is there any edema?,235,False
What are the key findings in this chest X-ray report?,236,False
What abnormality is present according to the report?,236,False
Is the heart size normal?,236,False
What are the key findings in this chest X-ray report?,237,False
What abnormality is present according to the report?,237,False
What are the key findings in this chest X-ray report?,238,False
What abnormality is present according to the report?,238,False
Is the heart size normal?,238,False
What are the key findings in this chest X-ray report?,239,False
What abnormality is present according to the report?,239,False
Is the heart size normal?,239,False
What are the key findings in this chest X-ray report?,240,False
What abnormality is present according to the report?,240,False
What are the key findings in this chest X-ray report?,241,False
What abnormality is present according to the report?,241,False
Is the heart size normal?,241,False
What are the key findings in this chest X-ray report?,242,False
What abnormality is present according to the report?,242,False
Is the heart size normal?,242,False
What are the key findings in this chest X-ray report?,243,False
What abnormality is present according to the report?,243,False
Is the heart size normal?,243,False
What are the key findings in this chest X-ray report?,244,False
What abnormality is present according to the report?,244,False
Is the heart size normal?,244,False
What are the key findings in this chest X-ray report?,245,False
What abnormality is present according to the report?,245,False
What are the key findings in this chest X-ray report?,246,False
What abnormality is present according to the report?,246,False
Is the heart size normal?,246,False
What are the key findings in this chest X-ray report?,247,False
What abnormality is present according to the report?,247,False
Is the heart size normal?,247,False
What are the key findings in this chest X-ray report?,248,False
What abnormality is present according to the report?,248,False
What are the key findings in this chest X-ray report?,249,False
What abnormality is present according to the report?,249,False
What are the key findings in this chest X-ray report?,250,False
What abnormality is present according to the report?,250,False
What are the key findings in this chest X-ray report?,251,False
What abnormality is present according to the report?,251,False
What are the key findings in this chest X-ray report?,252,False
What abnormality is present according to the report?,252,False
Is the heart size normal?,252,False
What are the key findings in this chest X-ray report?,253,False
What abnormality is present according to the report?,253,False
Is there any pneumothorax?,253,False
What are the key findings in this chest X-ray report?,254,False
What abnormality is present according to the report?,254,False
What are the key findings in this chest X-ray report?,255,False
What abnormality is present according to the report?,255,False
Is the heart size normal?,255,False
What are the key findings in this chest X-ray report?,256,False
What abnormality is present according to the report?,256,False
What are the key findings in this chest X-ray report?,257,False
What abnormality is present according to the report?,257,False
Is there any opacity?,257,False
What are the key findings in this chest X-ray report?,258,False
What abnormality is present according to the report?,258,False
What are the key findings in this chest X-ray report?,259,False
What abnormality is present according to the report?,259,False
Is the heart size normal?,259,False
What are the key findings in this chest X-ray report?,260,False
What abnormality is present according to the report?,260,False
What are the key findings in this chest X-ray report?,261,False
What abnormality is present according to the report?,261,False
Is the heart size normal?,261,False
What are the key findings in this chest X-ray report?,262,False
What abnormality is present according to the report?,262,False
Is the heart size normal?,262,False
What are the key findings in this chest X-ray report?,263,False
What abnormality is present according to the report?,263,False
Is the heart size normal?,263,False
What are the key findings in this chest X-ray report?,264,False
What abnormality is present according to the report?,264,False
Is the heart size normal?,264,False
What are the key findings in this chest X-ray report?,266,False
What abnormality is present according to the report?,266,False
Is there any cardiomegaly?,266,False
What are the key findings in this chest X-ray report?,267,False
What abnormality is present according to the report?,267,False
Is there any effusion?,267,False
What are the key findings in this chest X-ray report?,268,False
What abnormality is present according to the report?,268,False
Is there any opacity?,268,False
What are the key findings in this chest X-ray report?,269,False
What abnormality is present according to the report?,269,False
Is the heart size normal?,269,False
What are the key findings in this chest X-ray report?,270,False
What abnormality is present according to the report?,270,False
Is the heart size normal?,270,False
What are the key findings in this chest X-ray report?,271,False
What abnormality is present according to the report?,271,False
Is the heart size normal?,271,False
What are the key findings in this chest X-ray report?,272,False
What abnormality is present according to the report?,272,False
Is the heart size normal?,272,False
What are the key findings in this chest X-ray report?,273,False
What abnormality is present according to the report?,273,False
Is there any cardiomegaly?,273,False
What are the key findings in this chest X-ray report?,274,False
What abnormality is present according to the report?,274,False
What are the key findings in this chest X-ray report?,275,False
What abnormality is present according to the report?,275,False
Is the heart size normal?,275,False
What are the key findings in this chest X-ray report?,276,False
What abnormality is present according to the report?,276,False
Is the heart size normal?,276,False
What are the key findings in this chest X-ray report?,277,False
What abnormality is present according to the report?,277,False
What are the key findings in this chest X-ray report?,278,False
What abnormality is present according to the report?,278,False
Is there any opacity?,278,False
What are the key findings in this chest X-ray report?,279,False
What abnormality is present according to the report?,279,False
Is the heart size normal?,279,False
What are the key findings in this chest X-ray report?,280,False
What abnormality is present according to the report?,280,False
What are the key findings in this chest X-ray report?,281,False
What abnormality is present according to the report?,281,False
Is the heart size normal?,281,False
What are the key findings in this chest X-ray report?,282,False
What abnormality is present according to the report?,282,False
Is the heart size normal?,282,False
What are the key findings in this chest X-ray report?,283,False
What abnormality is present according to the report?,283,False
Is the heart size normal?,283,False
What are the key findings in this chest X-ray report?,284,False
What abnormality is present according to the report?,284,False
Is the heart size normal?,284,False
What are the key findings in this chest X-ray report?,285,False
What abnormality is present according to the report?,285,False
Is there any atelectasis?,285,False
What are the key findings in this chest X-ray report?,286,False
What abnormality is present according to the report?,286,False
What are the key findings in this chest X-ray report?,287,False
What abnormality is present according to the report?,287,False
Is the heart size normal?,287,False
What are the key findings in this chest X-ray report?,288,False
What abnormality is present according to the report?,288,False
What are the key findings in this chest X-ray report?,289,False
What abnormality is present according to the report?,289,False
What are the key findings in this chest X-ray report?,290,False
What abnormality is present according to the report?,290,False
What are the key findings in this chest X-ray report?,291,False
What abnormality is present according to the report?,291,False
Is the heart size normal?,291,False
What are the key findings in this chest X-ray report?,292,False
What abnormality is present according to the report?,292,False
What are the key findings in this chest X-ray report?,293,False
What abnormality is present according to the report?,293,False
What are the key findings in this chest X-ray report?,294,False
What abnormality is present according to the report?,294,False
What are the key findings in this chest X-ray report?,295,False
What abnormality is present according to the report?,295,False
What are the key findings in this chest X-ray report?,296,False
What abnormality is present according to the report?,296,False
What are the key findings in this chest X-ray report?,297,False
What abnormality is present according to the report?,297,False
Is there any opacity?,297,False
Is there any atelectasis?,297,False
What are the key findings in this chest X-ray report?,298,False
What abnormality is present according to the report?,298,False
Is the heart size normal?,298,False
What are the key findings in this chest X-ray report?,299,False
What abnormality is present according to the report?,299,False
What are the key findings in this chest X-ray report?,300,False
What abnormality is present according to the report?,300,False
What are the key findings in this chest X-ray report?,301,False
What abnormality is present according to the report?,301,False
Is the heart size normal?,301,False
What are the key findings in this chest X-ray report?,302,False
What abnormality is present according to the report?,302,False
What are the key findings in this chest X-ray report?,303,False
What abnormality is present according to the report?,303,False
Is there any opacity?,303,False
Is there any atelectasis?,303,False
What are the key findings in this chest X-ray report?,304,False
What abnormality is present according to the report?,304,False
Is there any atelectasis?,304,False
What are the key findings in this chest X-ray report?,305,False
What abnormality is present according to the report?,305,False
Is there any cardiomegaly?,305,False
What are the key findings in this chest X-ray report?,306,False
What abnormality is present according to the report?,306,False
Is the heart size normal?,306,False
What are the key findings in this chest X-ray report?,307,False
What abnormality is present according to the report?,307,False
Is the heart size normal?,307,False
What are the key findings in this chest X-ray report?,308,False
What abnormality is present according to the report?,308,False
Is there any opacity?,308,False
What are the key findings in this chest X-ray report?,309,False
What abnormality is present according to the report?,309,False
Is the heart size normal?,309,False
What are the key findings in this chest X-ray report?,310,False
What abnormality is present according to the report?,310,False
Is the heart size normal?,310,False
What are the key findings in this chest X-ray report?,312,False
What abnormality is present according to the report?,312,False
What are the key findings in this chest X-ray report?,313,False
What abnormality is present according to the report?,313,False
Is there any effusion?,313,False
Is there any opacity?,313,False
What are the key findings in this chest X-ray report?,314,False
What abnormality is present according to the report?,314,False
What are the key findings in this chest X-ray report?,315,False
What abnormality is present according to the report?,315,False
What are the key findings in this chest X-ray report?,316,False
What abnormality is present according to the report?,316,False
What are the key findings in this chest X-ray report?,317,False
What abnormality is present according to the report?,317,False
Is the heart size normal?,317,False
What are the key findings in this chest X-ray report?,318,False
What abnormality is present according to the report?,318,False
Is the heart size normal?,318,False
What are the key findings in this chest X-ray report?,319,False
What abnormality is present according to the report?,319,False
Is the heart size normal?,319,False
What are the key findings in this chest X-ray report?,320,False
What abnormality is present according to the report?,320,False
Is the heart size normal?,320,False
What are the key findings in this chest X-ray report?,321,False
What abnormality is present according to the report?,321,False
Is there any opacity?,321,False
Is there any atelectasis?,321,False
What are the key findings in this chest X-ray report?,322,False
What abnormality is present according to the report?,322,False
What are the key findings in this chest X-ray report?,323,False
What abnormality is present according to the report?,323,False
What are the key findings in this chest X-ray report?,324,False
What abnormality is present according to the report?,324,False
Is the heart size normal?,324,False
What are the key findings in this chest X-ray report?,325,False
What abnormality is present according to the report?,325,False
Is the heart size normal?,325,False
What are the key findings in this chest X-ray report?,326,False
What abnormality is present according to the report?,326,False
Is the heart size normal?,326,False
What are the key findings in this chest X-ray report?,327,False
What abnormality is present according to the report?,327,False
Is there any cardiomegaly?,327,False
What are the key findings in this chest X-ray report?,328,False
What abnormality is present according to the report?,328,False
Is the heart size normal?,328,False
What are the key findings in this chest X-ray report?,329,False
What abnormality is present according to the report?,329,False
What are the key findings in this chest X-ray report?,330,False
What abnormality is present according to the report?,330,False
Is the heart size normal?,330,False
What are the key findings in this chest X-ray report?,331,False
What abnormality is present according to the report?,331,False
Is the heart size normal?,331,False
What are the key findings in this chest X-ray report?,332,False
What abnormality is present according to the report?,332,False
Is there any opacity?,332,False
What are the key findings in this chest X-ray report?,333,False
What abnormality is present according to the report?,333,False
What are the key findings in this chest X-ray report?,334,False
What abnormality is present according to the report?,334,False
Is there any atelectasis?,334,False
What are the key findings in this chest X-ray report?,335,False
What abnormality is present according to the report?,335,False
What are the key findings in this chest X-ray report?,336,False
What abnormality is present according to the report?,336,False
Is the heart size normal?,336,False
What are the key findings in this chest X-ray report?,337,False
What abnormality is present according to the report?,337,False
Is there any opacity?,337,False
What are the key findings in this chest X-ray report?,338,False
What abnormality is present according to the report?,338,False
Is the heart size normal?,338,False
What are the key findings in this chest X-ray report?,339,False
What abnormality is present according to the report?,339,False
Is the heart size normal?,339,False
What are the key findings in this chest X-ray report?,340,False
What abnormality is present according to the report?,340,False
Is there any cardiomegaly?,340,False
What are the key findings in this chest X-ray report?,341,False
What abnormality is present according to the report?,341,False
Is the heart size normal?,341,False
What are the key findings in this chest X-ray report?,342,False
What abnormality is present according to the report?,342,False
Is there any cardiomegaly?,342,False
What are the key findings in this chest X-ray report?,343,False
What abnormality is present according to the report?,343,False
What are the key findings in this chest X-ray report?,344,False
What abnormality is present according to the report?,344,False
Is the heart size normal?,344,False
What are the key findings in this chest X-ray report?,345,False
What abnormality is present according to the report?,345,False
Is the heart size normal?,345,False
What are the key findings in this chest X-ray report?,346,False
What abnormality is present according to the report?,346,False
Is the heart size normal?,346,False
What are the key findings in this chest X-ray report?,347,False
What abnormality is present according to the report?,347,False
What are the key findings in this chest X-ray report?,348,False
What abnormality is present according to the report?,348,False
Is the heart size normal?,348,False
What are the key findings in this chest X-ray report?,349,False
What abnormality is present according to the report?,349,False
Is there any cardiomegaly?,349,False
What are the key findings in this chest X-ray report?,350,False
What abnormality is present according to the report?,350,False
Is there any opacity?,350,False
What are the key findings in this chest X-ray report?,351,False
What abnormality is present according to the report?,351,False
What are the key findings in this chest X-ray report?,352,False
What abnormality is present according to the report?,352,False
What are the key findings in this chest X-ray report?,353,False
What abnormality is present according to the report?,353,False
Is there any effusion?,353,False
Is there any edema?,353,False
What are the key findings in this chest X-ray report?,354,False
What abnormality is present according to the report?,354,False
Is the heart size normal?,354,False
What are the key findings in this chest X-ray report?,355,False
What abnormality is present according to the report?,355,False
What are the key findings in this chest X-ray report?,356,False
What abnormality is present according to the report?,356,False
Is the heart size normal?,356,False
What are the key findings in this chest X-ray report?,357,False
What abnormality is present according to the report?,357,False
Is there any opacity?,357,False
What are the key findings in this chest X-ray report?,358,False
What abnormality is present according to the report?,358,False
Is the heart size normal?,358,False
What are the key findings in this chest X-ray report?,359,False
What abnormality is present according to the report?,359,False
Is the heart size normal?,359,False
What are the key findings in this chest X-ray report?,360,False
What abnormality is present according to the report?,360,False
Is the heart size normal?,360,False
What are the key findings in this chest X-ray report?,361,False
What abnormality is present according to the report?,361,False
Is the heart size normal?,361,False
What are the key findings in this chest X-ray report?,362,False
What abnormality is present according to the report?,362,False
Is the heart size normal?,362,False
What are the key findings in this chest X-ray report?,363,False
What abnormality is present according to the report?,363,False
Is the heart size normal?,363,False
What are the key findings in this chest X-ray report?,364,False
What abnormality is present according to the report?,364,False
Is the heart size normal?,364,False
What are the key findings in this chest X-ray report?,365,False
What abnormality is present according to the report?,365,False
Is the heart size normal?,365,False
What are the key findings in this chest X-ray report?,366,False
What abnormality is present according to the report?,366,False
Is the heart size normal?,366,False
What are the key findings in this chest X-ray report?,367,False
What abnormality is present according to the report?,367,False
Is the heart size normal?,367,False
What are the key findings in this chest X-ray report?,368,False
What abnormality is present according to the report?,368,False
Is the heart size normal?,368,False
What are the key findings in this chest X-ray report?,370,False
What abnormality is present according to the report?,370,False
Is the heart size normal?,370,False
What are the key findings in this chest X-ray report?,371,False
What abnormality is present according to the report?,371,False
What are the key findings in this chest X-ray report?,372,False
What abnormality is present according to the report?,372,False
Is there any effusion?,372,False
What are the key findings in this chest X-ray report?,373,False
What abnormality is present according to the report?,373,False
Is the heart size normal?,373,False
What are the key findings in this chest X-ray report?,374,False
What abnormality is present according to the report?,374,False
Is there any cardiomegaly?,374,False
Is there any effusion?,374,False
Is there any atelectasis?,374,False
What are the key findings in this chest X-ray report?,375,False
What abnormality is present according to the report?,375,False
Is the heart size normal?,375,False
What are the key findings in this chest X-ray report?,376,False
What abnormality is present according to the report?,376,False
What are the key findings in this chest X-ray report?,377,False
What abnormality is present according to the report?,377,False
What are the key findings in this chest X-ray report?,378,False
What abnormality is present according to the report?,378,False
Is there any atelectasis?,378,False
What are the key findings in this chest X-ray report?,379,False
What abnormality is present according to the report?,379,False
Is there any cardiomegaly?,379,False
Is there any effusion?,379,False
Is there any opacity?,379,False
What are the key findings in this chest X-ray report?,380,False
What abnormality is present according to the report?,380,False
What are the key findings in this chest X-ray report?,382,False
What abnormality is present according to the report?,382,False
Is there any opacity?,382,False
What are the key findings in this chest X-ray report?,383,False
What abnormality is present according to the report?,383,False
What are the key findings in this chest X-ray report?,384,False
What abnormality is present according to the report?,384,False
What are the key findings in this chest X-ray report?,385,False
What abnormality is present according to the report?,385,False
Is the heart size normal?,385,False
What are the key findings in this chest X-ray report?,386,False
What abnormality is present according to the report?,386,False
What are the key findings in this chest X-ray report?,387,False
What abnormality is present according to the report?,387,False
Is there any opacity?,387,False
What are the key findings in this chest X-ray report?,388,False
What abnormality is present according to the report?,388,False
Is there any cardiomegaly?,388,False
What are the key findings in this chest X-ray report?,389,False
What abnormality is present according to the report?,389,False
What are the key findings in this chest X-ray report?,390,False
What abnormality is present according to the report?,390,False
What are the key findings in this chest X-ray report?,391,False
What abnormality is present according to the report?,391,False
What are the key findings in this chest X-ray report?,392,False
What abnormality is present according to the report?,392,False
What are the key findings in this chest X-ray report?,393,False
What abnormality is present according to the report?,393,False
Is the heart size normal?,393,False
What are the key findings in this chest X-ray report?,394,False
What abnormality is present according to the report?,394,False
Is there any opacity?,394,False
What are the key findings in this chest X-ray report?,395,False
What abnormality is present according to the report?,395,False
What are the key findings in this chest X-ray report?,396,False
What abnormality is present according to the report?,396,False
What are the key findings in this chest X-ray report?,397,False
What abnormality is present according to the report?,397,False
What are the key findings in this chest X-ray report?,398,False
What abnormality is present according to the report?,398,False
What are the key findings in this chest X-ray report?,399,False
What abnormality is present according to the report?,399,False
What are the key findings in this chest X-ray report?,400,False
What abnormality is present according to the report?,400,False
What are the key findings in this chest X-ray report?,401,False
What abnormality is present according to the report?,401,False
Is there any effusion?,401,False
Is there any opacity?,401,False
What are the key findings in this chest X-ray report?,402,False
What abnormality is present according to the report?,402,False
What are the key findings in this chest X-ray report?,403,False
What abnormality is present according to the report?,403,False
What are the key findings in this chest X-ray report?,404,False
What abnormality is present according to the report?,404,False
What are the key findings in this chest X-ray report?,405,False
What abnormality is present according to the report?,405,False
What are the key findings in this chest X-ray report?,406,False
What abnormality is present according to the report?,406,False
What are the key findings in this chest X-ray report?,407,False
What abnormality is present according to the report?,407,False
Is the heart size normal?,407,False
What are the key findings in this chest X-ray report?,408,False
What abnormality is present according to the report?,408,False
Is there any effusion?,408,False
What are the key findings in this chest X-ray report?,409,False
What abnormality is present according to the report?,409,False
Is there any opacity?,409,False
What are the key findings in this chest X-ray report?,410,False
What abnormality is present according to the report?,410,False
What are the key findings in this chest X-ray report?,411,False
What abnormality is present according to the report?,411,False
Is there any opacity?,411,False
Is there any atelectasis?,411,False
What are the key findings in this chest X-ray report?,412,False
What abnormality is present according to the report?,412,False
Is there any opacity?,412,False
What are the key findings in this chest X-ray report?,413,False
What abnormality is present according to the report?,413,False
Is the heart size normal?,413,False
What are the key findings in this chest X-ray report?,414,False
What abnormality is present according to the report?,414,False
What are the key findings in this chest X-ray report?,415,False
What abnormality is present according to the report?,415,False
What are the key findings in this chest X-ray report?,416,False
What abnormality is present according to the report?,416,False
Is the heart size normal?,416,False
What are the key findings in this chest X-ray report?,417,False
What abnormality is present according to the report?,417,False
What are the key findings in this chest X-ray report?,418,False
What abnormality is present according to the report?,418,False
Is there any atelectasis?,418,False
What are the key findings in this chest X-ray report?,419,False
What abnormality is present according to the report?,419,False
Is the heart size normal?,419,False
What are the key findings in this chest X-ray report?,420,False
What abnormality is present according to the report?,420,False
What are the key findings in this chest X-ray report?,421,False
What abnormality is present according to the report?,421,False
Is the heart size normal?,421,False
What are the key findings in this chest X-ray report?,422,False
What abnormality is present according to the report?,422,False
What are the key findings in this chest X-ray report?,423,False
What abnormality is present according to the report?,423,False
Is there any effusion?,423,False
Is there any atelectasis?,423,False
What are the key findings in this chest X-ray report?,424,False
What abnormality is present according to the report?,424,False
What are the key findings in this chest X-ray report?,425,False
What abnormality is present according to the report?,425,False
Is the heart size normal?,425,False
What are the key findings in this chest X-ray report?,426,False
What abnormality is present according to the report?,426,False
What are the key findings in this chest X-ray report?,427,False
What abnormality is present according to the report?,427,False
Is the heart size normal?,427,False
What are the key findings in this chest X-ray report?,428,False
What abnormality is present according to the report?,428,False
Is the heart size normal?,428,False
What are the key findings in this chest X-ray report?,429,False
What abnormality is present according to the report?,429,False
Is the heart size normal?,429,False
What are the key findings in this chest X-ray report?,430,False
What abnormality is present according to the report?,430,False
Is the heart size normal?,430,False
What are the key findings in this chest X-ray report?,431,False
What abnormality is present according to the report?,431,False
Is there any cardiomegaly?,431,False
What are the key findings in this chest X-ray report?,432,False
What abnormality is present according to the report?,432,False
Is the heart size normal?,432,False
What are the key findings in this chest X-ray report?,433,False
What abnormality is present according to the report?,433,False
Is the heart size normal?,433,False
What are the key findings in this chest X-ray report?,434,False
What abnormality is present according to the report?,434,False
What are the key findings in this chest X-ray report?,435,False
What abnormality is present according to the report?,435,False
Is the heart size normal?,435,False
What are the key findings in this chest X-ray report?,436,False
What abnormality is present according to the report?,436,False
Is there any cardiomegaly?,436,False
What are the key findings in this chest X-ray report?,437,False
What abnormality is present according to the report?,437,False
Is there any cardiomegaly?,437,False
What are the key findings in this chest X-ray report?,438,False
What abnormality is present according to the report?,438,False
Is the heart size normal?,438,False
What are the key findings in this chest X-ray report?,439,False
What abnormality is present according to the report?,439,False
What are the key findings in this chest X-ray report?,440,False
What abnormality is present according to the report?,440,False
What are the key findings in this chest X-ray report?,441,False
What abnormality is present according to the report?,441,False
What are the key findings in this chest X-ray report?,442,False
What abnormality is present according to the report?,442,False
What are the key findings in this chest X-ray report?,443,False
What abnormality is present according to the report?,443,False
What are the key findings in this chest X-ray report?,444,False
What abnormality is present according to the report?,444,False
Is the heart size normal?,444,False
What are the key findings in this chest X-ray report?,445,False
What abnormality is present according to the report?,445,False
Is the heart size normal?,445,False
What are the key findings in this chest X-ray report?,446,False
What abnormality is present according to the report?,446,False
What are the key findings in this chest X-ray report?,448,False
What abnormality is present according to the report?,448,False
Is the heart size normal?,448,False
What are the key findings in this chest X-ray report?,449,False
What abnormality is present according to the report?,449,False
Is the heart size normal?,449,False
What are the key findings in this chest X-ray report?,450,False
What abnormality is present according to the report?,450,False
Is the heart size normal?,450,False
What are the key findings in this chest X-ray report?,451,False
What abnormality is present according to the report?,451,False
What are the key findings in this chest X-ray report?,452,False
What abnormality is present according to the report?,452,False
What are the key findings in this chest X-ray report?,453,False
What abnormality is present according to the report?,453,False
What are the key findings in this chest X-ray report?,454,False
What abnormality is present according to the report?,454,False
Is there any cardiomegaly?,454,False
What are the key findings in this chest X-ray report?,455,False
What abnormality is present according to the report?,455,False
Is there any atelectasis?,455,False
What are the key findings in this chest X-ray report?,456,False
What abnormality is present according to the report?,456,False
What are the key findings in this chest X-ray report?,457,False
What abnormality is present according to the report?,457,False
Is there any opacity?,457,False
What are the key findings in this chest X-ray report?,458,False
What abnormality is present according to the report?,458,False
What are the key findings in this chest X-ray report?,459,False
What abnormality is present according to the report?,459,False
Is the heart size normal?,459,False
What are the key findings in this chest X-ray report?,460,False
What abnormality is present according to the report?,460,False
What are the key findings in this chest X-ray report?,461,False
What abnormality is present according to the report?,461,False
Is the heart size normal?,461,False
What are the key findings in this chest X-ray report?,462,False
What abnormality is present according to the report?,462,False
Is there any cardiomegaly?,462,False
What are the key findings in this chest X-ray report?,463,False
What abnormality is present according to the report?,463,False
Is there any opacity?,463,False
What are the key findings in this chest X-ray report?,464,False
What abnormality is present according to the report?,464,False
What are the key findings in this chest X-ray report?,465,False
What abnormality is present according to the report?,465,False
Is there any effusion?,465,False
Is there any opacity?,465,False
Is there any pneumothorax?,465,False
Is there any atelectasis?,465,False
What are the key findings in this chest X-ray report?,466,False
What abnormality is present according to the report?,466,False
What are the key findings in this chest X-ray report?,467,False
What abnormality is present according to the report?,467,False
Is the heart size normal?,467,False
What are the key findings in this chest X-ray report?,468,False
What abnormality is present according to the report?,468,False
What are the key findings in this chest X-ray report?,469,False
What abnormality is present according to the report?,469,False
What are the key findings in this chest X-ray report?,470,False
What abnormality is present according to the report?,470,False
Is the heart size normal?,470,False
What are the key findings in this chest X-ray report?,471,False
What abnormality is present according to the report?,471,False
What are the key findings in this chest X-ray report?,472,False
What abnormality is present according to the report?,472,False
What are the key findings in this chest X-ray report?,473,False
What abnormality is present according to the report?,473,False
Is the heart size normal?,473,False
What are the key findings in this chest X-ray report?,474,False
What abnormality is present according to the report?,474,False
Is the heart size normal?,474,False
What are the key findings in this chest X-ray report?,475,False
What abnormality is present according to the report?,475,False
Is the heart size normal?,475,False
What are the key findings in this chest X-ray report?,476,False
What abnormality is present according to the report?,476,False
What are the key findings in this chest X-ray report?,477,False
What abnormality is present according to the report?,477,False
Is the heart size normal?,477,False
What are the key findings in this chest X-ray report?,478,False
What abnormality is present according to the report?,478,False
What are the key findings in this chest X-ray report?,479,False
What abnormality is present according to the report?,479,False
Is the heart size normal?,479,False
What are the key findings in this chest X-ray report?,480,False
What abnormality is present according to the report?,480,False
Is the heart size normal?,480,False
What are the key findings in this chest X-ray report?,481,False
What abnormality is present according to the report?,481,False
What are the key findings in this chest X-ray report?,482,False
What abnormality is present according to the report?,482,False
What are the key findings in this chest X-ray report?,483,False
What abnormality is present according to the report?,483,False
Is there any cardiomegaly?,483,False
What are the key findings in this chest X-ray report?,484,False
What abnormality is present according to the report?,484,False
What are the key findings in this chest X-ray report?,485,False
What abnormality is present according to the report?,485,False
What are the key findings in this chest X-ray report?,486,False
What abnormality is present according to the report?,486,False
What are the key findings in this chest X-ray report?,487,False
What abnormality is present according to the report?,487,False
Is the heart size normal?,487,False
What are the key findings in this chest X-ray report?,488,False
What abnormality is present according to the report?,488,False
What are the key findings in this chest X-ray report?,489,False
What abnormality is present according to the report?,489,False
What are the key findings in this chest X-ray report?,490,False
What abnormality is present according to the report?,490,False
What are the key findings in this chest X-ray report?,491,False
What abnormality is present according to the report?,491,False
Is there any opacity?,491,False
Is there any atelectasis?,491,False
What are the key findings in this chest X-ray report?,492,False
What abnormality is present according to the report?,492,False
Is the heart size normal?,492,False
What are the key findings in this chest X-ray report?,493,False
What abnormality is present according to the report?,493,False
What are the key findings in this chest X-ray report?,494,False
What abnormality is present according to the report?,494,False
Is there any opacity?,494,False
What are the key findings in this chest X-ray report?,495,False
What abnormality is present according to the report?,495,False
What are the key findings in this chest X-ray report?,496,False
What abnormality is present according to the report?,496,False
Is the heart size normal?,496,False
What are the key findings in this chest X-ray report?,497,False
What abnormality is present according to the report?,497,False
Is the heart size normal?,497,False
What are the key findings in this chest X-ray report?,498,False
What abnormality is present according to the report?,498,False
What are the key findings in this chest X-ray report?,499,False
What abnormality is present according to the report?,499,False
Is the heart size normal?,499,False
What are the key findings in this chest X-ray report?,500,False
What abnormality is present according to the report?,500,False
Is there any cardiomegaly?,500,False
What are the key findings in this chest X-ray report?,501,False
What abnormality is present according to the report?,501,False
Is there any opacity?,501,False
What are the key findings in this chest X-ray report?,502,False
What abnormality is present according to the report?,502,False
Is the heart size normal?,502,False
What are the key findings in this chest X-ray report?,503,False
What abnormality is present according to the report?,503,False
Is the heart size normal?,503,False
What are the key findings in this chest X-ray report?,504,False
What abnormality is present according to the report?,504,False
Is there any opacity?,504,False
Is there any atelectasis?,504,False
What are the key findings in this chest X-ray report?,505,False
What abnormality is present according to the report?,505,False
Is the heart size normal?,505,False
What are the key findings in this chest X-ray report?,506,False
What abnormality is present according to the report?,506,False
Is the heart size normal?,506,False
What are the key findings in this chest X-ray report?,507,False
What abnormality is present according to the report?,507,False
What are the key findings in this chest X-ray report?,508,False
What abnormality is present according to the report?,508,False
Is the heart size normal?,508,False
What are the key findings in this chest X-ray report?,509,False
What abnormality is present according to the report?,509,False
Is there any effusion?,509,False
What are the key findings in this chest X-ray report?,510,False
What abnormality is present according to the report?,510,False
Is the heart size normal?,510,False
What are the key findings in this chest X-ray report?,511,False
What abnormality is present according to the report?,511,False
What are the key findings in this chest X-ray report?,512,False
What abnormality is present according to the report?,512,False
What are the key findings in this chest X-ray report?,513,False
What abnormality is present according to the report?,513,False
Is there any cardiomegaly?,513,False
What are the key findings in this chest X-ray report?,514,False
What abnormality is present according to the report?,514,False
Is the heart size normal?,514,False
What are the key findings in this chest X-ray report?,515,False
What abnormality is present according to the report?,515,False
Is the heart size normal?,515,False
What are the key findings in this chest X-ray report?,516,False
What abnormality is present according to the report?,516,False
What are the key findings in this chest X-ray report?,517,False
What abnormality is present according to the report?,517,False
What are the key findings in this chest X-ray report?,518,False
What abnormality is present according to the report?,518,False
Is the heart size normal?,518,False
What are the key findings in this chest X-ray report?,519,False
What abnormality is present according to the report?,519,False
Is the heart size normal?,519,False
What are the key findings in this chest X-ray report?,520,False
What abnormality is present according to the report?,520,False
What are the key findings in this chest X-ray report?,521,False
What abnormality is present according to the report?,521,False
What are the key findings in this chest X-ray report?,522,False
What abnormality is present according to the report?,522,False
Is there any atelectasis?,522,False
What are the key findings in this chest X-ray report?,523,False
What abnormality is present according to the report?,523,False
Is the heart size normal?,523,False
What are the key findings in this chest X-ray report?,524,False
What abnormality is present according to the report?,524,False
Is there any opacity?,524,False
What are the key findings in this chest X-ray report?,525,False
What abnormality is present according to the report?,525,False
What are the key findings in this chest X-ray report?,526,False
What abnormality is present according to the report?,526,False
Is there any cardiomegaly?,526,False
What are the key findings in this chest X-ray report?,527,False
What abnormality is present according to the report?,527,False
Is the heart size normal?,527,False
What are the key findings in this chest X-ray report?,529,False
What abnormality is present according to the report?,529,False
Is the heart size normal?,529,False
What are the key findings in this chest X-ray report?,530,False
What abnormality is present according to the report?,530,False
Is there any cardiomegaly?,530,False
What are the key findings in this chest X-ray report?,531,False
What abnormality is present according to the report?,531,False
What are the key findings in this chest X-ray report?,532,False
What abnormality is present according to the report?,532,False
Is the heart size normal?,532,False
What are the key findings in this chest X-ray report?,533,False
What abnormality is present according to the report?,533,False
What are the key findings in this chest X-ray report?,534,False
What abnormality is present according to the report?,534,False
Is there any opacity?,534,False
Is there any atelectasis?,534,False
What are the key findings in this chest X-ray report?,535,False
What abnormality is present according to the report?,535,False
Is there any opacity?,535,False
Is there any atelectasis?,535,False
What are the key findings in this chest X-ray report?,536,False
What abnormality is present according to the report?,536,False
Is the heart size normal?,536,False
What are the key findings in this chest X-ray report?,537,False
What abnormality is present according to the report?,537,False
What are the key findings in this chest X-ray report?,538,False
What abnormality is present according to the report?,538,False
Is the heart size normal?,538,False
What are the key findings in this chest X-ray report?,539,False
What abnormality is present according to the report?,539,False
Is the heart size normal?,539,False
What are the key findings in this chest X-ray report?,540,False
What abnormality is present according to the report?,540,False
Is there any opacity?,540,False
Is there any atelectasis?,540,False
What are the key findings in this chest X-ray report?,541,False
What abnormality is present according to the report?,541,False
What are the key findings in this chest X-ray report?,542,False
What abnormality is present according to the report?,542,False
Is the heart size normal?,542,False
What are the key findings in this chest X-ray report?,543,False
What abnormality is present according to the report?,543,False
Is the heart size normal?,543,False
What are the key findings in this chest X-ray report?,544,False
What abnormality is present according to the report?,544,False
Is the heart size normal?,544,False
What are the key findings in this chest X-ray report?,545,False
What abnormality is present according to the report?,545,False
Is there any opacity?,545,False
Is there any atelectasis?,545,False
What are the key findings in this chest X-ray report?,546,False
What abnormality is present according to the report?,546,False
Is there any effusion?,546,False
What are the key findings in this chest X-ray report?,547,False
What abnormality is present according to the report?,547,False
What are the key findings in this chest X-ray report?,548,False
What abnormality is present according to the report?,548,False
What are the key findings in this chest X-ray report?,549,False
What abnormality is present according to the report?,549,False
What are the key findings in this chest X-ray report?,550,False
What abnormality is present according to the report?,550,False
Is the heart size normal?,550,False
What are the key findings in this chest X-ray report?,551,False
What abnormality is present according to the report?,551,False
What are the key findings in this chest X-ray report?,552,False
What abnormality is present according to the report?,552,False
What are the key findings in this chest X-ray report?,553,False
What abnormality is present according to the report?,553,False
What are the key findings in this chest X-ray report?,554,False
What abnormality is present according to the report?,554,False
Is the heart size normal?,554,False
What are the key findings in this chest X-ray report?,555,False
What abnormality is present according to the report?,555,False
What are the key findings in this chest X-ray report?,556,False
What abnormality is present according to the report?,556,False
Is the heart size normal?,556,False
What are the key findings in this chest X-ray report?,557,False
What abnormality is present according to the report?,557,False
Is the heart size normal?,557,False
What are the key findings in this chest X-ray report?,558,False
What abnormality is present according to the report?,558,False
What are the key findings in this chest X-ray report?,559,False
What abnormality is present according to the report?,559,False
Is the heart size normal?,559,False
What are the key findings in this chest X-ray report?,560,False
What abnormality is present according to the report?,560,False
Is the heart size normal?,560,False
What are the key findings in this chest X-ray report?,561,False
What abnormality is present according to the report?,561,False
Is the heart size normal?,561,False
What are the key findings in this chest X-ray report?,562,False
What abnormality is present according to the report?,562,False
Is the heart size normal?,562,False
What are the key findings in this chest X-ray report?,563,False
What abnormality is present according to the report?,563,False
Is the heart size normal?,563,False
What are the key findings in this chest X-ray report?,564,False
What abnormality is present according to the report?,564,False
Is there any opacity?,564,False
What are the key findings in this chest X-ray report?,565,False
What abnormality is present according to the report?,565,False
Is the heart size normal?,565,False
What are the key findings in this chest X-ray report?,567,False
What abnormality is present according to the report?,567,False
Is there any atelectasis?,567,False
What are the key findings in this chest X-ray report?,568,False
What abnormality is present according to the report?,568,False
What are the key findings in this chest X-ray report?,569,False
What abnormality is present according to the report?,569,False
Is there any opacity?,569,False
What are the key findings in this chest X-ray report?,570,False
What abnormality is present according to the report?,570,False
Is the heart size normal?,570,False
What are the key findings in this chest X-ray report?,571,False
What abnormality is present according to the report?,571,False
Is the heart size normal?,571,False
What are the key findings in this chest X-ray report?,572,False
What abnormality is present according to the report?,572,False
Is the heart size normal?,572,False
What are the key findings in this chest X-ray report?,573,False
What abnormality is present according to the report?,573,False
Is there any opacity?,573,False
What are the key findings in this chest X-ray report?,575,False
What abnormality is present according to the report?,575,False
What are the key findings in this chest X-ray report?,576,False
What abnormality is present according to the report?,576,False
Is there any cardiomegaly?,576,False
Is there any effusion?,576,False
Is there any atelectasis?,576,False
What are the key findings in this chest X-ray report?,577,False
What abnormality is present according to the report?,577,False
Is the heart size normal?,577,False
What are the key findings in this chest X-ray report?,578,False
What abnormality is present according to the report?,578,False
What are the key findings in this chest X-ray report?,579,False
What abnormality is present according to the report?,579,False
Is the heart size normal?,579,False
What are the key findings in this chest X-ray report?,580,False
What abnormality is present according to the report?,580,False
What are the key findings in this chest X-ray report?,581,False
What abnormality is present according to the report?,581,False
Is the heart size normal?,581,False
What are the key findings in this chest X-ray report?,582,False
What abnormality is present according to the report?,582,False
Is the heart size normal?,582,False
What are the key findings in this chest X-ray report?,583,False
What abnormality is present according to the report?,583,False
What are the key findings in this chest X-ray report?,584,False
What abnormality is present according to the report?,584,False
Is the heart size normal?,584,False
What are the key findings in this chest X-ray report?,585,False
What abnormality is present according to the report?,585,False
Is there any opacity?,585,False
Is there any atelectasis?,585,False
What are the key findings in this chest X-ray report?,586,False
What abnormality is present according to the report?,586,False
Is there any cardiomegaly?,586,False
Is there any opacity?,586,False
Is there any atelectasis?,586,False
What are the key findings in this chest X-ray report?,587,False
What abnormality is present according to the report?,587,False
Is there any opacity?,587,False
What are the key findings in this chest X-ray report?,588,False
What abnormality is present according to the report?,588,False
Is the heart size normal?,588,False
What are the key findings in this chest X-ray report?,589,False
What abnormality is present according to the report?,589,False
Is the heart size normal?,589,False
What are the key findings in this chest X-ray report?,590,False
What abnormality is present according to the report?,590,False
What are the key findings in this chest X-ray report?,591,False
What abnormality is present according to the report?,591,False
What are the key findings in this chest X-ray report?,592,False
What abnormality is present according to the report?,592,False
What are the key findings in this chest X-ray report?,593,False
What abnormality is present according to the report?,593,False
Is there any cardiomegaly?,593,False
What are the key findings in this chest X-ray report?,594,False
What abnormality is present according to the report?,594,False
Is there any cardiomegaly?,594,False
Is there any opacity?,594,False
What are the key findings in this chest X-ray report?,595,False
What abnormality is present according to the report?,595,False
Is the heart size normal?,595,False
What are the key findings in this chest X-ray report?,596,False
What abnormality is present according to the report?,596,False
What are the key findings in this chest X-ray report?,597,False
What abnormality is present according to the report?,597,False
Is there any opacity?,597,False
Is there any atelectasis?,597,False
What are the key findings in this chest X-ray report?,598,False
What abnormality is present according to the report?,598,False
What are the key findings in this chest X-ray report?,599,False
What abnormality is present according to the report?,599,False
What are the key findings in this chest X-ray report?,600,False
What abnormality is present according to the report?,600,False
What are the key findings in this chest X-ray report?,601,False
What abnormality is present according to the report?,601,False
Is there any opacity?,601,False
What are the key findings in this chest X-ray report?,602,False
What abnormality is present according to the report?,602,False
Is the heart size normal?,602,False
What are the key findings in this chest X-ray report?,603,False
What abnormality is present according to the report?,603,False
What are the key findings in this chest X-ray report?,604,False
What abnormality is present according to the report?,604,False
What are the key findings in this chest X-ray report?,605,False
What abnormality is present according to the report?,605,False
Is there any opacity?,605,False
What are the key findings in this chest X-ray report?,606,False
What abnormality is present according to the report?,606,False
What are the key findings in this chest X-ray report?,607,False
What abnormality is present according to the report?,607,False
What are the key findings in this chest X-ray report?,608,False
What abnormality is present according to the report?,608,False
What are the key findings in this chest X-ray report?,609,False
What abnormality is present according to the report?,609,False
Is the heart size normal?,609,False
What are the key findings in this chest X-ray report?,610,False
What abnormality is present according to the report?,610,False
Is there any cardiomegaly?,610,False
What are the key findings in this chest X-ray report?,611,False
What abnormality is present according to the report?,611,False
What are the key findings in this chest X-ray report?,612,False
What abnormality is present according to the report?,612,False
Is there any cardiomegaly?,612,False
Is there any opacity?,612,False
Is there any atelectasis?,612,False
What are the key findings in this chest X-ray report?,613,False
What abnormality is present according to the report?,613,False
What are the key findings in this chest X-ray report?,615,False
What abnormality is present according to the report?,615,False
What are the key findings in this chest X-ray report?,616,False
What abnormality is present according to the report?,616,False
What are the key findings in this chest X-ray report?,617,False
What abnormality is present according to the report?,617,False
What are the key findings in this chest X-ray report?,618,False
What abnormality is present according to the report?,618,False
Is the heart size normal?,618,False
What are the key findings in this chest X-ray report?,619,False
What abnormality is present according to the report?,619,False
Is there any cardiomegaly?,619,False
What are the key findings in this chest X-ray report?,620,False
What abnormality is present according to the report?,620,False
What are the key findings in this chest X-ray report?,621,False
What abnormality is present according to the report?,621,False
What are the key findings in this chest X-ray report?,622,False
What abnormality is present according to the report?,622,False
Is the heart size normal?,622,False
What are the key findings in this chest X-ray report?,623,False
What abnormality is present according to the report?,623,False
What are the key findings in this chest X-ray report?,624,False
What abnormality is present according to the report?,624,False
What are the key findings in this chest X-ray report?,626,False
What abnormality is present according to the report?,626,False
Is the heart size normal?,626,False
What are the key findings in this chest X-ray report?,627,False
What abnormality is present according to the report?,627,False
Is there any cardiomegaly?,627,False
What are the key findings in this chest X-ray report?,628,False
What abnormality is present according to the report?,628,False
What are the key findings in this chest X-ray report?,629,False
What abnormality is present according to the report?,629,False
Is the heart size normal?,629,False
What are the key findings in this chest X-ray report?,630,False
What abnormality is present according to the report?,630,False
Is the heart size normal?,630,False
What are the key findings in this chest X-ray report?,631,False
What abnormality is present according to the report?,631,False
Is there any opacity?,631,False
Is there any atelectasis?,631,False
What are the key findings in this chest X-ray report?,632,False
What abnormality is present according to the report?,632,False
Is the heart size normal?,632,False
What are the key findings in this chest X-ray report?,633,False
What abnormality is present according to the report?,633,False
What are the key findings in this chest X-ray report?,634,False
What abnormality is present according to the report?,634,False
What are the key findings in this chest X-ray report?,635,False
What abnormality is present according to the report?,635,False
Is there any effusion?,635,False
Is there any atelectasis?,635,False
What are the key findings in this chest X-ray report?,636,False
What abnormality is present according to the report?,636,False
Is there any atelectasis?,636,False
What are the key findings in this chest X-ray report?,637,False
What abnormality is present according to the report?,637,False
What are the key findings in this chest X-ray report?,638,False
What abnormality is present according to the report?,638,False
What are the key findings in this chest X-ray report?,639,False
What abnormality is present according to the report?,639,False
Is the heart size normal?,639,False
What are the key findings in this chest X-ray report?,640,False
What abnormality is present according to the report?,640,False
What are the key findings in this chest X-ray report?,641,False
What abnormality is present according to the report?,641,False
What are the key findings in this chest X-ray report?,642,False
What abnormality is present according to the report?,642,False
Is the heart size normal?,642,False
What are the key findings in this chest X-ray report?,643,False
What abnormality is present according to the report?,643,False
What are the key findings in this chest X-ray report?,644,False
What abnormality is present according to the report?,644,False
What are the key findings in this chest X-ray report?,645,False
What abnormality is present according to the report?,645,False
What are the key findings in this chest X-ray report?,646,False
What abnormality is present according to the report?,646,False
What are the key findings in this chest X-ray report?,647,False
What abnormality is present according to the report?,647,False
Is there any effusion?,647,False
Is there any atelectasis?,647,False
What are the key findings in this chest X-ray report?,648,False
What abnormality is present according to the report?,648,False
What are the key findings in this chest X-ray report?,649,False
What abnormality is present according to the report?,649,False
Is there any effusion?,649,False
Is there any opacity?,649,False
What are the key findings in this chest X-ray report?,650,False
What abnormality is present according to the report?,650,False
Is there any cardiomegaly?,650,False
Is there any effusion?,650,False
Is there any opacity?,650,False
What are the key findings in this chest X-ray report?,651,False
What abnormality is present according to the report?,651,False
Is there any effusion?,651,False
What are the key findings in this chest X-ray report?,652,False
What abnormality is present according to the report?,652,False
Is the heart size normal?,652,False
What are the key findings in this chest X-ray report?,653,False
What abnormality is present according to the report?,653,False
What are the key findings in this chest X-ray report?,654,False
What abnormality is present according to the report?,654,False
Is the heart size normal?,654,False
What are the key findings in this chest X-ray report?,655,False
What abnormality is present according to the report?,655,False
What are the key findings in this chest X-ray report?,656,False
What abnormality is present according to the report?,656,False
Is there any cardiomegaly?,656,False
What are the key findings in this chest X-ray report?,657,False
What abnormality is present according to the report?,657,False
Is the heart size normal?,657,False
What are the key findings in this chest X-ray report?,658,False
What abnormality is present according to the report?,658,False
Is the heart size normal?,658,False
What are the key findings in this chest X-ray report?,659,False
What abnormality is present according to the report?,659,False
What are the key findings in this chest X-ray report?,660,False
What abnormality is present according to the report?,660,False
What are the key findings in this chest X-ray report?,661,False
What abnormality is present according to the report?,661,False
What are the key findings in this chest X-ray report?,662,False
What abnormality is present according to the report?,662,False
What are the key findings in this chest X-ray report?,663,False
What abnormality is present according to the report?,663,False
Is the heart size normal?,663,False
What are the key findings in this chest X-ray report?,664,False
What abnormality is present according to the report?,664,False
What are the key findings in this chest X-ray report?,665,False
What abnormality is present according to the report?,665,False
Is there any cardiomegaly?,665,False
What are the key findings in this chest X-ray report?,666,False
What abnormality is present according to the report?,666,False
Is there any cardiomegaly?,666,False
Is there any atelectasis?,666,False
What are the key findings in this chest X-ray report?,667,False
What abnormality is present according to the report?,667,False
Is there any atelectasis?,667,False
What are the key findings in this chest X-ray report?,668,False
What abnormality is present according to the report?,668,False
Is the heart size normal?,668,False
What are the key findings in this chest X-ray report?,669,False
What abnormality is present according to the report?,669,False
Is there any cardiomegaly?,669,False
What are the key findings in this chest X-ray report?,670,False
What abnormality is present according to the report?,670,False
Is there any cardiomegaly?,670,False
What are the key findings in this chest X-ray report?,671,False
What abnormality is present according to the report?,671,False
What are the key findings in this chest X-ray report?,672,False
What abnormality is present according to the report?,672,False
Is there any cardiomegaly?,672,False
Is there any edema?,672,False
What are the key findings in this chest X-ray report?,674,False
What abnormality is present according to the report?,674,False
What are the key findings in this chest X-ray report?,675,False
What abnormality is present according to the report?,675,False
What are the key findings in this chest X-ray report?,676,False
What abnormality is present according to the report?,676,False
Is the heart size normal?,676,False
What are the key findings in this chest X-ray report?,677,False
What abnormality is present according to the report?,677,False
Is there any effusion?,677,False
What are the key findings in this chest X-ray report?,679,False
What abnormality is present according to the report?,679,False
What are the key findings in this chest X-ray report?,680,False
What abnormality is present according to the report?,680,False
What are the key findings in this chest X-ray report?,681,False
What abnormality is present according to the report?,681,False
Is there any opacity?,681,False
What are the key findings in this chest X-ray report?,682,False
What abnormality is present according to the report?,682,False
What are the key findings in this chest X-ray report?,683,False
What abnormality is present according to the report?,683,False
Is the heart size normal?,683,False
What are the key findings in this chest X-ray report?,684,False
What abnormality is present according to the report?,684,False
Is there any cardiomegaly?,684,False
What are the key findings in this chest X-ray report?,685,False
What abnormality is present according to the report?,685,False
What are the key findings in this chest X-ray report?,686,False
What abnormality is present according to the report?,686,False
Is there any cardiomegaly?,686,False
What are the key findings in this chest X-ray report?,687,False
What abnormality is present according to the report?,687,False
What are the key findings in this chest X-ray report?,688,False
What abnormality is present according to the report?,688,False
Is there any opacity?,688,False
Is there any atelectasis?,688,False
What are the key findings in this chest X-ray report?,689,False
What abnormality is present according to the report?,689,False
What are the key findings in this chest X-ray report?,690,False
What abnormality is present according to the report?,690,False
Is the heart size normal?,690,False
What are the key findings in this chest X-ray report?,691,False
What abnormality is present according to the report?,691,False
Is the heart size normal?,691,False
What are the key findings in this chest X-ray report?,692,False
What abnormality is present according to the report?,692,False
What are the key findings in this chest X-ray report?,693,False
What abnormality is present according to the report?,693,False
What are the key findings in this chest X-ray report?,694,False
What abnormality is present according to the report?,694,False
What are the key findings in this chest X-ray report?,695,False
What abnormality is present according to the report?,695,False
Is there any opacity?,695,False
What are the key findings in this chest X-ray report?,696,False
What abnormality is present according to the report?,696,True
Is the heart size normal?,696,False
What are the key findings in this chest X-ray report?,697,False
What abnormality is present according to the report?,697,False
What are the key findings in this chest X-ray report?,698,False
What abnormality is present according to the report?,698,False
What are the key findings in this chest X-ray report?,699,False
What abnormality is present according to the report?,699,False
Is there any cardiomegaly?,699,False
Is there any opacity?,699,False
What are the key findings in this chest X-ray report?,700,False
What abnormality is present according to the report?,700,False
What are the key findings in this chest X-ray report?,701,False
What abnormality is present according to the report?,701,False
What are the key findings in this chest X-ray report?,702,False
What abnormality is present according to the report?,702,False
Is there any effusion?,702,False
Is there any opacity?,702,False
Is there any atelectasis?,702,False
What are the key findings in this chest X-ray report?,703,False
What abnormality is present according to the report?,703,False
What are the key findings in this chest X-ray report?,704,False
What abnormality is present according to the report?,704,False
Is the heart size normal?,704,False
What are the key findings in this chest X-ray report?,705,False
What abnormality is present according to the report?,705,False
What are the key findings in this chest X-ray report?,706,False
What abnormality is present according to the report?,706,False
What are the key findings in this chest X-ray report?,707,False
What abnormality is present according to the report?,707,False
Is the heart size normal?,707,False
What are the key findings in this chest X-ray report?,708,False
What abnormality is present according to the report?,708,False
Is the heart size normal?,708,False
What are the key findings in this chest X-ray report?,709,False
What abnormality is present according to the report?,709,False
What are the key findings in this chest X-ray report?,710,False
What abnormality is present according to the report?,710,False
What are the key findings in this chest X-ray report?,711,False
What abnormality is present according to the report?,711,False
What are the key findings in this chest X-ray report?,712,False
What abnormality is present according to the report?,712,False
What are the key findings in this chest X-ray report?,713,False
What abnormality is present according to the report?,713,False
What are the key findings in this chest X-ray report?,714,False
What abnormality is present according to the report?,714,False
What are the key findings in this chest X-ray report?,715,False
What abnormality is present according to the report?,715,False
Is there any atelectasis?,715,False
What are the key findings in this chest X-ray report?,716,False
What abnormality is present according to the report?,716,False
Is there any cardiomegaly?,716,False
What are the key findings in this chest X-ray report?,717,False
What abnormality is present according to the report?,717,False
Is the heart size normal?,717,False
What are the key findings in this chest X-ray report?,718,False
What abnormality is present according to the report?,718,False
What are the key findings in this chest X-ray report?,719,False
What abnormality is present according to the report?,719,False
Is the heart size normal?,719,False
What are the key findings in this chest X-ray report?,720,False
What abnormality is present according to the report?,720,False
Is the heart size normal?,720,False
What are the key findings in this chest X-ray report?,721,False
What abnormality is present according to the report?,721,False
Is the heart size normal?,721,False
What are the key findings in this chest X-ray report?,722,False
What abnormality is present according to the report?,722,False
Is the heart size normal?,722,False
What are the key findings in this chest X-ray report?,723,False
What abnormality is present according to the report?,723,False
Is there any opacity?,723,False
Is there any atelectasis?,723,False
What are the key findings in this chest X-ray report?,725,False
What abnormality is present according to the report?,725,False
Is the heart size normal?,725,False
What are the key findings in this chest X-ray report?,726,False
What abnormality is present according to the report?,726,False
What are the key findings in this chest X-ray report?,727,False
What abnormality is present according to the report?,727,False
Is the heart size normal?,727,False
What are the key findings in this chest X-ray report?,728,False
What abnormality is present according to the report?,728,False
What are the key findings in this chest X-ray report?,729,False
What abnormality is present according to the report?,729,False
Is there any opacity?,729,False
What are the key findings in this chest X-ray report?,730,False
What abnormality is present according to the report?,730,False
What are the key findings in this chest X-ray report?,731,False
What abnormality is present according to the report?,731,False
Is the heart size normal?,731,False
What are the key findings in this chest X-ray report?,732,False
What abnormality is present according to the report?,732,False
What are the key findings in this chest X-ray report?,733,False
What abnormality is present according to the report?,733,False
What are the key findings in this chest X-ray report?,734,False
What abnormality is present according to the report?,734,False
Is the heart size normal?,734,False
What are the key findings in this chest X-ray report?,735,False
What abnormality is present according to the report?,735,False
Is the heart size normal?,735,False
What are the key findings in this chest X-ray report?,736,False
What abnormality is present according to the report?,736,False
Is there any effusion?,736,False
Is there any opacity?,736,False
Is there any atelectasis?,736,False
What are the key findings in this chest X-ray report?,737,False
What abnormality is present according to the report?,737,False
Is the heart size normal?,737,False
What are the key findings in this chest X-ray report?,738,False
What abnormality is present according to the report?,738,False
What are the key findings in this chest X-ray report?,739,False
What abnormality is present according to the report?,739,False
Is the heart size normal?,739,False
What are the key findings in this chest X-ray report?,740,False
What abnormality is present according to the report?,740,False
Is the heart size normal?,740,False
What are the key findings in this chest X-ray report?,741,False
What abnormality is present according to the report?,741,False
Is the heart size normal?,741,False
What are the key findings in this chest X-ray report?,742,False
What abnormality is present according to the report?,742,False
Is there any opacity?,742,False
What are the key findings in this chest X-ray report?,743,False
What abnormality is present according to the report?,743,False
What are the key findings in this chest X-ray report?,744,False
What abnormality is present according to the report?,744,False
Is there any opacity?,744,False
What are the key findings in this chest X-ray report?,745,False
What abnormality is present according to the report?,745,False
What are the key findings in this chest X-ray report?,746,False
What abnormality is present according to the report?,746,False
Is there any atelectasis?,746,False
What are the key findings in this chest X-ray report?,747,False
What abnormality is present according to the report?,747,False
What are the key findings in this chest X-ray report?,748,False
What abnormality is present according to the report?,748,False
Is the heart size normal?,748,False
What are the key findings in this chest X-ray report?,749,False
What abnormality is present according to the report?,749,False
Is there any opacity?,749,False
Is there any atelectasis?,749,False
What are the key findings in this chest X-ray report?,750,False
What abnormality is present according to the report?,750,False
What are the key findings in this chest X-ray report?,751,False
What abnormality is present according to the report?,751,False
Is the heart size normal?,751,False
What are the key findings in this chest X-ray report?,752,False
What abnormality is present according to the report?,752,False
What are the key findings in this chest X-ray report?,753,False
What abnormality is present according to the report?,753,False
What are the key findings in this chest X-ray report?,754,False
What abnormality is present according to the report?,754,False
What are the key findings in this chest X-ray report?,755,False
What abnormality is present according to the report?,755,False
What are the key findings in this chest X-ray report?,756,False
What abnormality is present according to the report?,756,False
Is the heart size normal?,756,False
What are the key findings in this chest X-ray report?,757,False
What abnormality is present according to the report?,757,False
Is the heart size normal?,757,False
What are the key findings in this chest X-ray report?,758,False
What abnormality is present according to the report?,758,False
Is the heart size normal?,758,False
What are the key findings in this chest X-ray report?,759,False
What abnormality is present according to the report?,759,False
What are the key findings in this chest X-ray report?,760,False
What abnormality is present according to the report?,760,False
Is there any opacity?,760,False
Is there any atelectasis?,760,False
What are the key findings in this chest X-ray report?,761,False
What abnormality is present according to the report?,761,False
What are the key findings in this chest X-ray report?,762,False
What abnormality is present according to the report?,762,False
What are the key findings in this chest X-ray report?,763,False
What abnormality is present according to the report?,763,False
What are the key findings in this chest X-ray report?,764,False
What abnormality is present according to the report?,764,False
Is the heart size normal?,764,False
What are the key findings in this chest X-ray report?,765,False
What abnormality is present according to the report?,765,False
What are the key findings in this chest X-ray report?,766,False
What abnormality is present according to the report?,766,False
Is the heart size normal?,766,False
What are the key findings in this chest X-ray report?,767,False
What abnormality is present according to the report?,767,False
Is the heart size normal?,767,False
What are the key findings in this chest X-ray report?,768,False
What abnormality is present according to the report?,768,False
Is the heart size normal?,768,False
What are the key findings in this chest X-ray report?,769,False
What abnormality is present according to the report?,769,False
What are the key findings in this chest X-ray report?,770,False
What abnormality is present according to the report?,770,False
Is the heart size normal?,770,False
What are the key findings in this chest X-ray report?,771,False
What abnormality is present according to the report?,771,False
Is the heart size normal?,771,False
What are the key findings in this chest X-ray report?,772,False
What abnormality is present according to the report?,772,False
Is there any cardiomegaly?,772,False
What are the key findings in this chest X-ray report?,773,False
What abnormality is present according to the report?,773,False
What are the key findings in this chest X-ray report?,774,False
What abnormality is present according to the report?,774,False
What are the key findings in this chest X-ray report?,776,False
What abnormality is present according to the report?,776,False
Is there any opacity?,776,False
Is there any atelectasis?,776,False
What are the key findings in this chest X-ray report?,777,False
What abnormality is present according to the report?,777,False
What are the key findings in this chest X-ray report?,778,False
What abnormality is present according to the report?,778,False
What are the key findings in this chest X-ray report?,779,False
What abnormality is present according to the report?,779,False
Is the heart size normal?,779,False
What are the key findings in this chest X-ray report?,780,False
What abnormality is present according to the report?,780,False
What are the key findings in this chest X-ray report?,781,False
What abnormality is present according to the report?,781,False
Is the heart size normal?,781,False
What are the key findings in this chest X-ray report?,782,False
What abnormality is present according to the report?,782,False
What are the key findings in this chest X-ray report?,783,False
What abnormality is present according to the report?,783,False
What are the key findings in this chest X-ray report?,784,False
What abnormality is present according to the report?,784,False
Is there any effusion?,784,False
Is there any atelectasis?,784,False
What are the key findings in this chest X-ray report?,785,False
What abnormality is present according to the report?,785,False
Is the heart size normal?,785,False
What are the key findings in this chest X-ray report?,786,False
What abnormality is present according to the report?,786,False
What are the key findings in this chest X-ray report?,787,False
What abnormality is present according to the report?,787,False
Is the heart size normal?,787,False
What are the key findings in this chest X-ray report?,788,False
What abnormality is present according to the report?,788,False
What are the key findings in this chest X-ray report?,790,False
What abnormality is present according to the report?,790,False
What are the key findings in this chest X-ray report?,791,False
What abnormality is present according to the report?,791,False
What are the key findings in this chest X-ray report?,792,False
What abnormality is present according to the report?,792,False
Is the heart size normal?,792,False
What are the key findings in this chest X-ray report?,793,False
What abnormality is present according to the report?,793,False
Is the heart size normal?,793,False
What are the key findings in this chest X-ray report?,794,False
What abnormality is present according to the report?,794,False
Is the heart size normal?,794,False
What are the key findings in this chest X-ray report?,795,False
What abnormality is present according to the report?,795,False
Is the heart size normal?,795,False
What are the key findings in this chest X-ray report?,796,False
What abnormality is present according to the report?,796,False
Is the heart size normal?,796,False
What are the key findings in this chest X-ray report?,797,False
What abnormality is present according to the report?,797,False
Is there any cardiomegaly?,797,False
What are the key findings in this chest X-ray report?,798,False
What abnormality is present according to the report?,798,False
Is the heart size normal?,798,False
What are the key findings in this chest X-ray report?,799,False
What abnormality is present according to the report?,799,False
Is the heart size normal?,799,False
What are the key findings in this chest X-ray report?,800,False
What abnormality is present according to the report?,800,False
Is there any cardiomegaly?,800,False
What are the key findings in this chest X-ray report?,801,False
What abnormality is present according to the report?,801,False
Is the heart size normal?,801,False
What are the key findings in this chest X-ray report?,802,False
What abnormality is present according to the report?,802,False
Is there any cardiomegaly?,802,False
Is there any edema?,802,False
What are the key findings in this chest X-ray report?,803,False
What abnormality is present according to the report?,803,False
What are the key findings in this chest X-ray report?,804,False
What abnormality is present according to the report?,804,False
Is there any opacity?,804,False
Is there any edema?,804,False
What are the key findings in this chest X-ray report?,805,False
What abnormality is present according to the report?,805,False
What are the key findings in this chest X-ray report?,806,False
What abnormality is present according to the report?,806,False
Is there any cardiomegaly?,806,False
What are the key findings in this chest X-ray report?,808,False
What abnormality is present according to the report?,808,False
Is there any atelectasis?,808,False
What are the key findings in this chest X-ray report?,809,False
What abnormality is present according to the report?,809,False
What are the key findings in this chest X-ray report?,810,False
What abnormality is present according to the report?,810,False
What are the key findings in this chest X-ray report?,811,False
What abnormality is present according to the report?,811,False
What are the key findings in this chest X-ray report?,812,False
What abnormality is present according to the report?,812,False
What are the key findings in this chest X-ray report?,813,False
What abnormality is present according to the report?,813,False
Is there any atelectasis?,813,False
What are the key findings in this chest X-ray report?,814,False
What abnormality is present according to the report?,814,False
What are the key findings in this chest X-ray report?,815,False
What abnormality is present according to the report?,815,False
Is the heart size normal?,815,False
What are the key findings in this chest X-ray report?,817,False
What abnormality is present according to the report?,817,False
Is there any opacity?,817,False
Is there any atelectasis?,817,False
What are the key findings in this chest X-ray report?,818,False
What abnormality is present according to the report?,818,False
What are the key findings in this chest X-ray report?,819,False
What abnormality is present according to the report?,819,False
What are the key findings in this chest X-ray report?,820,False
What abnormality is present according to the report?,820,False
What are the key findings in this chest X-ray report?,821,False
What abnormality is present according to the report?,821,False
What are the key findings in this chest X-ray report?,822,False
What abnormality is present according to the report?,822,False
Is there any opacity?,822,False
Is there any atelectasis?,822,False
What are the key findings in this chest X-ray report?,824,False
What abnormality is present according to the report?,824,False
What are the key findings in this chest X-ray report?,825,False
What abnormality is present according to the report?,825,False
Is there any cardiomegaly?,825,False
Is there any atelectasis?,825,False
What are the key findings in this chest X-ray report?,826,False
What abnormality is present according to the report?,826,False
Is the heart size normal?,826,False
What are the key findings in this chest X-ray report?,827,False
What abnormality is present according to the report?,827,False
What are the key findings in this chest X-ray report?,828,False
What abnormality is present according to the report?,828,False
Is there any opacity?,828,False
Is there any atelectasis?,828,False
What are the key findings in this chest X-ray report?,829,False
What abnormality is present according to the report?,829,False
Is the heart size normal?,829,False
What are the key findings in this chest X-ray report?,830,False
What abnormality is present according to the report?,830,False
Is there any effusion?,830,False
Is there any pneumothorax?,830,False
What are the key findings in this chest X-ray report?,831,False
What abnormality is present according to the report?,831,False
What are the key findings in this chest X-ray report?,832,False
What abnormality is present according to the report?,832,False
What are the key findings in this chest X-ray report?,833,False
What abnormality is present according to the report?,833,False
Is the heart size normal?,833,False
What are the key findings in this chest X-ray report?,834,False
What abnormality is present according to the report?,834,False
What are the key findings in this chest X-ray report?,835,False
What abnormality is present according to the report?,835,False
What are the key findings in this chest X-ray report?,836,False
What abnormality is present according to the report?,836,False
What are the key findings in this chest X-ray report?,837,False
What abnormality is present according to the report?,837,False
What are the key findings in this chest X-ray report?,838,False
What abnormality is present according to the report?,838,False
What are the key findings in this chest X-ray report?,839,False
What abnormality is present according to the report?,839,False
Is the heart size normal?,839,False
What are the key findings in this chest X-ray report?,840,False
What abnormality is present according to the report?,840,False
Is there any pneumothorax?,840,False
Is there any atelectasis?,840,False
What are the key findings in this chest X-ray report?,841,False
What abnormality is present according to the report?,841,False
What are the key findings in this chest X-ray report?,842,False
What abnormality is present according to the report?,842,False
Is the heart size normal?,842,False
What are the key findings in this chest X-ray report?,843,False
What abnormality is present according to the report?,843,False
What are the key findings in this chest X-ray report?,844,False
What abnormality is present according to the report?,844,False
Is the heart size normal?,844,False
What are the key findings in this chest X-ray report?,845,False
What abnormality is present according to the report?,845,False
Is there any atelectasis?,845,True
What are the key findings in this chest X-ray report?,846,False
What abnormality is present according to the report?,846,False
What are the key findings in this chest X-ray report?,847,False
What abnormality is present according to the report?,847,False
Is there any cardiomegaly?,847,False
What are the key findings in this chest X-ray report?,849,False
What abnormality is present according to the report?,849,False
What are the key findings in this chest X-ray report?,850,False
What abnormality is present according to the report?,850,False
Is the heart size normal?,850,False
What are the key findings in this chest X-ray report?,851,False
What abnormality is present according to the report?,851,False
Is there any atelectasis?,851,False
What are the key findings in this chest X-ray report?,853,False
What abnormality is present according to the report?,853,False
Is the heart size normal?,853,False
What are the key findings in this chest X-ray report?,854,False
What abnormality is present according to the report?,854,False
What are the key findings in this chest X-ray report?,855,False
What abnormality is present according to the report?,855,False
What are the key findings in this chest X-ray report?,856,False
What abnormality is present according to the report?,856,False
Is there any cardiomegaly?,856,False
Is there any opacity?,856,False
What are the key findings in this chest X-ray report?,857,False
What abnormality is present according to the report?,857,False
Is the heart size normal?,857,False
What are the key findings in this chest X-ray report?,858,False
What abnormality is present according to the report?,858,False
What are the key findings in this chest X-ray report?,859,False
What abnormality is present according to the report?,859,False
Is there any opacity?,859,False
Is there any atelectasis?,859,False
What are the key findings in this chest X-ray report?,860,False
What abnormality is present according to the report?,860,False
What are the key findings in this chest X-ray report?,861,False
What abnormality is present according to the report?,861,False
What are the key findings in this chest X-ray report?,862,False
What abnormality is present according to the report?,862,False
What are the key findings in this chest X-ray report?,863,False
What abnormality is present according to the report?,863,False
Is the heart size normal?,863,False
What are the key findings in this chest X-ray report?,864,False
What abnormality is present according to the report?,864,False
What are the key findings in this chest X-ray report?,865,False
What abnormality is present according to the report?,865,False
Is the heart size normal?,865,False
What are the key findings in this chest X-ray report?,866,False
What abnormality is present according to the report?,866,False
Is the heart size normal?,866,False
What are the key findings in this chest X-ray report?,867,False
What abnormality is present according to the report?,867,False
What are the key findings in this chest X-ray report?,868,False
What abnormality is present according to the report?,868,False
Is there any opacity?,868,False
What are the key findings in this chest X-ray report?,869,False
What abnormality is present according to the report?,869,False
Is the heart size normal?,869,False
What are the key findings in this chest X-ray report?,870,False
What abnormality is present according to the report?,870,False
What are the key findings in this chest X-ray report?,871,False
What abnormality is present according to the report?,871,False
Is the heart size normal?,871,False
What are the key findings in this chest X-ray report?,872,False
What abnormality is present according to the report?,872,False
What are the key findings in this chest X-ray report?,874,False
What abnormality is present according to the report?,874,False
What are the key findings in this chest X-ray report?,875,False
What abnormality is present according to the report?,875,False
What are the key findings in this chest X-ray report?,877,False
What abnormality is present according to the report?,877,False
What are the key findings in this chest X-ray report?,878,False
What abnormality is present according to the report?,878,False
What are the key findings in this chest X-ray report?,879,False
What abnormality is present according to the report?,879,False
Is the heart size normal?,879,False
What are the key findings in this chest X-ray report?,880,False
What abnormality is present according to the report?,880,False
What are the key findings in this chest X-ray report?,881,False
What abnormality is present according to the report?,881,False
Is the heart size normal?,881,False
What are the key findings in this chest X-ray report?,882,False
What abnormality is present according to the report?,882,False
Is the heart size normal?,882,False
What are the key findings in this chest X-ray report?,883,False
What abnormality is present according to the report?,883,False
Is the heart size normal?,883,False
What are the key findings in this chest X-ray report?,884,False
What abnormality is present according to the report?,884,False
What are the key findings in this chest X-ray report?,885,False
What abnormality is present according to the report?,885,False
What are the key findings in this chest X-ray report?,886,False
What abnormality is present according to the report?,886,False
Is the heart size normal?,886,False
What are the key findings in this chest X-ray report?,887,False
What abnormality is present according to the report?,887,False
Is the heart size normal?,887,False
What are the key findings in this chest X-ray report?,888,False
What abnormality is present according to the report?,888,False
Is the heart size normal?,888,False
What are the key findings in this chest X-ray report?,889,False
What abnormality is present according to the report?,889,False
Is the heart size normal?,889,False
What are the key findings in this chest X-ray report?,890,False
What abnormality is present according to the report?,890,False
What are the key findings in this chest X-ray report?,891,False
What abnormality is present according to the report?,891,False
Is the heart size normal?,891,False
What are the key findings in this chest X-ray report?,892,False
What abnormality is present according to the report?,892,False
What are the key findings in this chest X-ray report?,893,False
What abnormality is present according to the report?,893,False
Is the heart size normal?,893,False
What are the key findings in this chest X-ray report?,896,False
What abnormality is present according to the report?,896,False
Is the heart size normal?,896,False
What are the key findings in this chest X-ray report?,897,False
What abnormality is present according to the report?,897,False
Is there any opacity?,897,False
What are the key findings in this chest X-ray report?,899,False
What abnormality is present according to the report?,899,False
Is the heart size normal?,899,False
What are the key findings in this chest X-ray report?,900,False
What abnormality is present according to the report?,900,False
What are the key findings in this chest X-ray report?,901,False
What abnormality is present according to the report?,901,False
Is there any cardiomegaly?,901,False
What are the key findings in this chest X-ray report?,902,False
What abnormality is present according to the report?,902,False
What are the key findings in this chest X-ray report?,903,False
What abnormality is present according to the report?,903,False
What are the key findings in this chest X-ray report?,904,False
What abnormality is present according to the report?,904,False
What are the key findings in this chest X-ray report?,905,False
What abnormality is present according to the report?,905,False
Is the heart size normal?,905,False
What are the key findings in this chest X-ray report?,906,False
What abnormality is present according to the report?,906,False
Is there any cardiomegaly?,906,False
What are the key findings in this chest X-ray report?,907,False
What abnormality is present according to the report?,907,False
What are the key findings in this chest X-ray report?,908,False
What abnormality is present according to the report?,908,False
What are the key findings in this chest X-ray report?,909,False
What abnormality is present according to the report?,909,False
Is the heart size normal?,909,False
What are the key findings in this chest X-ray report?,910,False
What abnormality is present according to the report?,910,False
Is there any cardiomegaly?,910,False
What are the key findings in this chest X-ray report?,911,False
What abnormality is present according to the report?,911,False
Is the heart size normal?,911,False
What are the key findings in this chest X-ray report?,912,False
What abnormality is present according to the report?,912,False
Is the heart size normal?,912,False
What are the key findings in this chest X-ray report?,913,False
What abnormality is present according to the report?,913,False
Is the heart size normal?,913,False
What are the key findings in this chest X-ray report?,914,False
What abnormality is present according to the report?,914,False
What are the key findings in this chest X-ray report?,915,False
What abnormality is present according to the report?,915,False
What are the key findings in this chest X-ray report?,916,False
What abnormality is present according to the report?,916,False
What are the key findings in this chest X-ray report?,917,False
What abnormality is present according to the report?,917,False
What are the key findings in this chest X-ray report?,918,False
What abnormality is present according to the report?,918,False
Is the heart size normal?,918,False
What are the key findings in this chest X-ray report?,919,False
What abnormality is present according to the report?,919,False
What are the key findings in this chest X-ray report?,920,False
What abnormality is present according to the report?,920,False
Is the heart size normal?,920,False
What are the key findings in this chest X-ray report?,921,False
What abnormality is present according to the report?,921,False
Is the heart size normal?,921,False
What are the key findings in this chest X-ray report?,922,False
What abnormality is present according to the report?,922,False
Is there any cardiomegaly?,922,False
What are the key findings in this chest X-ray report?,923,False
What abnormality is present according to the report?,923,False
What are the key findings in this chest X-ray report?,925,False
What abnormality is present according to the report?,925,False
Is there any cardiomegaly?,925,False
Is there any edema?,925,False
What are the key findings in this chest X-ray report?,926,False
What abnormality is present according to the report?,926,False
Is the heart size normal?,926,False
What are the key findings in this chest X-ray report?,927,False
What abnormality is present according to the report?,927,False
What are the key findings in this chest X-ray report?,928,False
What abnormality is present according to the report?,928,False
Is the heart size normal?,928,False
What are the key findings in this chest X-ray report?,929,False
What abnormality is present according to the report?,929,False
Is there any opacity?,929,False
Is there any atelectasis?,929,False
What are the key findings in this chest X-ray report?,930,False
What abnormality is present according to the report?,930,False
What are the key findings in this chest X-ray report?,931,False
What abnormality is present according to the report?,931,False
Is the heart size normal?,931,False
What are the key findings in this chest X-ray report?,932,False
What abnormality is present according to the report?,932,False
Is the heart size normal?,932,False
What are the key findings in this chest X-ray report?,933,False
What abnormality is present according to the report?,933,False
What are the key findings in this chest X-ray report?,934,False
What abnormality is present according to the report?,934,False
Is there any opacity?,934,False
Is there any edema?,934,False
What are the key findings in this chest X-ray report?,935,False
What abnormality is present according to the report?,935,False
Is the heart size normal?,935,False
What are the key findings in this chest X-ray report?,936,False
What abnormality is present according to the report?,936,False
Is the heart size normal?,936,False
What are the key findings in this chest X-ray report?,937,False
What abnormality is present according to the report?,937,False
Is the heart size normal?,937,False
What are the key findings in this chest X-ray report?,938,False
What abnormality is present according to the report?,938,False
What are the key findings in this chest X-ray report?,939,False
What abnormality is present according to the report?,939,False
Is the heart size normal?,939,False
What are the key findings in this chest X-ray report?,940,False
What abnormality is present according to the report?,940,False
Is the heart size normal?,940,False
What are the key findings in this chest X-ray report?,941,False
What abnormality is present according to the report?,941,False
Is the heart size normal?,941,False
What are the key findings in this chest X-ray report?,942,False
What abnormality is present according to the report?,942,False
What are the key findings in this chest X-ray report?,943,False
What abnormality is present according to the report?,943,False
Is the heart size normal?,943,False
What are the key findings in this chest X-ray report?,944,False
What abnormality is present according to the report?,944,False
What are the key findings in this chest X-ray report?,945,False
What abnormality is present according to the report?,945,False
Is there any opacity?,945,False
Is there any atelectasis?,945,False
What are the key findings in this chest X-ray report?,946,False
What abnormality is present according to the report?,946,False
Is the heart size normal?,946,False
What are the key findings in this chest X-ray report?,947,False
What abnormality is present according to the report?,947,False
Is the heart size normal?,947,False
What are the key findings in this chest X-ray report?,948,False
What abnormality is present according to the report?,948,False
Is there any cardiomegaly?,948,False
What are the key findings in this chest X-ray report?,949,False
What abnormality is present according to the report?,949,False
What are the key findings in this chest X-ray report?,950,False
What abnormality is present according to the report?,950,False
Is the heart size normal?,950,False
What are the key findings in this chest X-ray report?,951,False
What abnormality is present according to the report?,951,False
Is the heart size normal?,951,False
What are the key findings in this chest X-ray report?,952,False
What abnormality is present according to the report?,952,False
Is there any opacity?,952,False
Is there any atelectasis?,952,False
What are the key findings in this chest X-ray report?,953,False
What abnormality is present according to the report?,953,False
Is there any cardiomegaly?,953,False
What are the key findings in this chest X-ray report?,954,False
What abnormality is present according to the report?,954,False
What are the key findings in this chest X-ray report?,955,False
What abnormality is present according to the report?,955,False
What are the key findings in this chest X-ray report?,956,False
What abnormality is present according to the report?,956,False
Is there any cardiomegaly?,956,False
What are the key findings in this chest X-ray report?,957,False
What abnormality is present according to the report?,957,False
What are the key findings in this chest X-ray report?,958,False
What abnormality is present according to the report?,958,False
Is the heart size normal?,958,False
What are the key findings in this chest X-ray report?,959,False
What abnormality is present according to the report?,959,False
What are the key findings in this chest X-ray report?,960,False
What abnormality is present according to the report?,960,False
What are the key findings in this chest X-ray report?,961,False
What abnormality is present according to the report?,961,False
Is there any opacity?,961,False
What are the key findings in this chest X-ray report?,962,False
What abnormality is present according to the report?,962,False
Is the heart size normal?,962,False
What are the key findings in this chest X-ray report?,963,False
What abnormality is present according to the report?,963,False
What are the key findings in this chest X-ray report?,964,False
What abnormality is present according to the report?,964,False
Is the heart size normal?,964,False
What are the key findings in this chest X-ray report?,965,False
What abnormality is present according to the report?,965,False
Is the heart size normal?,965,False
What are the key findings in this chest X-ray report?,966,False
What abnormality is present according to the report?,966,False
Is there any atelectasis?,966,False
What are the key findings in this chest X-ray report?,967,False
What abnormality is present according to the report?,967,False
Is the heart size normal?,967,False
What are the key findings in this chest X-ray report?,968,False
What abnormality is present according to the report?,968,False
Is the heart size normal?,968,False
What are the key findings in this chest X-ray report?,969,False
What abnormality is present according to the report?,969,False
What are the key findings in this chest X-ray report?,970,False
What abnormality is present according to the report?,970,False
Is the heart size normal?,970,False
What are the key findings in this chest X-ray report?,971,False
What abnormality is present according to the report?,971,False
Is the heart size normal?,971,False
What are the key findings in this chest X-ray report?,972,False
What abnormality is present according to the report?,972,False
Is there any opacity?,972,False
Is there any atelectasis?,972,False
What are the key findings in this chest X-ray report?,973,False
What abnormality is present according to the report?,973,False
What are the key findings in this chest X-ray report?,974,False
What abnormality is present according to the report?,974,False
What are the key findings in this chest X-ray report?,975,False
What abnormality is present according to the report?,975,False
What are the key findings in this chest X-ray report?,976,False
What abnormality is present according to the report?,976,False
What are the key findings in this chest X-ray report?,977,False
What abnormality is present according to the report?,977,False
Is the heart size normal?,977,False
What are the key findings in this chest X-ray report?,978,False
What abnormality is present according to the report?,978,False
Is there any cardiomegaly?,978,False
Is there any effusion?,978,False
What are the key findings in this chest X-ray report?,979,False
What abnormality is present according to the report?,979,False
What are the key findings in this chest X-ray report?,980,False
What abnormality is present according to the report?,980,False
Is the heart size normal?,980,False
What are the key findings in this chest X-ray report?,981,False
What abnormality is present according to the report?,981,False
Is there any cardiomegaly?,981,False
What are the key findings in this chest X-ray report?,982,False
What abnormality is present according to the report?,982,False
Is the heart size normal?,982,False
What are the key findings in this chest X-ray report?,983,False
What abnormality is present according to the report?,983,False
Is there any opacity?,983,False
What are the key findings in this chest X-ray report?,984,False
What abnormality is present according to the report?,984,False
Is there any opacity?,984,False
Is there any atelectasis?,984,False
What are the key findings in this chest X-ray report?,985,False
What abnormality is present according to the report?,985,False
Is the heart size normal?,985,False
What are the key findings in this chest X-ray report?,986,False
What abnormality is present according to the report?,986,False
Is the heart size normal?,986,False
What are the key findings in this chest X-ray report?,987,False
What abnormality is present according to the report?,987,False
What are the key findings in this chest X-ray report?,988,False
What abnormality is present according to the report?,988,False
Is the heart size normal?,988,False
What are the key findings in this chest X-ray report?,989,False
What abnormality is present according to the report?,989,False
What are the key findings in this chest X-ray report?,990,False
What abnormality is present according to the report?,990,False
Is the heart size normal?,990,False
What are the key findings in this chest X-ray report?,991,False
What abnormality is present according to the report?,991,False
Is there any opacity?,991,False
What are the key findings in this chest X-ray report?,992,False
What abnormality is present according to the report?,992,False
What are the key findings in this chest X-ray report?,993,False
What abnormality is present according to the report?,993,False
Is the heart size normal?,993,False
What are the key findings in this chest X-ray report?,994,False
What abnormality is present according to the report?,994,False
Is the heart size normal?,994,False
What are the key findings in this chest X-ray report?,995,False
What abnormality is present according to the report?,995,False
What are the key findings in this chest X-ray report?,996,False
What abnormality is present according to the report?,996,False
Is the heart size normal?,996,False
What are the key findings in this chest X-ray report?,997,False
What abnormality is present according to the report?,997,False
What are the key findings in this chest X-ray report?,998,False
What abnormality is present according to the report?,998,False
What are the key findings in this chest X-ray report?,999,False
What abnormality is present according to the report?,999,False
Is the heart size normal?,999,False
What are the key findings in this chest X-ray report?,1000,False
What abnormality is present according to the report?,1000,False
Is there any opacity?,1000,False
Is there any atelectasis?,1000,False
What are the key findings in this chest X-ray report?,1001,False
What abnormality is present according to the report?,1001,False
What are the key findings in this chest X-ray report?,1002,False
What abnormality is present according to the report?,1002,False
What are the key findings in this chest X-ray report?,1003,False
What abnormality is present according to the report?,1003,False
Is there any opacity?,1003,False
What are the key findings in this chest X-ray report?,1004,False
What abnormality is present according to the report?,1004,False
What are the key findings in this chest X-ray report?,1005,False
What abnormality is present according to the report?,1005,False
Is the heart size normal?,1005,False
What are the key findings in this chest X-ray report?,1006,False
What abnormality is present according to the report?,1006,False
Is the heart size normal?,1006,False
What are the key findings in this chest X-ray report?,1007,False
What abnormality is present according to the report?,1007,False
What are the key findings in this chest X-ray report?,1008,False
What abnormality is present according to the report?,1008,False
Is the heart size normal?,1008,False
What are the key findings in this chest X-ray report?,1009,False
What abnormality is present according to the report?,1009,False
Is the heart size normal?,1009,False
What are the key findings in this chest X-ray report?,1010,False
What abnormality is present according to the report?,1010,False
Is the heart size normal?,1010,False
What are the key findings in this chest X-ray report?,1011,False
What abnormality is present according to the report?,1011,False
Is the heart size normal?,1011,False
What are the key findings in this chest X-ray report?,1012,False
What abnormality is present according to the report?,1012,False
Is there any effusion?,1012,False
What are the key findings in this chest X-ray report?,1013,False
What abnormality is present according to the report?,1013,False
Is there any cardiomegaly?,1013,False
What are the key findings in this chest X-ray report?,1014,False
What abnormality is present according to the report?,1014,False
Is there any cardiomegaly?,1014,False
What are the key findings in this chest X-ray report?,1015,False
What abnormality is present according to the report?,1015,False
Is there any opacity?,1015,False
What are the key findings in this chest X-ray report?,1016,False
What abnormality is present according to the report?,1016,False
Is there any effusion?,1016,False
Is there any opacity?,1016,False
Is there any atelectasis?,1016,False
What are the key findings in this chest X-ray report?,1017,False
What abnormality is present according to the report?,1017,False
Is there any atelectasis?,1017,False
What are the key findings in this chest X-ray report?,1018,False
What abnormality is present according to the report?,1018,False
What are the key findings in this chest X-ray report?,1019,False
What abnormality is present according to the report?,1019,False
What are the key findings in this chest X-ray report?,1020,False
What abnormality is present according to the report?,1020,False
What are the key findings in this chest X-ray report?,1021,False
What abnormality is present according to the report?,1021,False
Is there any pneumothorax?,1021,False
Is there any atelectasis?,1021,False
What are the key findings in this chest X-ray report?,1022,False
What abnormality is present according to the report?,1022,False
What are the key findings in this chest X-ray report?,1023,False
What abnormality is present according to the report?,1023,False
What are the key findings in this chest X-ray report?,1024,False
What abnormality is present according to the report?,1024,False
Is the heart size normal?,1024,False
What are the key findings in this chest X-ray report?,1025,False
What abnormality is present according to the report?,1025,False
What are the key findings in this chest X-ray report?,1026,False
What abnormality is present according to the report?,1026,False
Is the heart size normal?,1026,False
What are the key findings in this chest X-ray report?,1027,False
What abnormality is present according to the report?,1027,False
What are the key findings in this chest X-ray report?,1028,False
What abnormality is present according to the report?,1028,False
Is the heart size normal?,1028,False
What are the key findings in this chest X-ray report?,1029,False
What abnormality is present according to the report?,1029,False
What are the key findings in this chest X-ray report?,1030,False
What abnormality is present according to the report?,1030,False
What are the key findings in this chest X-ray report?,1031,False
What abnormality is present according to the report?,1031,False
Is there any cardiomegaly?,1031,False
What are the key findings in this chest X-ray report?,1032,False
What abnormality is present according to the report?,1032,False
What are the key findings in this chest X-ray report?,1033,False
What abnormality is present according to the report?,1033,False
Is there any atelectasis?,1033,False
What are the key findings in this chest X-ray report?,1034,False
What abnormality is present according to the report?,1034,False
What are the key findings in this chest X-ray report?,1035,False
What abnormality is present according to the report?,1035,False
Is there any opacity?,1035,False
What are the key findings in this chest X-ray report?,1036,False
What abnormality is present according to the report?,1036,False
What are the key findings in this chest X-ray report?,1037,False
What abnormality is present according to the report?,1037,False
What are the key findings in this chest X-ray report?,1038,False
What abnormality is present according to the report?,1038,False
Is the heart size normal?,1038,False
What are the key findings in this chest X-ray report?,1039,False
What abnormality is present according to the report?,1039,False
Is the heart size normal?,1039,False
What are the key findings in this chest X-ray report?,1040,False
What abnormality is present according to the report?,1040,False
What are the key findings in this chest X-ray report?,1041,False
What abnormality is present according to the report?,1041,False
What are the key findings in this chest X-ray report?,1042,False
What abnormality is present according to the report?,1042,False
Is the heart size normal?,1042,False
What are the key findings in this chest X-ray report?,1043,False
What abnormality is present according to the report?,1043,False
Is there any effusion?,1043,False
Is there any atelectasis?,1043,False
What are the key findings in this chest X-ray report?,1044,False
What abnormality is present according to the report?,1044,False
What are the key findings in this chest X-ray report?,1045,False
What abnormality is present according to the report?,1045,False
What are the key findings in this chest X-ray report?,1046,False
What abnormality is present according to the report?,1046,False
Is the heart size normal?,1046,False
What are the key findings in this chest X-ray report?,1047,False
What abnormality is present according to the report?,1047,False
Is the heart size normal?,1047,False
What are the key findings in this chest X-ray report?,1048,False
What abnormality is present according to the report?,1048,False
What are the key findings in this chest X-ray report?,1049,False
What abnormality is present according to the report?,1049,False
Is the heart size normal?,1049,False
What are the key findings in this chest X-ray report?,1050,False
What abnormality is present according to the report?,1050,False
What are the key findings in this chest X-ray report?,1051,False
What abnormality is present according to the report?,1051,False
Is the heart size normal?,1051,False
What are the key findings in this chest X-ray report?,1052,False
What abnormality is present according to the report?,1052,False
Is the heart size normal?,1052,False
What are the key findings in this chest X-ray report?,1053,False
What abnormality is present according to the report?,1053,False
Is there any cardiomegaly?,1053,False
Is there any atelectasis?,1053,False
What are the key findings in this chest X-ray report?,1054,False
What abnormality is present according to the report?,1054,False
What are the key findings in this chest X-ray report?,1055,False
What abnormality is present according to the report?,1055,False
Is the heart size normal?,1055,False
What are the key findings in this chest X-ray report?,1056,False
What abnormality is present according to the report?,1056,False
What are the key findings in this chest X-ray report?,1057,False
What abnormality is present according to the report?,1057,False
Is the heart size normal?,1057,False
What are the key findings in this chest X-ray report?,1058,False
What abnormality is present according to the report?,1058,False
What are the key findings in this chest X-ray report?,1059,False
What abnormality is present according to the report?,1059,False
Is there any opacity?,1059,False
What are the key findings in this chest X-ray report?,1060,False
What abnormality is present according to the report?,1060,False
What are the key findings in this chest X-ray report?,1061,False
What abnormality is present according to the report?,1061,False
What are the key findings in this chest X-ray report?,1062,False
What abnormality is present according to the report?,1062,False
What are the key findings in this chest X-ray report?,1063,False
What abnormality is present according to the report?,1063,False
Is there any opacity?,1063,False
Is there any atelectasis?,1063,False
What are the key findings in this chest X-ray report?,1064,False
What abnormality is present according to the report?,1064,False
Is there any opacity?,1064,False
Is there any atelectasis?,1064,False
What are the key findings in this chest X-ray report?,1065,False
What abnormality is present according to the report?,1065,False
What are the key findings in this chest X-ray report?,1066,False
What abnormality is present according to the report?,1066,False
Is the heart size normal?,1066,False
What are the key findings in this chest X-ray report?,1067,False
What abnormality is present according to the report?,1067,False
Is the heart size normal?,1067,False
What are the key findings in this chest X-ray report?,1069,False
What abnormality is present according to the report?,1069,False
What are the key findings in this chest X-ray report?,1070,False
What abnormality is present according to the report?,1070,False
What are the key findings in this chest X-ray report?,1071,False
What abnormality is present according to the report?,1071,False
What are the key findings in this chest X-ray report?,1072,False
What abnormality is present according to the report?,1072,False
What are the key findings in this chest X-ray report?,1073,False
What abnormality is present according to the report?,1073,False
What are the key findings in this chest X-ray report?,1074,False
What abnormality is present according to the report?,1074,False
What are the key findings in this chest X-ray report?,1075,False
What abnormality is present according to the report?,1075,False
Is there any opacity?,1075,False
Is there any atelectasis?,1075,False
What are the key findings in this chest X-ray report?,1076,False
What abnormality is present according to the report?,1076,False
Is there any cardiomegaly?,1076,False
Is there any opacity?,1076,False
What are the key findings in this chest X-ray report?,1077,False
What abnormality is present according to the report?,1077,False
What are the key findings in this chest X-ray report?,1078,False
What abnormality is present according to the report?,1078,False
Is the heart size normal?,1078,False
What are the key findings in this chest X-ray report?,1079,False
What abnormality is present according to the report?,1079,False
Is there any atelectasis?,1079,False
What are the key findings in this chest X-ray report?,1081,False
What abnormality is present according to the report?,1081,False
What are the key findings in this chest X-ray report?,1082,False
What abnormality is present according to the report?,1082,False
Is there any cardiomegaly?,1082,False
What are the key findings in this chest X-ray report?,1083,False
What abnormality is present according to the report?,1083,False
Is the heart size normal?,1083,False
What are the key findings in this chest X-ray report?,1084,False
What abnormality is present according to the report?,1084,False
Is the heart size normal?,1084,False
What are the key findings in this chest X-ray report?,1085,False
What abnormality is present according to the report?,1085,False
Is there any opacity?,1085,False
Is there any atelectasis?,1085,False
What are the key findings in this chest X-ray report?,1086,False
What abnormality is present according to the report?,1086,False
What are the key findings in this chest X-ray report?,1087,False
What abnormality is present according to the report?,1087,False
What are the key findings in this chest X-ray report?,1088,False
What abnormality is present according to the report?,1088,False
Is there any opacity?,1088,False
Is there any atelectasis?,1088,False
What are the key findings in this chest X-ray report?,1089,False
What abnormality is present according to the report?,1089,False
What are the key findings in this chest X-ray report?,1090,False
What abnormality is present according to the report?,1090,False
Is the heart size normal?,1090,False
What are the key findings in this chest X-ray report?,1091,False
What abnormality is present according to the report?,1091,False
Is the heart size normal?,1091,False
What are the key findings in this chest X-ray report?,1092,False
What abnormality is present according to the report?,1092,False
What are the key findings in this chest X-ray report?,1093,False
What abnormality is present according to the report?,1093,False
Is the heart size normal?,1093,False
What are the key findings in this chest X-ray report?,1094,False
What abnormality is present according to the report?,1094,False
Is there any atelectasis?,1094,False
What are the key findings in this chest X-ray report?,1095,False
What abnormality is present according to the report?,1095,False
What are the key findings in this chest X-ray report?,1096,False
What abnormality is present according to the report?,1096,False
Is the heart size normal?,1096,False
What are the key findings in this chest X-ray report?,1097,False
What abnormality is present according to the report?,1097,False
What are the key findings in this chest X-ray report?,1098,False
What abnormality is present according to the report?,1098,False
What are the key findings in this chest X-ray report?,1099,False
What abnormality is present according to the report?,1099,False
Is the heart size normal?,1099,False
What are the key findings in this chest X-ray report?,1100,False
What abnormality is present according to the report?,1100,False
Is there any cardiomegaly?,1100,False
Is there any effusion?,1100,False
Is there any edema?,1100,False
What are the key findings in this chest X-ray report?,1101,False
What abnormality is present according to the report?,1101,False
What are the key findings in this chest X-ray report?,1102,False
What abnormality is present according to the report?,1102,False
Is there any cardiomegaly?,1102,False
Is there any effusion?,1102,False
Is there any edema?,1102,False
What are the key findings in this chest X-ray report?,1103,False
What abnormality is present according to the report?,1103,False
What are the key findings in this chest X-ray report?,1104,False
What abnormality is present according to the report?,1104,False
What are the key findings in this chest X-ray report?,1105,False
What abnormality is present according to the report?,1105,False
Is there any cardiomegaly?,1105,False
Is there any atelectasis?,1105,False
What are the key findings in this chest X-ray report?,1106,False
What abnormality is present according to the report?,1106,False
What are the key findings in this chest X-ray report?,1107,False
What abnormality is present according to the report?,1107,False
Is there any opacity?,1107,False
What are the key findings in this chest X-ray report?,1108,False
What abnormality is present according to the report?,1108,False
What are the key findings in this chest X-ray report?,1109,False
What abnormality is present according to the report?,1109,False
Is the heart size normal?,1109,False
What are the key findings in this chest X-ray report?,1110,False
What abnormality is present according to the report?,1110,False
What are the key findings in this chest X-ray report?,1111,False
What abnormality is present according to the report?,1111,False
Is there any cardiomegaly?,1111,False
What are the key findings in this chest X-ray report?,1112,False
What abnormality is present according to the report?,1112,False
Is there any cardiomegaly?,1112,False
What are the key findings in this chest X-ray report?,1113,False
What abnormality is present according to the report?,1113,False
What are the key findings in this chest X-ray report?,1114,False
What abnormality is present according to the report?,1114,False
Is the heart size normal?,1114,False
What are the key findings in this chest X-ray report?,1115,False
What abnormality is present according to the report?,1115,False
Is the heart size normal?,1115,False
What are the key findings in this chest X-ray report?,1116,False
What abnormality is present according to the report?,1116,False
What are the key findings in this chest X-ray report?,1117,False
What abnormality is present according to the report?,1117,False
Is there any opacity?,1117,False
What are the key findings in this chest X-ray report?,1118,False
What abnormality is present according to the report?,1118,False
Is the heart size normal?,1118,False
What are the key findings in this chest X-ray report?,1119,False
What abnormality is present according to the report?,1119,False
What are the key findings in this chest X-ray report?,1120,False
What abnormality is present according to the report?,1120,False
What are the key findings in this chest X-ray report?,1121,False
What abnormality is present according to the report?,1121,False
What are the key findings in this chest X-ray report?,1122,False
What abnormality is present according to the report?,1122,False
Is the heart size normal?,1122,False
What are the key findings in this chest X-ray report?,1123,False
What abnormality is present according to the report?,1123,False
Is there any opacity?,1123,False
What are the key findings in this chest X-ray report?,1124,False
What abnormality is present according to the report?,1124,False
What are the key findings in this chest X-ray report?,1125,False
What abnormality is present according to the report?,1125,False
Is there any cardiomegaly?,1125,False
Is there any opacity?,1125,False
What are the key findings in this chest X-ray report?,1126,False
What abnormality is present according to the report?,1126,False
Is there any atelectasis?,1126,False
What are the key findings in this chest X-ray report?,1128,False
What abnormality is present according to the report?,1128,False
Is there any effusion?,1128,False
What are the key findings in this chest X-ray report?,1129,False
What abnormality is present according to the report?,1129,False
Is there any cardiomegaly?,1129,False
Is there any opacity?,1129,False
What are the key findings in this chest X-ray report?,1130,False
What abnormality is present according to the report?,1130,False
Is there any opacity?,1130,False
What are the key findings in this chest X-ray report?,1131,False
What abnormality is present according to the report?,1131,False
What are the key findings in this chest X-ray report?,1133,False
What abnormality is present according to the report?,1133,False
What are the key findings in this chest X-ray report?,1134,False
What abnormality is present according to the report?,1134,False
What are the key findings in this chest X-ray report?,1135,False
What abnormality is present according to the report?,1135,False
What are the key findings in this chest X-ray report?,1136,False
What abnormality is present according to the report?,1136,False
Is the heart size normal?,1136,False
What are the key findings in this chest X-ray report?,1138,False
What abnormality is present according to the report?,1138,False
Is the heart size normal?,1138,False
What are the key findings in this chest X-ray report?,1139,False
What abnormality is present according to the report?,1139,False
Is there any cardiomegaly?,1139,False
Is there any opacity?,1139,False
Is there any edema?,1139,False
What are the key findings in this chest X-ray report?,1140,False
What abnormality is present according to the report?,1140,False
What are the key findings in this chest X-ray report?,1141,False
What abnormality is present according to the report?,1141,False
Is the heart size normal?,1141,False
What are the key findings in this chest X-ray report?,1143,False
What abnormality is present according to the report?,1143,False
What are the key findings in this chest X-ray report?,1144,False
What abnormality is present according to the report?,1144,False
Is the heart size normal?,1144,False
What are the key findings in this chest X-ray report?,1145,False
What abnormality is present according to the report?,1145,False
What are the key findings in this chest X-ray report?,1146,False
What abnormality is present according to the report?,1146,False
What are the key findings in this chest X-ray report?,1148,False
What abnormality is present according to the report?,1148,False
Is the heart size normal?,1148,False
What are the key findings in this chest X-ray report?,1149,False
What abnormality is present according to the report?,1149,False
What are the key findings in this chest X-ray report?,1150,False
What abnormality is present according to the report?,1150,False
What are the key findings in this chest X-ray report?,1151,False
What abnormality is present according to the report?,1151,False
Is the heart size normal?,1151,False
What are the key findings in this chest X-ray report?,1152,False
What abnormality is present according to the report?,1152,False
Is there any cardiomegaly?,1152,False
What are the key findings in this chest X-ray report?,1153,False
What abnormality is present according to the report?,1153,False
Is the heart size normal?,1153,False
What are the key findings in this chest X-ray report?,1154,False
What abnormality is present according to the report?,1154,False
What are the key findings in this chest X-ray report?,1155,False
What abnormality is present according to the report?,1155,False
What are the key findings in this chest X-ray report?,1156,False
What abnormality is present according to the report?,1156,False
Is the heart size normal?,1156,False
What are the key findings in this chest X-ray report?,1157,False
What abnormality is present according to the report?,1157,False
Is there any opacity?,1157,False
What are the key findings in this chest X-ray report?,1158,False
What abnormality is present according to the report?,1158,False
Is there any cardiomegaly?,1158,False
What are the key findings in this chest X-ray report?,1159,False
What abnormality is present according to the report?,1159,False
Is the heart size normal?,1159,False
What are the key findings in this chest X-ray report?,1160,False
What abnormality is present according to the report?,1160,False
Is there any atelectasis?,1160,False
What are the key findings in this chest X-ray report?,1161,False
What abnormality is present according to the report?,1161,False
Is the heart size normal?,1161,False
What are the key findings in this chest X-ray report?,1162,False
What abnormality is present according to the report?,1162,False
Is the heart size normal?,1162,False
What are the key findings in this chest X-ray report?,1163,False
What abnormality is present according to the report?,1163,False
Is the heart size normal?,1163,False
What are the key findings in this chest X-ray report?,1164,False
What abnormality is present according to the report?,1164,False
Is there any cardiomegaly?,1164,False
What are the key findings in this chest X-ray report?,1165,False
What abnormality is present according to the report?,1165,False
Is the heart size normal?,1165,False
What are the key findings in this chest X-ray report?,1166,False
What abnormality is present according to the report?,1166,False
Is there any opacity?,1166,False
Is there any atelectasis?,1166,False
What are the key findings in this chest X-ray report?,1167,False
What abnormality is present according to the report?,1167,False
Is there any opacity?,1167,False
Is there any atelectasis?,1167,False
What are the key findings in this chest X-ray report?,1168,False
What abnormality is present according to the report?,1168,False
Is the heart size normal?,1168,False
What are the key findings in this chest X-ray report?,1169,False
What abnormality is present according to the report?,1169,False
Is there any opacity?,1169,False
Is there any atelectasis?,1169,False
What are the key findings in this chest X-ray report?,1170,False
What abnormality is present according to the report?,1170,False
Is there any cardiomegaly?,1170,False
What are the key findings in this chest X-ray report?,1171,False
What abnormality is present according to the report?,1171,False
What are the key findings in this chest X-ray report?,1172,False
What abnormality is present according to the report?,1172,False
Is the heart size normal?,1172,False
What are the key findings in this chest X-ray report?,1173,False
What abnormality is present according to the report?,1173,False
What are the key findings in this chest X-ray report?,1174,False
What abnormality is present according to the report?,1174,False
Is there any opacity?,1174,False
What are the key findings in this chest X-ray report?,1175,False
What abnormality is present according to the report?,1175,False
Is the heart size normal?,1175,False
What are the key findings in this chest X-ray report?,1176,False
What abnormality is present according to the report?,1176,False
Is the heart size normal?,1176,False
What are the key findings in this chest X-ray report?,1177,False
What abnormality is present according to the report?,1177,False
What are the key findings in this chest X-ray report?,1178,False
What abnormality is present according to the report?,1178,False
Is the heart size normal?,1178,False
What are the key findings in this chest X-ray report?,1179,False
What abnormality is present according to the report?,1179,False
Is there any opacity?,1179,False
What are the key findings in this chest X-ray report?,1180,False
What abnormality is present according to the report?,1180,False
What are the key findings in this chest X-ray report?,1182,False
What abnormality is present according to the report?,1182,False
Is the heart size normal?,1182,False
What are the key findings in this chest X-ray report?,1183,False
What abnormality is present according to the report?,1183,False
Is the heart size normal?,1183,False
What are the key findings in this chest X-ray report?,1184,False
What abnormality is present according to the report?,1184,False
Is there any atelectasis?,1184,False
What are the key findings in this chest X-ray report?,1187,False
What abnormality is present according to the report?,1187,False
Is there any opacity?,1187,False
What are the key findings in this chest X-ray report?,1188,False
What abnormality is present according to the report?,1188,False
Is the heart size normal?,1188,False
What are the key findings in this chest X-ray report?,1189,False
What abnormality is present according to the report?,1189,False
What are the key findings in this chest X-ray report?,1190,False
What abnormality is present according to the report?,1190,False
Is the heart size normal?,1190,False
What are the key findings in this chest X-ray report?,1191,False
What abnormality is present according to the report?,1191,False
Is the heart size normal?,1191,False
What are the key findings in this chest X-ray report?,1192,False
What abnormality is present according to the report?,1192,False
Is the heart size normal?,1192,False
What are the key findings in this chest X-ray report?,1193,False
What abnormality is present according to the report?,1193,False
What are the key findings in this chest X-ray report?,1194,False
What abnormality is present according to the report?,1194,False
What are the key findings in this chest X-ray report?,1195,False
What abnormality is present according to the report?,1195,False
What are the key findings in this chest X-ray report?,1196,False
What abnormality is present according to the report?,1196,False
What are the key findings in this chest X-ray report?,1197,False
What abnormality is present according to the report?,1197,False
What are the key findings in this chest X-ray report?,1198,False
What abnormality is present according to the report?,1198,False
What are the key findings in this chest X-ray report?,1199,False
What abnormality is present according to the report?,1199,False
Is the heart size normal?,1199,False
What are the key findings in this chest X-ray report?,1200,False
What abnormality is present according to the report?,1200,False
Is there any opacity?,1200,False
What are the key findings in this chest X-ray report?,1202,False
What abnormality is present according to the report?,1202,False
Is there any cardiomegaly?,1202,False
What are the key findings in this chest X-ray report?,1203,False
What abnormality is present according to the report?,1203,False
Is there any opacity?,1203,False
What are the key findings in this chest X-ray report?,1204,False
What abnormality is present according to the report?,1204,False
Is there any cardiomegaly?,1204,False
What are the key findings in this chest X-ray report?,1205,False
What abnormality is present according to the report?,1205,False
Is the heart size normal?,1205,False
What are the key findings in this chest X-ray report?,1206,False
What abnormality is present according to the report?,1206,False
Is the heart size normal?,1206,False
What are the key findings in this chest X-ray report?,1207,False
What abnormality is present according to the report?,1207,False
Is the heart size normal?,1207,False
What are the key findings in this chest X-ray report?,1208,False
What abnormality is present according to the report?,1208,False
What are the key findings in this chest X-ray report?,1209,False
What abnormality is present according to the report?,1209,False
Is the heart size normal?,1209,False
What are the key findings in this chest X-ray report?,1210,False
What abnormality is present according to the report?,1210,False
What are the key findings in this chest X-ray report?,1211,False
What abnormality is present according to the report?,1211,False
Is the heart size normal?,1211,False
What are the key findings in this chest X-ray report?,1212,False
What abnormality is present according to the report?,1212,False
Is the heart size normal?,1212,False
What are the key findings in this chest X-ray report?,1213,False
What abnormality is present according to the report?,1213,False
What are the key findings in this chest X-ray report?,1214,False
What abnormality is present according to the report?,1214,False
Is there any atelectasis?,1214,False
What are the key findings in this chest X-ray report?,1216,False
What abnormality is present according to the report?,1216,False
Is the heart size normal?,1216,False
What are the key findings in this chest X-ray report?,1217,False
What abnormality is present according to the report?,1217,False
What are the key findings in this chest X-ray report?,1218,False
What abnormality is present according to the report?,1218,False
Is the heart size normal?,1218,False
What are the key findings in this chest X-ray report?,1219,False
What abnormality is present according to the report?,1219,False
Is the heart size normal?,1219,False
What are the key findings in this chest X-ray report?,1220,False
What abnormality is present according to the report?,1220,False
What are the key findings in this chest X-ray report?,1221,False
What abnormality is present according to the report?,1221,False
What are the key findings in this chest X-ray report?,1222,False
What abnormality is present according to the report?,1222,False
What are the key findings in this chest X-ray report?,1223,False
What abnormality is present according to the report?,1223,False
What are the key findings in this chest X-ray report?,1224,False
What abnormality is present according to the report?,1224,False
What are the key findings in this chest X-ray report?,1225,False
What abnormality is present according to the report?,1225,False
What are the key findings in this chest X-ray report?,1226,False
What abnormality is present according to the report?,1226,False
What are the key findings in this chest X-ray report?,1228,False
What abnormality is present according to the report?,1228,False
What are the key findings in this chest X-ray report?,1229,False
What abnormality is present according to the report?,1229,False
What are the key findings in this chest X-ray report?,1230,False
What abnormality is present according to the report?,1230,False
Is there any cardiomegaly?,1230,False
Is there any effusion?,1230,False
Is there any pneumothorax?,1230,False
What are the key findings in this chest X-ray report?,1231,False
What abnormality is present according to the report?,1231,False
What are the key findings in this chest X-ray report?,1232,False
What abnormality is present according to the report?,1232,False
What are the key findings in this chest X-ray report?,1233,False
What abnormality is present according to the report?,1233,False
Is there any cardiomegaly?,1233,False
Is there any atelectasis?,1233,False
What are the key findings in this chest X-ray report?,1234,False
What abnormality is present according to the report?,1234,False
Is there any cardiomegaly?,1234,False
Is there any atelectasis?,1234,False
What are the key findings in this chest X-ray report?,1235,False
What abnormality is present according to the report?,1235,False
Is there any opacity?,1235,False
Is there any atelectasis?,1235,False
What are the key findings in this chest X-ray report?,1236,False
What abnormality is present according to the report?,1236,False
Is the heart size normal?,1236,False
What are the key findings in this chest X-ray report?,1237,False
What abnormality is present according to the report?,1237,False
Is there any opacity?,1237,False
What are the key findings in this chest X-ray report?,1238,False
What abnormality is present according to the report?,1238,False
Is the heart size normal?,1238,False
What are the key findings in this chest X-ray report?,1239,False
What abnormality is present according to the report?,1239,False
Is the heart size normal?,1239,False
What are the key findings in this chest X-ray report?,1240,False
What abnormality is present according to the report?,1240,False
What are the key findings in this chest X-ray report?,1241,False
What abnormality is present according to the report?,1241,False
What are the key findings in this chest X-ray report?,1242,False
What abnormality is present according to the report?,1242,False
What are the key findings in this chest X-ray report?,1243,False
What abnormality is present according to the report?,1243,False
Is there any cardiomegaly?,1243,False
Is there any effusion?,1243,False
Is there any opacity?,1243,False
Is there any atelectasis?,1243,False
What are the key findings in this chest X-ray report?,1244,False
What abnormality is present according to the report?,1244,False
Is there any opacity?,1244,False
What are the key findings in this chest X-ray report?,1245,False
What abnormality is present according to the report?,1245,False
Is there any cardiomegaly?,1245,False
What are the key findings in this chest X-ray report?,1246,False
What abnormality is present according to the report?,1246,False
What are the key findings in this chest X-ray report?,1248,False
What abnormality is present according to the report?,1248,False
What are the key findings in this chest X-ray report?,1249,False
What abnormality is present according to the report?,1249,False
What are the key findings in this chest X-ray report?,1250,False
What abnormality is present according to the report?,1250,False
What are the key findings in this chest X-ray report?,1252,False
What abnormality is present according to the report?,1252,False
Is the heart size normal?,1252,False
What are the key findings in this chest X-ray report?,1253,False
What abnormality is present according to the report?,1253,False
Is the heart size normal?,1253,False
What are the key findings in this chest X-ray report?,1254,False
What abnormality is present according to the report?,1254,False
Is the heart size normal?,1254,False
What are the key findings in this chest X-ray report?,1255,False
What abnormality is present according to the report?,1255,False
What are the key findings in this chest X-ray report?,1256,False
What abnormality is present according to the report?,1256,False
What are the key findings in this chest X-ray report?,1257,False
What abnormality is present according to the report?,1257,False
Is there any cardiomegaly?,1257,False
Is there any opacity?,1257,False
Is there any atelectasis?,1257,False
What are the key findings in this chest X-ray report?,1258,False
What abnormality is present according to the report?,1258,False
What are the key findings in this chest X-ray report?,1259,False
What abnormality is present according to the report?,1259,False
Is the heart size normal?,1259,False
What are the key findings in this chest X-ray report?,1260,False
What abnormality is present according to the report?,1260,False
Is the heart size normal?,1260,False
What are the key findings in this chest X-ray report?,1261,False
What abnormality is present according to the report?,1261,False
Is there any cardiomegaly?,1261,False
What are the key findings in this chest X-ray report?,1262,False
What abnormality is present according to the report?,1262,False
Is there any pneumothorax?,1262,False
What are the key findings in this chest X-ray report?,1263,False
What abnormality is present according to the report?,1263,False
Is the heart size normal?,1263,False
What are the key findings in this chest X-ray report?,1264,False
What abnormality is present according to the report?,1264,False
Is the heart size normal?,1264,False
What are the key findings in this chest X-ray report?,1265,False
What abnormality is present according to the report?,1265,False
What are the key findings in this chest X-ray report?,1266,False
What abnormality is present according to the report?,1266,False
What are the key findings in this chest X-ray report?,1267,False
What abnormality is present according to the report?,1267,False
Is the heart size normal?,1267,False
What are the key findings in this chest X-ray report?,1268,False
What abnormality is present according to the report?,1268,False
What are the key findings in this chest X-ray report?,1269,False
What abnormality is present according to the report?,1269,False
What are the key findings in this chest X-ray report?,1270,False
What abnormality is present according to the report?,1270,False
Is the heart size normal?,1270,False
What are the key findings in this chest X-ray report?,1271,False
What abnormality is present according to the report?,1271,False
What are the key findings in this chest X-ray report?,1272,False
What abnormality is present according to the report?,1272,False
What are the key findings in this chest X-ray report?,1273,False
What abnormality is present according to the report?,1273,False
Is there any cardiomegaly?,1273,False
What are the key findings in this chest X-ray report?,1274,False
What abnormality is present according to the report?,1274,False
Is the heart size normal?,1274,False
What are the key findings in this chest X-ray report?,1275,False
What abnormality is present according to the report?,1275,False
Is there any opacity?,1275,False
What are the key findings in this chest X-ray report?,1276,False
What abnormality is present according to the report?,1276,False
What are the key findings in this chest X-ray report?,1277,False
What abnormality is present according to the report?,1277,False
Is there any atelectasis?,1277,False
What are the key findings in this chest X-ray report?,1278,False
What abnormality is present according to the report?,1278,False
Is the heart size normal?,1278,False
What are the key findings in this chest X-ray report?,1279,False
What abnormality is present according to the report?,1279,False
What are the key findings in this chest X-ray report?,1280,False
What abnormality is present according to the report?,1280,False
Is the heart size normal?,1280,False
What are the key findings in this chest X-ray report?,1281,False
What abnormality is present according to the report?,1281,False
What are the key findings in this chest X-ray report?,1282,False
What abnormality is present according to the report?,1282,False
Is there any opacity?,1282,False
What are the key findings in this chest X-ray report?,1283,False
What abnormality is present according to the report?,1283,False
What are the key findings in this chest X-ray report?,1284,False
What abnormality is present according to the report?,1284,False
Is there any opacity?,1284,False
Is there any atelectasis?,1284,False
What are the key findings in this chest X-ray report?,1285,False
What abnormality is present according to the report?,1285,False
What are the key findings in this chest X-ray report?,1286,False
What abnormality is present according to the report?,1286,False
Is there any cardiomegaly?,1286,False
What are the key findings in this chest X-ray report?,1287,False
What abnormality is present according to the report?,1287,False
What are the key findings in this chest X-ray report?,1288,False
What abnormality is present according to the report?,1288,False
Is there any opacity?,1288,False
What are the key findings in this chest X-ray report?,1289,False
What abnormality is present according to the report?,1289,False
Is there any effusion?,1289,False
What are the key findings in this chest X-ray report?,1290,False
What abnormality is present according to the report?,1290,False
What are the key findings in this chest X-ray report?,1291,False
What abnormality is present according to the report?,1291,False
What are the key findings in this chest X-ray report?,1292,False
What abnormality is present according to the report?,1292,False
Is there any cardiomegaly?,1292,False
What are the key findings in this chest X-ray report?,1294,False
What abnormality is present according to the report?,1294,False
Is the heart size normal?,1294,False
What are the key findings in this chest X-ray report?,1295,False
What abnormality is present according to the report?,1295,False
What are the key findings in this chest X-ray report?,1296,False
What abnormality is present according to the report?,1296,False
Is the heart size normal?,1296,False
What are the key findings in this chest X-ray report?,1300,False
What abnormality is present according to the report?,1300,False
Is the heart size normal?,1300,False
What are the key findings in this chest X-ray report?,1301,False
What abnormality is present according to the report?,1301,False
What are the key findings in this chest X-ray report?,1302,False
What abnormality is present according to the report?,1302,False
What are the key findings in this chest X-ray report?,1303,False
What abnormality is present according to the report?,1303,False
Is there any opacity?,1303,False
What are the key findings in this chest X-ray report?,1304,False
What abnormality is present according to the report?,1304,False
Is the heart size normal?,1304,False
What are the key findings in this chest X-ray report?,1305,False
What abnormality is present according to the report?,1305,False
Is the heart size normal?,1305,False
What are the key findings in this chest X-ray report?,1306,False
What abnormality is present according to the report?,1306,False
What are the key findings in this chest X-ray report?,1307,False
What abnormality is present according to the report?,1307,False
Is there any atelectasis?,1307,False
What are the key findings in this chest X-ray report?,1308,False
What abnormality is present according to the report?,1308,False
Is the heart size normal?,1308,False
What are the key findings in this chest X-ray report?,1309,False
What abnormality is present according to the report?,1309,False
Is the heart size normal?,1309,False
What are the key findings in this chest X-ray report?,1310,False
What abnormality is present according to the report?,1310,False
Is the heart size normal?,1310,False
What are the key findings in this chest X-ray report?,1311,False
What abnormality is present according to the report?,1311,False
What are the key findings in this chest X-ray report?,1312,False
What abnormality is present according to the report?,1312,False
Is the heart size normal?,1312,False
What are the key findings in this chest X-ray report?,1313,False
What abnormality is present according to the report?,1313,False
Is there any effusion?,1313,False
Is there any opacity?,1313,False
Is there any atelectasis?,1313,False
What are the key findings in this chest X-ray report?,1314,False
What abnormality is present according to the report?,1314,False
Is the heart size normal?,1314,False
What are the key findings in this chest X-ray report?,1315,False
What abnormality is present according to the report?,1315,False
Is the heart size normal?,1315,False
What are the key findings in this chest X-ray report?,1316,False
What abnormality is present according to the report?,1316,False
Is the heart size normal?,1316,False
What are the key findings in this chest X-ray report?,1317,False
What abnormality is present according to the report?,1317,False
Is there any atelectasis?,1317,False
What are the key findings in this chest X-ray report?,1318,False
What abnormality is present according to the report?,1318,False
Is the heart size normal?,1318,False
What are the key findings in this chest X-ray report?,1319,False
What abnormality is present according to the report?,1319,False
Is the heart size normal?,1319,False
What are the key findings in this chest X-ray report?,1320,False
What abnormality is present according to the report?,1320,False
What are the key findings in this chest X-ray report?,1321,False
What abnormality is present according to the report?,1321,False
What are the key findings in this chest X-ray report?,1322,False
What abnormality is present according to the report?,1322,False
Is the heart size normal?,1322,False
What are the key findings in this chest X-ray report?,1323,False
What abnormality is present according to the report?,1323,False
Is the heart size normal?,1323,False
What are the key findings in this chest X-ray report?,1324,False
What abnormality is present according to the report?,1324,False
What are the key findings in this chest X-ray report?,1326,False
What abnormality is present according to the report?,1326,False
Is there any opacity?,1326,False
Is there any pneumothorax?,1326,False
What are the key findings in this chest X-ray report?,1327,False
What abnormality is present according to the report?,1327,False
What are the key findings in this chest X-ray report?,1328,False
What abnormality is present according to the report?,1328,False
What are the key findings in this chest X-ray report?,1329,False
What abnormality is present according to the report?,1329,False
What are the key findings in this chest X-ray report?,1330,False
What abnormality is present according to the report?,1330,False
Is the heart size normal?,1330,False
What are the key findings in this chest X-ray report?,1331,False
What abnormality is present according to the report?,1331,False
Is there any opacity?,1331,False
What are the key findings in this chest X-ray report?,1332,False
What abnormality is present according to the report?,1332,False
Is there any opacity?,1332,False
Is there any atelectasis?,1332,False
What are the key findings in this chest X-ray report?,1333,False
What abnormality is present according to the report?,1333,False
What are the key findings in this chest X-ray report?,1334,False
What abnormality is present according to the report?,1334,False
Is the heart size normal?,1334,False
What are the key findings in this chest X-ray report?,1335,False
What abnormality is present according to the report?,1335,False
Is the heart size normal?,1335,False
What are the key findings in this chest X-ray report?,1336,False
What abnormality is present according to the report?,1336,False
Is there any cardiomegaly?,1336,False
What are the key findings in this chest X-ray report?,1337,False
What abnormality is present according to the report?,1337,False
What are the key findings in this chest X-ray report?,1338,False
What abnormality is present according to the report?,1338,False
What are the key findings in this chest X-ray report?,1339,False
What abnormality is present according to the report?,1339,False
Is there any pneumothorax?,1339,False
What are the key findings in this chest X-ray report?,1340,False
What abnormality is present according to the report?,1340,False
Is the heart size normal?,1340,False
What are the key findings in this chest X-ray report?,1341,False
What abnormality is present according to the report?,1341,False
What are the key findings in this chest X-ray report?,1342,False
What abnormality is present according to the report?,1342,False
What are the key findings in this chest X-ray report?,1343,False
What abnormality is present according to the report?,1343,False
Is there any cardiomegaly?,1343,False
What are the key findings in this chest X-ray report?,1344,False
What abnormality is present according to the report?,1344,False
Is the heart size normal?,1344,False
What are the key findings in this chest X-ray report?,1345,False
What abnormality is present according to the report?,1345,False
Is the heart size normal?,1345,False
What are the key findings in this chest X-ray report?,1346,False
What abnormality is present according to the report?,1346,False
What are the key findings in this chest X-ray report?,1347,False
What abnormality is present according to the report?,1347,False
Is the heart size normal?,1347,False
What are the key findings in this chest X-ray report?,1348,False
What abnormality is present according to the report?,1348,False
Is there any atelectasis?,1348,False
What are the key findings in this chest X-ray report?,1349,False
What abnormality is present according to the report?,1349,False
What are the key findings in this chest X-ray report?,1350,False
What abnormality is present according to the report?,1350,False
Is the heart size normal?,1350,False
What are the key findings in this chest X-ray report?,1351,False
What abnormality is present according to the report?,1351,False
What are the key findings in this chest X-ray report?,1352,False
What abnormality is present according to the report?,1352,False
What are the key findings in this chest X-ray report?,1353,False
What abnormality is present according to the report?,1353,False
What are the key findings in this chest X-ray report?,1354,False
What abnormality is present according to the report?,1354,False
What are the key findings in this chest X-ray report?,1355,False
What abnormality is present according to the report?,1355,False
Is there any opacity?,1355,False
Is there any atelectasis?,1355,False
What are the key findings in this chest X-ray report?,1356,False
What abnormality is present according to the report?,1356,False
Is the heart size normal?,1356,False
What are the key findings in this chest X-ray report?,1357,False
What abnormality is present according to the report?,1357,False
Is there any cardiomegaly?,1357,False
What are the key findings in this chest X-ray report?,1358,False
What abnormality is present according to the report?,1358,False
What are the key findings in this chest X-ray report?,1359,False
What abnormality is present according to the report?,1359,False
Is the heart size normal?,1359,False
What are the key findings in this chest X-ray report?,1360,False
What abnormality is present according to the report?,1360,False
Is there any opacity?,1360,False
Is there any atelectasis?,1360,False
What are the key findings in this chest X-ray report?,1361,False
What abnormality is present according to the report?,1361,False
Is there any cardiomegaly?,1361,False
Is there any opacity?,1361,False
What are the key findings in this chest X-ray report?,1362,False
What abnormality is present according to the report?,1362,False
Is there any cardiomegaly?,1362,False
Is there any atelectasis?,1362,False
What are the key findings in this chest X-ray report?,1363,False
What abnormality is present according to the report?,1363,False
Is the heart size normal?,1363,False
What are the key findings in this chest X-ray report?,1364,False
What abnormality is present according to the report?,1364,False
Is the heart size normal?,1364,False
What are the key findings in this chest X-ray report?,1365,False
What abnormality is present according to the report?,1365,False
What are the key findings in this chest X-ray report?,1366,False
What abnormality is present according to the report?,1366,False
Is the heart size normal?,1366,False
What are the key findings in this chest X-ray report?,1367,False
What abnormality is present according to the report?,1367,False
Is the heart size normal?,1367,False
What are the key findings in this chest X-ray report?,1368,False
What abnormality is present according to the report?,1368,False
Is the heart size normal?,1368,False
What are the key findings in this chest X-ray report?,1369,False
What abnormality is present according to the report?,1369,False
What are the key findings in this chest X-ray report?,1370,False
What abnormality is present according to the report?,1370,False
Is there any opacity?,1370,False
What are the key findings in this chest X-ray report?,1371,False
What abnormality is present according to the report?,1371,False
What are the key findings in this chest X-ray report?,1372,False
What abnormality is present according to the report?,1372,False
Is there any opacity?,1372,False
Is there any atelectasis?,1372,False
What are the key findings in this chest X-ray report?,1373,False
What abnormality is present according to the report?,1373,False
What are the key findings in this chest X-ray report?,1374,False
What abnormality is present according to the report?,1374,False
Is the heart size normal?,1374,False
What are the key findings in this chest X-ray report?,1375,False
What abnormality is present according to the report?,1375,False
Is there any cardiomegaly?,1375,False
Is there any edema?,1375,True
What are the key findings in this chest X-ray report?,1376,False
What abnormality is present according to the report?,1376,False
What are the key findings in this chest X-ray report?,1377,False
What abnormality is present according to the report?,1377,False
Is the heart size normal?,1377,False
What are the key findings in this chest X-ray report?,1378,False
What abnormality is present according to the report?,1378,False
Is the heart size normal?,1378,False
What are the key findings in this chest X-ray report?,1379,False
What abnormality is present according to the report?,1379,False
Is the heart size normal?,1379,False
What are the key findings in this chest X-ray report?,1380,False
What abnormality is present according to the report?,1380,False
Is the heart size normal?,1380,False
What are the key findings in this chest X-ray report?,1381,False
What abnormality is present according to the report?,1381,False
Is the heart size normal?,1381,False
What are the key findings in this chest X-ray report?,1382,False
What abnormality is present according to the report?,1382,False
Is the heart size normal?,1382,False
What are the key findings in this chest X-ray report?,1383,False
What abnormality is present according to the report?,1383,False
Is there any effusion?,1383,False
Is there any opacity?,1383,False
Is there any atelectasis?,1383,False
What are the key findings in this chest X-ray report?,1384,False
What abnormality is present according to the report?,1384,False
Is the heart size normal?,1384,False
What are the key findings in this chest X-ray report?,1385,False
What abnormality is present according to the report?,1385,False
What are the key findings in this chest X-ray report?,1386,False
What abnormality is present according to the report?,1386,False
What are the key findings in this chest X-ray report?,1387,False
What abnormality is present according to the report?,1387,False
What are the key findings in this chest X-ray report?,1388,False
What abnormality is present according to the report?,1388,False
What are the key findings in this chest X-ray report?,1389,False
What abnormality is present according to the report?,1389,False
What are the key findings in this chest X-ray report?,1390,False
What abnormality is present according to the report?,1390,False
What are the key findings in this chest X-ray report?,1391,False
What abnormality is present according to the report?,1391,False
What are the key findings in this chest X-ray report?,1392,False
What abnormality is present according to the report?,1392,False
What are the key findings in this chest X-ray report?,1393,False
What abnormality is present according to the report?,1393,False
Is there any opacity?,1393,False
Is there any atelectasis?,1393,False
What are the key findings in this chest X-ray report?,1394,False
What abnormality is present according to the report?,1394,False
What are the key findings in this chest X-ray report?,1395,False
What abnormality is present according to the report?,1395,False
Is the heart size normal?,1395,False
What are the key findings in this chest X-ray report?,1396,False
What abnormality is present according to the report?,1396,False
Is the heart size normal?,1396,False
What are the key findings in this chest X-ray report?,1397,False
What abnormality is present according to the report?,1397,False
Is the heart size normal?,1397,False
What are the key findings in this chest X-ray report?,1398,False
What abnormality is present according to the report?,1398,False
Is there any atelectasis?,1398,False
What are the key findings in this chest X-ray report?,1399,False
What abnormality is present according to the report?,1399,False
What are the key findings in this chest X-ray report?,1400,False
What abnormality is present according to the report?,1400,False
Is the heart size normal?,1400,False
What are the key findings in this chest X-ray report?,1401,False
What abnormality is present according to the report?,1401,False
What are the key findings in this chest X-ray report?,1402,False
What abnormality is present according to the report?,1402,False
Is the heart size normal?,1402,False
What are the key findings in this chest X-ray report?,1403,False
What abnormality is present according to the report?,1403,False
Is there any atelectasis?,1403,False
What are the key findings in this chest X-ray report?,1404,False
What abnormality is present according to the report?,1404,False
What are the key findings in this chest X-ray report?,1405,False
What abnormality is present according to the report?,1405,False
What are the key findings in this chest X-ray report?,1406,False
What abnormality is present according to the report?,1406,False
What are the key findings in this chest X-ray report?,1407,False
What abnormality is present according to the report?,1407,False
What are the key findings in this chest X-ray report?,1408,False
What abnormality is present according to the report?,1408,False
What are the key findings in this chest X-ray report?,1409,False
What abnormality is present according to the report?,1409,False
Is the heart size normal?,1409,False
What are the key findings in this chest X-ray report?,1410,False
What abnormality is present according to the report?,1410,False
Is the heart size normal?,1410,False
What are the key findings in this chest X-ray report?,1411,False
What abnormality is present according to the report?,1411,False
What are the key findings in this chest X-ray report?,1412,False
What abnormality is present according to the report?,1412,False
What are the key findings in this chest X-ray report?,1413,False
What abnormality is present according to the report?,1413,False
What are the key findings in this chest X-ray report?,1414,False
What abnormality is present according to the report?,1414,False
Is the heart size normal?,1414,False
What are the key findings in this chest X-ray report?,1415,False
What abnormality is present according to the report?,1415,False
Is the heart size normal?,1415,False
What are the key findings in this chest X-ray report?,1416,False
What abnormality is present according to the report?,1416,False
Is there any opacity?,1416,False
What are the key findings in this chest X-ray report?,1417,False
What abnormality is present according to the report?,1417,False
What are the key findings in this chest X-ray report?,1418,False
What abnormality is present according to the report?,1418,False
Is the heart size normal?,1418,False
What are the key findings in this chest X-ray report?,1419,False
What abnormality is present according to the report?,1419,False
Is there any atelectasis?,1419,False
What are the key findings in this chest X-ray report?,1420,False
What abnormality is present according to the report?,1420,False
What are the key findings in this chest X-ray report?,1421,False
What abnormality is present according to the report?,1421,False
What are the key findings in this chest X-ray report?,1422,False
What abnormality is present according to the report?,1422,False
Is there any opacity?,1422,False
What are the key findings in this chest X-ray report?,1423,False
What abnormality is present according to the report?,1423,False
Is there any cardiomegaly?,1423,False
What are the key findings in this chest X-ray report?,1424,False
What abnormality is present according to the report?,1424,False
Is the heart size normal?,1424,False
What are the key findings in this chest X-ray report?,1425,False
What abnormality is present according to the report?,1425,False
Is the heart size normal?,1425,False
What are the key findings in this chest X-ray report?,1426,False
What abnormality is present according to the report?,1426,False
Is the heart size normal?,1426,False
What are the key findings in this chest X-ray report?,1427,False
What abnormality is present according to the report?,1427,False
What are the key findings in this chest X-ray report?,1428,False
What abnormality is present according to the report?,1428,False
Is the heart size normal?,1428,False
What are the key findings in this chest X-ray report?,1429,False
What abnormality is present according to the report?,1429,False
Is the heart size normal?,1429,False
What are the key findings in this chest X-ray report?,1430,False
What abnormality is present according to the report?,1430,False
Is there any effusion?,1430,False
Is there any opacity?,1430,False
Is there any atelectasis?,1430,False
What are the key findings in this chest X-ray report?,1431,False
What abnormality is present according to the report?,1431,False
Is the heart size normal?,1431,False
What are the key findings in this chest X-ray report?,1432,False
What abnormality is present according to the report?,1432,False
What are the key findings in this chest X-ray report?,1433,False
What abnormality is present according to the report?,1433,False
What are the key findings in this chest X-ray report?,1434,False
What abnormality is present according to the report?,1434,False
Is the heart size normal?,1434,False
What are the key findings in this chest X-ray report?,1435,False
What abnormality is present according to the report?,1435,False
Is the heart size normal?,1435,False
What are the key findings in this chest X-ray report?,1436,False
What abnormality is present according to the report?,1436,False
Is there any opacity?,1436,False
What are the key findings in this chest X-ray report?,1437,False
What abnormality is present according to the report?,1437,False
What are the key findings in this chest X-ray report?,1438,False
What abnormality is present according to the report?,1438,False
Is the heart size normal?,1438,False
What are the key findings in this chest X-ray report?,1439,False
What abnormality is present according to the report?,1439,False
Is there any opacity?,1439,False
Is there any atelectasis?,1439,False
What are the key findings in this chest X-ray report?,1440,False
What abnormality is present according to the report?,1440,False
Is the heart size normal?,1440,False
What are the key findings in this chest X-ray report?,1441,False
What abnormality is present according to the report?,1441,False
What are the key findings in this chest X-ray report?,1442,False
What abnormality is present according to the report?,1442,False
What are the key findings in this chest X-ray report?,1443,False
What abnormality is present according to the report?,1443,False
What are the key findings in this chest X-ray report?,1444,False
What abnormality is present according to the report?,1444,False
What are the key findings in this chest X-ray report?,1445,False
What abnormality is present according to the report?,1445,False
Is there any effusion?,1445,False
Is there any atelectasis?,1445,False
What are the key findings in this chest X-ray report?,1446,False
What abnormality is present according to the report?,1446,False
Is there any atelectasis?,1446,False
What are the key findings in this chest X-ray report?,1447,False
What abnormality is present according to the report?,1447,False
Is the heart size normal?,1447,False
What are the key findings in this chest X-ray report?,1448,False
What abnormality is present according to the report?,1448,False
Is the heart size normal?,1448,False
What are the key findings in this chest X-ray report?,1449,False
What abnormality is present according to the report?,1449,False
What are the key findings in this chest X-ray report?,1450,False
What abnormality is present according to the report?,1450,False
Is the heart size normal?,1450,False
What are the key findings in this chest X-ray report?,1451,False
What abnormality is present according to the report?,1451,False
Is there any atelectasis?,1451,False
What are the key findings in this chest X-ray report?,1452,False
What abnormality is present according to the report?,1452,False
Is the heart size normal?,1452,False
What are the key findings in this chest X-ray report?,1453,False
What abnormality is present according to the report?,1453,False
What are the key findings in this chest X-ray report?,1454,False
What abnormality is present according to the report?,1454,False
Is the heart size normal?,1454,False
What are the key findings in this chest X-ray report?,1455,False
What abnormality is present according to the report?,1455,False
What are the key findings in this chest X-ray report?,1456,False
What abnormality is present according to the report?,1456,False
Is the heart size normal?,1456,False
What are the key findings in this chest X-ray report?,1457,False
What abnormality is present according to the report?,1457,False
What are the key findings in this chest X-ray report?,1458,False
What abnormality is present according to the report?,1458,False
Is there any cardiomegaly?,1458,False
Is there any opacity?,1458,False
What are the key findings in this chest X-ray report?,1459,False
What abnormality is present according to the report?,1459,False
Is there any cardiomegaly?,1459,False
What are the key findings in this chest X-ray report?,1460,False
What abnormality is present according to the report?,1460,False
Is the heart size normal?,1460,False
What are the key findings in this chest X-ray report?,1461,False
What abnormality is present according to the report?,1461,False
Is the heart size normal?,1461,False
What are the key findings in this chest X-ray report?,1462,False
What abnormality is present according to the report?,1462,False
Is the heart size normal?,1462,False
What are the key findings in this chest X-ray report?,1463,False
What abnormality is present according to the report?,1463,False
Is the heart size normal?,1463,False
What are the key findings in this chest X-ray report?,1464,False
What abnormality is present according to the report?,1464,False
What are the key findings in this chest X-ray report?,1465,False
What abnormality is present according to the report?,1465,False
What are the key findings in this chest X-ray report?,1466,False
What abnormality is present according to the report?,1466,False
Is the heart size normal?,1466,False
What are the key findings in this chest X-ray report?,1467,False
What abnormality is present according to the report?,1467,False
Is the heart size normal?,1467,False
What are the key findings in this chest X-ray report?,1468,False
What abnormality is present according to the report?,1468,False
Is the heart size normal?,1468,False
What are the key findings in this chest X-ray report?,1469,False
What abnormality is present according to the report?,1469,False
Is the heart size normal?,1469,False
What are the key findings in this chest X-ray report?,1470,False
What abnormality is present according to the report?,1470,False
Is the heart size normal?,1470,False
What are the key findings in this chest X-ray report?,1471,False
What abnormality is present according to the report?,1471,False
What are the key findings in this chest X-ray report?,1472,False
What abnormality is present according to the report?,1472,False
What are the key findings in this chest X-ray report?,1473,False
What abnormality is present according to the report?,1473,False
Is the heart size normal?,1473,False
What are the key findings in this chest X-ray report?,1474,False
What abnormality is present according to the report?,1474,False
What are the key findings in this chest X-ray report?,1475,False
What abnormality is present according to the report?,1475,False
What are the key findings in this chest X-ray report?,1476,False
What abnormality is present according to the report?,1476,False
Is the heart size normal?,1476,False
What are the key findings in this chest X-ray report?,1477,False
What abnormality is present according to the report?,1477,False
Is the heart size normal?,1477,False
What are the key findings in this chest X-ray report?,1478,False
What abnormality is present according to the report?,1478,False
What are the key findings in this chest X-ray report?,1479,False
What abnormality is present according to the report?,1479,False
Is there any opacity?,1479,False
What are the key findings in this chest X-ray report?,1480,False
What abnormality is present according to the report?,1480,False
Is the heart size normal?,1480,False
What are the key findings in this chest X-ray report?,1481,False
What abnormality is present according to the report?,1481,False
Is the heart size normal?,1481,False
What are the key findings in this chest X-ray report?,1482,False
What abnormality is present according to the report?,1482,False
Is the heart size normal?,1482,False
What are the key findings in this chest X-ray report?,1483,False
What abnormality is present according to the report?,1483,False
What are the key findings in this chest X-ray report?,1484,False
What abnormality is present according to the report?,1484,False
What are the key findings in this chest X-ray report?,1485,False
What abnormality is present according to the report?,1485,False
Is there any opacity?,1485,False
Is there any atelectasis?,1485,False
What are the key findings in this chest X-ray report?,1487,False
What abnormality is present according to the report?,1487,False
What are the key findings in this chest X-ray report?,1488,False
What abnormality is present according to the report?,1488,False
Is the heart size normal?,1488,False
What are the key findings in this chest X-ray report?,1489,False
What abnormality is present according to the report?,1489,False
Is the heart size normal?,1489,False
What are the key findings in this chest X-ray report?,1491,False
What abnormality is present according to the report?,1491,False
What are the key findings in this chest X-ray report?,1492,False
What abnormality is present according to the report?,1492,False
What are the key findings in this chest X-ray report?,1493,False
What abnormality is present according to the report?,1493,False
What are the key findings in this chest X-ray report?,1494,False
What abnormality is present according to the report?,1494,False
Is there any effusion?,1494,False
What are the key findings in this chest X-ray report?,1496,False
What abnormality is present according to the report?,1496,False
Is there any cardiomegaly?,1496,False
Is there any opacity?,1496,False
What are the key findings in this chest X-ray report?,1497,False
What abnormality is present according to the report?,1497,False
Is there any opacity?,1497,False
What are the key findings in this chest X-ray report?,1498,False
What abnormality is present according to the report?,1498,False
What are the key findings in this chest X-ray report?,1499,False
What abnormality is present according to the report?,1499,False
What are the key findings in this chest X-ray report?,1500,False
What abnormality is present according to the report?,1500,False
What are the key findings in this chest X-ray report?,1501,False
What abnormality is present according to the report?,1501,False
Is there any atelectasis?,1501,False
What are the key findings in this chest X-ray report?,1502,False
What abnormality is present according to the report?,1502,False
Is the heart size normal?,1502,False
What are the key findings in this chest X-ray report?,1503,False
What abnormality is present according to the report?,1503,False
Is the heart size normal?,1503,False
What are the key findings in this chest X-ray report?,1504,False
What abnormality is present according to the report?,1504,False
Is the heart size normal?,1504,False
What are the key findings in this chest X-ray report?,1505,False
What abnormality is present according to the report?,1505,False
Is there any opacity?,1505,False
What are the key findings in this chest X-ray report?,1506,False
What abnormality is present according to the report?,1506,False
Is there any edema?,1506,False
What are the key findings in this chest X-ray report?,1508,False
What abnormality is present according to the report?,1508,False
What are the key findings in this chest X-ray report?,1509,False
What abnormality is present according to the report?,1509,False
Is the heart size normal?,1509,False
What are the key findings in this chest X-ray report?,1510,False
What abnormality is present according to the report?,1510,False
Is the heart size normal?,1510,False
What are the key findings in this chest X-ray report?,1511,False
What abnormality is present according to the report?,1511,False
Is the heart size normal?,1511,False
What are the key findings in this chest X-ray report?,1512,False
What abnormality is present according to the report?,1512,False
Is the heart size normal?,1512,False
What are the key findings in this chest X-ray report?,1513,False
What abnormality is present according to the report?,1513,False
Is there any opacity?,1513,False
Is there any atelectasis?,1513,False
What are the key findings in this chest X-ray report?,1514,False
What abnormality is present according to the report?,1514,False
Is there any opacity?,1514,False
Is there any atelectasis?,1514,False
What are the key findings in this chest X-ray report?,1515,False
What abnormality is present according to the report?,1515,False
Is the heart size normal?,1515,False
What are the key findings in this chest X-ray report?,1516,False
What abnormality is present according to the report?,1516,False
Is the heart size normal?,1516,False
What are the key findings in this chest X-ray report?,1517,False
What abnormality is present according to the report?,1517,False
Is the heart size normal?,1517,False
What are the key findings in this chest X-ray report?,1518,False
What abnormality is present according to the report?,1518,False
Is the heart size normal?,1518,False
What are the key findings in this chest X-ray report?,1519,False
What abnormality is present according to the report?,1519,False
What are the key findings in this chest X-ray report?,1520,False
What abnormality is present according to the report?,1520,False
Is the heart size normal?,1520,False
What are the key findings in this chest X-ray report?,1521,False
What abnormality is present according to the report?,1521,False
Is the heart size normal?,1521,False
What are the key findings in this chest X-ray report?,1522,False
What abnormality is present according to the report?,1522,False
Is the heart size normal?,1522,False
What are the key findings in this chest X-ray report?,1523,False
What abnormality is present according to the report?,1523,False
Is the heart size normal?,1523,False
What are the key findings in this chest X-ray report?,1524,False
What abnormality is present according to the report?,1524,False
What are the key findings in this chest X-ray report?,1525,False
What abnormality is present according to the report?,1525,False
Is there any opacity?,1525,False
Is there any pneumothorax?,1525,False
Is there any atelectasis?,1525,False
What are the key findings in this chest X-ray report?,1526,False
What abnormality is present according to the report?,1526,False
What are the key findings in this chest X-ray report?,1527,False
What abnormality is present according to the report?,1527,False
What are the key findings in this chest X-ray report?,1528,False
What abnormality is present according to the report?,1528,False
What are the key findings in this chest X-ray report?,1529,False
What abnormality is present according to the report?,1529,False
What are the key findings in this chest X-ray report?,1530,False
What abnormality is present according to the report?,1530,False
Is the heart size normal?,1530,False
What are the key findings in this chest X-ray report?,1531,False
What abnormality is present according to the report?,1531,False
What are the key findings in this chest X-ray report?,1532,False
What abnormality is present according to the report?,1532,False
Is the heart size normal?,1532,False
What are the key findings in this chest X-ray report?,1533,False
What abnormality is present according to the report?,1533,False
Is the heart size normal?,1533,False
What are the key findings in this chest X-ray report?,1534,False
What abnormality is present according to the report?,1534,False
Is there any opacity?,1534,False
What are the key findings in this chest X-ray report?,1535,False
What abnormality is present according to the report?,1535,False
Is the heart size normal?,1535,False
What are the key findings in this chest X-ray report?,1537,False
What abnormality is present according to the report?,1537,False
Is the heart size normal?,1537,False
What are the key findings in this chest X-ray report?,1538,False
What abnormality is present according to the report?,1538,False
What are the key findings in this chest X-ray report?,1539,False
What abnormality is present according to the report?,1539,False
Is the heart size normal?,1539,False
What are the key findings in this chest X-ray report?,1540,False
What abnormality is present according to the report?,1540,False
Is the heart size normal?,1540,False
What are the key findings in this chest X-ray report?,1541,False
What abnormality is present according to the report?,1541,False
Is there any cardiomegaly?,1541,False
Is there any effusion?,1541,False
Is there any atelectasis?,1541,False
What are the key findings in this chest X-ray report?,1542,False
What abnormality is present according to the report?,1542,False
Is there any opacity?,1542,False
Is there any atelectasis?,1542,False
What are the key findings in this chest X-ray report?,1543,False
What abnormality is present according to the report?,1543,False
What are the key findings in this chest X-ray report?,1544,False
What abnormality is present according to the report?,1544,False
Is the heart size normal?,1544,False
What are the key findings in this chest X-ray report?,1545,False
What abnormality is present according to the report?,1545,False
Is the heart size normal?,1545,False
What are the key findings in this chest X-ray report?,1546,False
What abnormality is present according to the report?,1546,False
What are the key findings in this chest X-ray report?,1547,False
What abnormality is present according to the report?,1547,False
What are the key findings in this chest X-ray report?,1548,False
What abnormality is present according to the report?,1548,False
What are the key findings in this chest X-ray report?,1549,False
What abnormality is present according to the report?,1549,False
Is the heart size normal?,1549,False
What are the key findings in this chest X-ray report?,1550,False
What abnormality is present according to the report?,1550,False
Is the heart size normal?,1550,False
What are the key findings in this chest X-ray report?,1551,False
What abnormality is present according to the report?,1551,False
Is the heart size normal?,1551,False
What are the key findings in this chest X-ray report?,1552,False
What abnormality is present according to the report?,1552,False
Is there any atelectasis?,1552,False
What are the key findings in this chest X-ray report?,1553,False
What abnormality is present according to the report?,1553,False
What are the key findings in this chest X-ray report?,1554,False
What abnormality is present according to the report?,1554,False
What are the key findings in this chest X-ray report?,1555,False
What abnormality is present according to the report?,1555,False
What are the key findings in this chest X-ray report?,1556,False
What abnormality is present according to the report?,1556,False
Is there any opacity?,1556,False
What are the key findings in this chest X-ray report?,1557,False
What abnormality is present according to the report?,1557,False
Is there any effusion?,1557,False
Is there any opacity?,1557,False
Is there any atelectasis?,1557,False
What are the key findings in this chest X-ray report?,1558,False
What abnormality is present according to the report?,1558,False
What are the key findings in this chest X-ray report?,1559,False
What abnormality is present according to the report?,1559,False
What are the key findings in this chest X-ray report?,1560,False
What abnormality is present according to the report?,1560,False
Is the heart size normal?,1560,False
What are the key findings in this chest X-ray report?,1561,False
What abnormality is present according to the report?,1561,False
Is the heart size normal?,1561,False
What are the key findings in this chest X-ray report?,1562,False
What abnormality is present according to the report?,1562,False
What are the key findings in this chest X-ray report?,1563,False
What abnormality is present according to the report?,1563,False
What are the key findings in this chest X-ray report?,1564,False
What abnormality is present according to the report?,1564,False
Is there any opacity?,1564,False
What are the key findings in this chest X-ray report?,1565,False
What abnormality is present according to the report?,1565,False
Is there any atelectasis?,1565,False
What are the key findings in this chest X-ray report?,1567,False
What abnormality is present according to the report?,1567,False
Is there any opacity?,1567,False
What are the key findings in this chest X-ray report?,1568,False
What abnormality is present according to the report?,1568,False
What are the key findings in this chest X-ray report?,1569,False
What abnormality is present according to the report?,1569,False
What are the key findings in this chest X-ray report?,1570,False
What abnormality is present according to the report?,1570,False
What are the key findings in this chest X-ray report?,1571,False
What abnormality is present according to the report?,1571,False
Is there any effusion?,1571,False
Is there any atelectasis?,1571,False
What are the key findings in this chest X-ray report?,1572,False
What abnormality is present according to the report?,1572,False
What are the key findings in this chest X-ray report?,1573,False
What abnormality is present according to the report?,1573,False
Is the heart size normal?,1573,False
What are the key findings in this chest X-ray report?,1574,False
What abnormality is present according to the report?,1574,False
Is the heart size normal?,1574,False
What are the key findings in this chest X-ray report?,1575,False
What abnormality is present according to the report?,1575,False
What are the key findings in this chest X-ray report?,1576,False
What abnormality is present according to the report?,1576,False
What are the key findings in this chest X-ray report?,1577,False
What abnormality is present according to the report?,1577,False
What are the key findings in this chest X-ray report?,1578,False
What abnormality is present according to the report?,1578,False
What are the key findings in this chest X-ray report?,1579,False
What abnormality is present according to the report?,1579,False
Is the heart size normal?,1579,False
What are the key findings in this chest X-ray report?,1580,False
What abnormality is present according to the report?,1580,False
What are the key findings in this chest X-ray report?,1581,False
What abnormality is present according to the report?,1581,False
What are the key findings in this chest X-ray report?,1582,False
What abnormality is present according to the report?,1582,False
Is the heart size normal?,1582,False
What are the key findings in this chest X-ray report?,1583,False
What abnormality is present according to the report?,1583,False
What are the key findings in this chest X-ray report?,1584,False
What abnormality is present according to the report?,1584,False
What are the key findings in this chest X-ray report?,1585,False
What abnormality is present according to the report?,1585,False
What are the key findings in this chest X-ray report?,1586,False
What abnormality is present according to the report?,1586,False
What are the key findings in this chest X-ray report?,1587,False
What abnormality is present according to the report?,1587,False
Is the heart size normal?,1587,False
What are the key findings in this chest X-ray report?,1588,False
What abnormality is present according to the report?,1588,False
Is the heart size normal?,1588,False
What are the key findings in this chest X-ray report?,1589,False
What abnormality is present according to the report?,1589,False
What are the key findings in this chest X-ray report?,1590,False
What abnormality is present according to the report?,1590,False
Is the heart size normal?,1590,False
What are the key findings in this chest X-ray report?,1591,False
What abnormality is present according to the report?,1591,False
Is there any atelectasis?,1591,False
What are the key findings in this chest X-ray report?,1592,False
What abnormality is present according to the report?,1592,False
Is there any cardiomegaly?,1592,False
Is there any opacity?,1592,False
What are the key findings in this chest X-ray report?,1593,False
What abnormality is present according to the report?,1593,False
Is there any effusion?,1593,False
Is there any atelectasis?,1593,False
What are the key findings in this chest X-ray report?,1594,False
What abnormality is present according to the report?,1594,False
Is the heart size normal?,1594,False
What are the key findings in this chest X-ray report?,1595,False
What abnormality is present according to the report?,1595,False
Is there any cardiomegaly?,1595,False
Is there any opacity?,1595,False
What are the key findings in this chest X-ray report?,1596,False
What abnormality is present according to the report?,1596,False
What are the key findings in this chest X-ray report?,1597,False
What abnormality is present according to the report?,1597,False
Is the heart size normal?,1597,False
What are the key findings in this chest X-ray report?,1598,False
What abnormality is present according to the report?,1598,False
Is the heart size normal?,1598,False
What are the key findings in this chest X-ray report?,1599,False
What abnormality is present according to the report?,1599,False
What are the key findings in this chest X-ray report?,1600,False
What abnormality is present according to the report?,1600,False
What are the key findings in this chest X-ray report?,1601,False
What abnormality is present according to the report?,1601,False
Is the heart size normal?,1601,False
What are the key findings in this chest X-ray report?,1602,False
What abnormality is present according to the report?,1602,False
Is the heart size normal?,1602,False
What are the key findings in this chest X-ray report?,1603,False
What abnormality is present according to the report?,1603,False
Is the heart size normal?,1603,False
What are the key findings in this chest X-ray report?,1604,False
What abnormality is present according to the report?,1604,False
What are the key findings in this chest X-ray report?,1605,False
What abnormality is present according to the report?,1605,False
Is the heart size normal?,1605,False
What are the key findings in this chest X-ray report?,1606,False
What abnormality is present according to the report?,1606,False
Is the heart size normal?,1606,False
What are the key findings in this chest X-ray report?,1607,False
What abnormality is present according to the report?,1607,False
What are the key findings in this chest X-ray report?,1608,False
What abnormality is present according to the report?,1608,False
Is the heart size normal?,1608,False
What are the key findings in this chest X-ray report?,1609,False
What abnormality is present according to the report?,1609,False
Is there any atelectasis?,1609,False
What are the key findings in this chest X-ray report?,1610,False
What abnormality is present according to the report?,1610,False
What are the key findings in this chest X-ray report?,1612,False
What abnormality is present according to the report?,1612,False
Is there any cardiomegaly?,1612,False
What are the key findings in this chest X-ray report?,1614,False
What abnormality is present according to the report?,1614,False
Is there any cardiomegaly?,1614,False
Is there any opacity?,1614,False
What are the key findings in this chest X-ray report?,1616,False
What abnormality is present according to the report?,1616,False
Is the heart size normal?,1616,False
What are the key findings in this chest X-ray report?,1617,False
What abnormality is present according to the report?,1617,False
What are the key findings in this chest X-ray report?,1618,False
What abnormality is present according to the report?,1618,False
Is the heart size normal?,1618,False
What are the key findings in this chest X-ray report?,1619,False
What abnormality is present according to the report?,1619,False
What are the key findings in this chest X-ray report?,1620,False
What abnormality is present according to the report?,1620,False
Is the heart size normal?,1620,False
What are the key findings in this chest X-ray report?,1621,False
What abnormality is present according to the report?,1621,False
What are the key findings in this chest X-ray report?,1622,False
What abnormality is present according to the report?,1622,False
Is the heart size normal?,1622,False
What are the key findings in this chest X-ray report?,1623,False
What abnormality is present according to the report?,1623,False
Is the heart size normal?,1623,False
What are the key findings in this chest X-ray report?,1624,False
What abnormality is present according to the report?,1624,False
Is there any cardiomegaly?,1624,False
What are the key findings in this chest X-ray report?,1625,False
What abnormality is present according to the report?,1625,False
What are the key findings in this chest X-ray report?,1626,False
What abnormality is present according to the report?,1626,False
What are the key findings in this chest X-ray report?,1627,False
What abnormality is present according to the report?,1627,False
Is the heart size normal?,1627,False
What are the key findings in this chest X-ray report?,1629,False
What abnormality is present according to the report?,1629,False
Is the heart size normal?,1629,False
What are the key findings in this chest X-ray report?,1630,False
What abnormality is present according to the report?,1630,False
What are the key findings in this chest X-ray report?,1631,False
What abnormality is present according to the report?,1631,False
Is there any opacity?,1631,False
What are the key findings in this chest X-ray report?,1632,False
What abnormality is present according to the report?,1632,False
Is the heart size normal?,1632,False
What are the key findings in this chest X-ray report?,1633,False
What abnormality is present according to the report?,1633,False
Is the heart size normal?,1633,False
What are the key findings in this chest X-ray report?,1634,False
What abnormality is present according to the report?,1634,False
What are the key findings in this chest X-ray report?,1635,False
What abnormality is present according to the report?,1635,False
Is there any opacity?,1635,False
Is there any atelectasis?,1635,False
What are the key findings in this chest X-ray report?,1636,False
What abnormality is present according to the report?,1636,False
Is the heart size normal?,1636,False
What are the key findings in this chest X-ray report?,1637,False
What abnormality is present according to the report?,1637,False
Is there any cardiomegaly?,1637,False
What are the key findings in this chest X-ray report?,1638,False
What abnormality is present according to the report?,1638,False
Is there any cardiomegaly?,1638,False
What are the key findings in this chest X-ray report?,1639,False
What abnormality is present according to the report?,1639,False
What are the key findings in this chest X-ray report?,1640,False
What abnormality is present according to the report?,1640,False
What are the key findings in this chest X-ray report?,1641,False
What abnormality is present according to the report?,1641,False
What are the key findings in this chest X-ray report?,1642,False
What abnormality is present according to the report?,1642,False
What are the key findings in this chest X-ray report?,1643,False
What abnormality is present according to the report?,1643,False
Is the heart size normal?,1643,False
What are the key findings in this chest X-ray report?,1644,False
What abnormality is present according to the report?,1644,False
What are the key findings in this chest X-ray report?,1645,False
What abnormality is present according to the report?,1645,False
Is there any opacity?,1645,False
What are the key findings in this chest X-ray report?,1646,False
What abnormality is present according to the report?,1646,False
Is the heart size normal?,1646,False
What are the key findings in this chest X-ray report?,1647,False
What abnormality is present according to the report?,1647,False
Is the heart size normal?,1647,False
What are the key findings in this chest X-ray report?,1648,False
What abnormality is present according to the report?,1648,False
What are the key findings in this chest X-ray report?,1649,False
What abnormality is present according to the report?,1649,False
Is there any effusion?,1649,False
What are the key findings in this chest X-ray report?,1650,False
What abnormality is present according to the report?,1650,False
What are the key findings in this chest X-ray report?,1651,False
What abnormality is present according to the report?,1651,False
What are the key findings in this chest X-ray report?,1652,False
What abnormality is present according to the report?,1652,False
What are the key findings in this chest X-ray report?,1653,False
What abnormality is present according to the report?,1653,False
What are the key findings in this chest X-ray report?,1654,False
What abnormality is present according to the report?,1654,False
Is there any opacity?,1654,False
Is there any atelectasis?,1654,False
What are the key findings in this chest X-ray report?,1655,False
What abnormality is present according to the report?,1655,False
Is the heart size normal?,1655,False
What are the key findings in this chest X-ray report?,1656,False
What abnormality is present according to the report?,1656,False
Is the heart size normal?,1656,False
What are the key findings in this chest X-ray report?,1657,False
What abnormality is present according to the report?,1657,False
Is the heart size normal?,1657,False
What are the key findings in this chest X-ray report?,1658,False
What abnormality is present according to the report?,1658,False
What are the key findings in this chest X-ray report?,1659,False
What abnormality is present according to the report?,1659,False
Is the heart size normal?,1659,False
What are the key findings in this chest X-ray report?,1660,False
What abnormality is present according to the report?,1660,False
What are the key findings in this chest X-ray report?,1661,False
What abnormality is present according to the report?,1661,False
Is the heart size normal?,1661,False
What are the key findings in this chest X-ray report?,1662,False
What abnormality is present according to the report?,1662,False
What are the key findings in this chest X-ray report?,1663,False
What abnormality is present according to the report?,1663,False
Is the heart size normal?,1663,False
What are the key findings in this chest X-ray report?,1664,False
What abnormality is present according to the report?,1664,False
Is there any cardiomegaly?,1664,False
What are the key findings in this chest X-ray report?,1665,False
What abnormality is present according to the report?,1665,False
What are the key findings in this chest X-ray report?,1666,False
What abnormality is present according to the report?,1666,False
Is there any cardiomegaly?,1666,False
Is there any effusion?,1666,False
Is there any opacity?,1666,False
Is there any atelectasis?,1666,False
What are the key findings in this chest X-ray report?,1667,False
What abnormality is present according to the report?,1667,False
What are the key findings in this chest X-ray report?,1668,False
What abnormality is present according to the report?,1668,False
Is there any opacity?,1668,False
What are the key findings in this chest X-ray report?,1669,False
What abnormality is present according to the report?,1669,False
What are the key findings in this chest X-ray report?,1670,False
What abnormality is present according to the report?,1670,False
What are the key findings in this chest X-ray report?,1671,False
What abnormality is present according to the report?,1671,False
Is the heart size normal?,1671,False
What are the key findings in this chest X-ray report?,1672,False
What abnormality is present according to the report?,1672,False
Is the heart size normal?,1672,False
What are the key findings in this chest X-ray report?,1673,False
What abnormality is present according to the report?,1673,False
What are the key findings in this chest X-ray report?,1674,False
What abnormality is present according to the report?,1674,False
Is the heart size normal?,1674,False
What are the key findings in this chest X-ray report?,1675,False
What abnormality is present according to the report?,1675,False
What are the key findings in this chest X-ray report?,1676,False
What abnormality is present according to the report?,1676,False
What are the key findings in this chest X-ray report?,1677,False
What abnormality is present according to the report?,1677,False
Is the heart size normal?,1677,False
What are the key findings in this chest X-ray report?,1678,False
What abnormality is present according to the report?,1678,False
Is there any effusion?,1678,False
Is there any opacity?,1678,False
What are the key findings in this chest X-ray report?,1679,False
What abnormality is present according to the report?,1679,False
Is the heart size normal?,1679,False
What are the key findings in this chest X-ray report?,1680,False
What abnormality is present according to the report?,1680,False
What are the key findings in this chest X-ray report?,1681,False
What abnormality is present according to the report?,1681,False
Is the heart size normal?,1681,False
What are the key findings in this chest X-ray report?,1682,False
What abnormality is present according to the report?,1682,False
What are the key findings in this chest X-ray report?,1683,False
What abnormality is present according to the report?,1683,False
What are the key findings in this chest X-ray report?,1684,False
What abnormality is present according to the report?,1684,False
Is the heart size normal?,1684,False
What are the key findings in this chest X-ray report?,1685,False
What abnormality is present according to the report?,1685,False
What are the key findings in this chest X-ray report?,1686,False
What abnormality is present according to the report?,1686,False
What are the key findings in this chest X-ray report?,1687,False
What abnormality is present according to the report?,1687,False
What are the key findings in this chest X-ray report?,1688,False
What abnormality is present according to the report?,1688,False
Is the heart size normal?,1688,False
What are the key findings in this chest X-ray report?,1689,False
What abnormality is present according to the report?,1689,False
Is the heart size normal?,1689,False
What are the key findings in this chest X-ray report?,1691,False
What abnormality is present according to the report?,1691,False
Is there any pneumothorax?,1691,False
What are the key findings in this chest X-ray report?,1693,False
What abnormality is present according to the report?,1693,False
What are the key findings in this chest X-ray report?,1694,False
What abnormality is present according to the report?,1694,False
What are the key findings in this chest X-ray report?,1695,False
What abnormality is present according to the report?,1695,False
What are the key findings in this chest X-ray report?,1696,False
What abnormality is present according to the report?,1696,False
Is the heart size normal?,1696,False
What are the key findings in this chest X-ray report?,1697,False
What abnormality is present according to the report?,1697,False
Is the heart size normal?,1697,False
What are the key findings in this chest X-ray report?,1698,False
What abnormality is present according to the report?,1698,False
Is the heart size normal?,1698,False
What are the key findings in this chest X-ray report?,1699,False
What abnormality is present according to the report?,1699,False
Is there any effusion?,1699,False
What are the key findings in this chest X-ray report?,1700,False
What abnormality is present according to the report?,1700,False
What are the key findings in this chest X-ray report?,1701,False
What abnormality is present according to the report?,1701,False
Is the heart size normal?,1701,False
What are the key findings in this chest X-ray report?,1702,False
What abnormality is present according to the report?,1702,False
Is there any cardiomegaly?,1702,False
What are the key findings in this chest X-ray report?,1703,False
What abnormality is present according to the report?,1703,False
What are the key findings in this chest X-ray report?,1704,False
What abnormality is present according to the report?,1704,False
Is there any effusion?,1704,False
Is there any opacity?,1704,False
Is there any atelectasis?,1704,False
What are the key findings in this chest X-ray report?,1705,False
What abnormality is present according to the report?,1705,False
Is the heart size normal?,1705,False
What are the key findings in this chest X-ray report?,1706,False
What abnormality is present according to the report?,1706,False
What are the key findings in this chest X-ray report?,1707,False
What abnormality is present according to the report?,1707,False
Is the heart size normal?,1707,False
What are the key findings in this chest X-ray report?,1708,False
What abnormality is present according to the report?,1708,False
What are the key findings in this chest X-ray report?,1709,False
What abnormality is present according to the report?,1709,False
Is there any opacity?,1709,False
What are the key findings in this chest X-ray report?,1710,False
What abnormality is present according to the report?,1710,False
Is the heart size normal?,1710,False
What are the key findings in this chest X-ray report?,1711,False
What abnormality is present according to the report?,1711,False
What are the key findings in this chest X-ray report?,1712,False
What abnormality is present according to the report?,1712,False
What are the key findings in this chest X-ray report?,1713,False
What abnormality is present according to the report?,1713,False
Is the heart size normal?,1713,False
What are the key findings in this chest X-ray report?,1714,False
What abnormality is present according to the report?,1714,False
What are the key findings in this chest X-ray report?,1715,False
What abnormality is present according to the report?,1715,False
What are the key findings in this chest X-ray report?,1716,False
What abnormality is present according to the report?,1716,False
Is the heart size normal?,1716,False
What are the key findings in this chest X-ray report?,1717,False
What abnormality is present according to the report?,1717,False
What are the key findings in this chest X-ray report?,1718,False
What abnormality is present according to the report?,1718,False
Is there any opacity?,1718,False
What are the key findings in this chest X-ray report?,1719,False
What abnormality is present according to the report?,1719,False
Is the heart size normal?,1719,False
What are the key findings in this chest X-ray report?,1720,False
What abnormality is present according to the report?,1720,False
Is there any opacity?,1720,False
What are the key findings in this chest X-ray report?,1721,False
What abnormality is present according to the report?,1721,False
Is the heart size normal?,1721,False
What are the key findings in this chest X-ray report?,1722,False
What abnormality is present according to the report?,1722,False
What are the key findings in this chest X-ray report?,1723,False
What abnormality is present according to the report?,1723,False
What are the key findings in this chest X-ray report?,1724,False
What abnormality is present according to the report?,1724,False
What are the key findings in this chest X-ray report?,1725,False
What abnormality is present according to the report?,1725,False
Is there any opacity?,1725,False
What are the key findings in this chest X-ray report?,1726,False
What abnormality is present according to the report?,1726,False
Is the heart size normal?,1726,False
What are the key findings in this chest X-ray report?,1727,False
What abnormality is present according to the report?,1727,False
Is there any opacity?,1727,False
Is there any atelectasis?,1727,False
What are the key findings in this chest X-ray report?,1728,False
What abnormality is present according to the report?,1728,False
Is there any opacity?,1728,False
What are the key findings in this chest X-ray report?,1729,False
What abnormality is present according to the report?,1729,False
What are the key findings in this chest X-ray report?,1730,False
What abnormality is present according to the report?,1730,False
What are the key findings in this chest X-ray report?,1731,False
What abnormality is present according to the report?,1731,False
What are the key findings in this chest X-ray report?,1732,False
What abnormality is present according to the report?,1732,False
Is the heart size normal?,1732,False
What are the key findings in this chest X-ray report?,1733,False
What abnormality is present according to the report?,1733,False
Is there any effusion?,1733,False
Is there any opacity?,1733,False
Is there any atelectasis?,1733,False
What are the key findings in this chest X-ray report?,1734,False
What abnormality is present according to the report?,1734,False
Is the heart size normal?,1734,False
What are the key findings in this chest X-ray report?,1735,False
What abnormality is present according to the report?,1735,False
What are the key findings in this chest X-ray report?,1736,False
What abnormality is present according to the report?,1736,False
What are the key findings in this chest X-ray report?,1737,False
What abnormality is present according to the report?,1737,False
Is the heart size normal?,1737,False
What are the key findings in this chest X-ray report?,1738,False
What abnormality is present according to the report?,1738,False
What are the key findings in this chest X-ray report?,1739,False
What abnormality is present according to the report?,1739,False
Is there any opacity?,1739,False
Is there any atelectasis?,1739,False
What are the key findings in this chest X-ray report?,1740,False
What abnormality is present according to the report?,1740,False
Is there any opacity?,1740,False
What are the key findings in this chest X-ray report?,1742,False
What abnormality is present according to the report?,1742,False
Is there any cardiomegaly?,1742,False
What are the key findings in this chest X-ray report?,1743,False
What abnormality is present according to the report?,1743,False
Is there any cardiomegaly?,1743,False
What are the key findings in this chest X-ray report?,1744,False
What abnormality is present according to the report?,1744,False
Is the heart size normal?,1744,False
What are the key findings in this chest X-ray report?,1745,False
What abnormality is present according to the report?,1745,False
Is the heart size normal?,1745,False
What are the key findings in this chest X-ray report?,1746,False
What abnormality is present according to the report?,1746,False
Is the heart size normal?,1746,False
What are the key findings in this chest X-ray report?,1747,False
What abnormality is present according to the report?,1747,False
Is there any opacity?,1747,True
What are the key findings in this chest X-ray report?,1748,False
What abnormality is present according to the report?,1748,False
Is the heart size normal?,1748,False
What are the key findings in this chest X-ray report?,1750,False
What abnormality is present according to the report?,1750,False
Is there any opacity?,1750,False
What are the key findings in this chest X-ray report?,1751,False
What abnormality is present according to the report?,1751,False
Is the heart size normal?,1751,False
What are the key findings in this chest X-ray report?,1752,False
What abnormality is present according to the report?,1752,False
Is there any opacity?,1752,False
What are the key findings in this chest X-ray report?,1753,False
What abnormality is present according to the report?,1753,False
Is there any cardiomegaly?,1753,False
What are the key findings in this chest X-ray report?,1754,False
What abnormality is present according to the report?,1754,False
Is there any opacity?,1754,False
What are the key findings in this chest X-ray report?,1755,False
What abnormality is present according to the report?,1755,False
What are the key findings in this chest X-ray report?,1756,False
What abnormality is present according to the report?,1756,False
Is the heart size normal?,1756,False
What are the key findings in this chest X-ray report?,1757,False
What abnormality is present according to the report?,1757,False
Is the heart size normal?,1757,False
What are the key findings in this chest X-ray report?,1758,False
What abnormality is present according to the report?,1758,False
What are the key findings in this chest X-ray report?,1759,False
What abnormality is present according to the report?,1759,False
What are the key findings in this chest X-ray report?,1760,False
What abnormality is present according to the report?,1760,False
Is there any cardiomegaly?,1760,False
Is there any atelectasis?,1760,False
What are the key findings in this chest X-ray report?,1762,False
What abnormality is present according to the report?,1762,False
What are the key findings in this chest X-ray report?,1763,False
What abnormality is present according to the report?,1763,False
What are the key findings in this chest X-ray report?,1764,False
What abnormality is present according to the report?,1764,False
What are the key findings in this chest X-ray report?,1765,False
What abnormality is present according to the report?,1765,False
What are the key findings in this chest X-ray report?,1766,False
What abnormality is present according to the report?,1766,False
Is the heart size normal?,1766,False
What are the key findings in this chest X-ray report?,1767,False
What abnormality is present according to the report?,1767,False
What are the key findings in this chest X-ray report?,1768,False
What abnormality is present according to the report?,1768,False
What are the key findings in this chest X-ray report?,1769,False
What abnormality is present according to the report?,1769,False
Is there any effusion?,1769,False
Is there any atelectasis?,1769,False
What are the key findings in this chest X-ray report?,1770,False
What abnormality is present according to the report?,1770,False
Is the heart size normal?,1770,False
What are the key findings in this chest X-ray report?,1771,False
What abnormality is present according to the report?,1771,False
What are the key findings in this chest X-ray report?,1773,False
What abnormality is present according to the report?,1773,False
What are the key findings in this chest X-ray report?,1774,False
What abnormality is present according to the report?,1774,False
What are the key findings in this chest X-ray report?,1775,False
What abnormality is present according to the report?,1775,False
Is the heart size normal?,1775,False
What are the key findings in this chest X-ray report?,1776,False
What abnormality is present according to the report?,1776,False
What are the key findings in this chest X-ray report?,1777,False
What abnormality is present according to the report?,1777,False
Is there any opacity?,1777,False
What are the key findings in this chest X-ray report?,1779,False
What abnormality is present according to the report?,1779,False
Is the heart size normal?,1779,False
What are the key findings in this chest X-ray report?,1780,False
What abnormality is present according to the report?,1780,False
Is the heart size normal?,1780,False
What are the key findings in this chest X-ray report?,1781,False
What abnormality is present according to the report?,1781,False
What are the key findings in this chest X-ray report?,1782,False
What abnormality is present according to the report?,1782,False
What are the key findings in this chest X-ray report?,1783,False
What abnormality is present according to the report?,1783,False
What are the key findings in this chest X-ray report?,1784,False
What abnormality is present according to the report?,1784,False
What are the key findings in this chest X-ray report?,1785,False
What abnormality is present according to the report?,1785,False
What are the key findings in this chest X-ray report?,1786,False
What abnormality is present according to the report?,1786,False
What are the key findings in this chest X-ray report?,1787,False
What abnormality is present according to the report?,1787,False
What are the key findings in this chest X-ray report?,1788,False
What abnormality is present according to the report?,1788,False
Is the heart size normal?,1788,False
What are the key findings in this chest X-ray report?,1789,False
What abnormality is present according to the report?,1789,False
What are the key findings in this chest X-ray report?,1790,False
What abnormality is present according to the report?,1790,False
Is the heart size normal?,1790,False
What are the key findings in this chest X-ray report?,1791,False
What abnormality is present according to the report?,1791,False
What are the key findings in this chest X-ray report?,1792,False
What abnormality is present according to the report?,1792,False
Is there any effusion?,1792,False
Is there any opacity?,1792,False
Is there any atelectasis?,1792,False
What are the key findings in this chest X-ray report?,1793,False
What abnormality is present according to the report?,1793,False
Is the heart size normal?,1793,False
What are the key findings in this chest X-ray report?,1794,False
What abnormality is present according to the report?,1794,False
Is the heart size normal?,1794,False
What are the key findings in this chest X-ray report?,1795,False
What abnormality is present according to the report?,1795,False
Is there any cardiomegaly?,1795,False
What are the key findings in this chest X-ray report?,1796,False
What abnormality is present according to the report?,1796,False
Is the heart size normal?,1796,False
What are the key findings in this chest X-ray report?,1797,False
What abnormality is present according to the report?,1797,False
What are the key findings in this chest X-ray report?,1798,False
What abnormality is present according to the report?,1798,False
What are the key findings in this chest X-ray report?,1799,False
What abnormality is present according to the report?,1799,False
Is the heart size normal?,1799,False
What are the key findings in this chest X-ray report?,1800,False
What abnormality is present according to the report?,1800,False
What are the key findings in this chest X-ray report?,1801,False
What abnormality is present according to the report?,1801,False
Is there any cardiomegaly?,1801,False
What are the key findings in this chest X-ray report?,1802,False
What abnormality is present according to the report?,1802,False
Is the heart size normal?,1802,False
What are the key findings in this chest X-ray report?,1803,False
What abnormality is present according to the report?,1803,False
What are the key findings in this chest X-ray report?,1804,False
What abnormality is present according to the report?,1804,False
What are the key findings in this chest X-ray report?,1805,False
What abnormality is present according to the report?,1805,False
Is the heart size normal?,1805,False
What are the key findings in this chest X-ray report?,1806,False
What abnormality is present according to the report?,1806,False
What are the key findings in this chest X-ray report?,1807,False
What abnormality is present according to the report?,1807,False
Is there any cardiomegaly?,1807,False
Is there any edema?,1807,False
What are the key findings in this chest X-ray report?,1808,False
What abnormality is present according to the report?,1808,False
What are the key findings in this chest X-ray report?,1809,False
What abnormality is present according to the report?,1809,False
Is the heart size normal?,1809,False
What are the key findings in this chest X-ray report?,1810,False
What abnormality is present according to the report?,1810,False
Is the heart size normal?,1810,False
What are the key findings in this chest X-ray report?,1811,False
What abnormality is present according to the report?,1811,False
Is there any cardiomegaly?,1811,False
What are the key findings in this chest X-ray report?,1812,False
What abnormality is present according to the report?,1812,False
Is the heart size normal?,1812,False
What are the key findings in this chest X-ray report?,1813,False
What abnormality is present according to the report?,1813,False
Is the heart size normal?,1813,False
What are the key findings in this chest X-ray report?,1814,False
What abnormality is present according to the report?,1814,False
Is the heart size normal?,1814,False
What are the key findings in this chest X-ray report?,1815,False
What abnormality is present according to the report?,1815,False
What are the key findings in this chest X-ray report?,1816,False
What abnormality is present according to the report?,1816,False
What are the key findings in this chest X-ray report?,1817,False
What abnormality is present according to the report?,1817,False
Is there any opacity?,1817,False
What are the key findings in this chest X-ray report?,1818,False
What abnormality is present according to the report?,1818,False
Is there any atelectasis?,1818,False
What are the key findings in this chest X-ray report?,1819,False
What abnormality is present according to the report?,1819,False
Is there any cardiomegaly?,1819,False
Is there any atelectasis?,1819,False
What are the key findings in this chest X-ray report?,1820,False
What abnormality is present according to the report?,1820,False
What are the key findings in this chest X-ray report?,1821,False
What abnormality is present according to the report?,1821,False
What are the key findings in this chest X-ray report?,1822,False
What abnormality is present according to the report?,1822,False
What are the key findings in this chest X-ray report?,1823,False
What abnormality is present according to the report?,1823,False
What are the key findings in this chest X-ray report?,1824,False
What abnormality is present according to the report?,1824,False
Is the heart size normal?,1824,False
What are the key findings in this chest X-ray report?,1825,False
What abnormality is present according to the report?,1825,False
What are the key findings in this chest X-ray report?,1826,False
What abnormality is present according to the report?,1826,False
Is the heart size normal?,1826,False
What are the key findings in this chest X-ray report?,1827,False
What abnormality is present according to the report?,1827,False
Is the heart size normal?,1827,False
What are the key findings in this chest X-ray report?,1828,False
What abnormality is present according to the report?,1828,False
Is the heart size normal?,1828,False
What are the key findings in this chest X-ray report?,1829,False
What abnormality is present according to the report?,1829,False
Is there any effusion?,1829,False
What are the key findings in this chest X-ray report?,1830,False
What abnormality is present according to the report?,1830,False
What are the key findings in this chest X-ray report?,1831,False
What abnormality is present according to the report?,1831,False
Is the heart size normal?,1831,False
What are the key findings in this chest X-ray report?,1832,False
What abnormality is present according to the report?,1832,False
Is there any cardiomegaly?,1832,False
Is there any opacity?,1832,False
Is there any atelectasis?,1832,False
What are the key findings in this chest X-ray report?,1833,False
What abnormality is present according to the report?,1833,False
Is there any atelectasis?,1833,False
What are the key findings in this chest X-ray report?,1834,False
What abnormality is present according to the report?,1834,False
Is the heart size normal?,1834,False
What are the key findings in this chest X-ray report?,1835,False
What abnormality is present according to the report?,1835,False
What are the key findings in this chest X-ray report?,1836,False
What abnormality is present according to the report?,1836,False
What are the key findings in this chest X-ray report?,1837,False
What abnormality is present according to the report?,1837,False
Is the heart size normal?,1837,False
What are the key findings in this chest X-ray report?,1838,False
What abnormality is present according to the report?,1838,False
What are the key findings in this chest X-ray report?,1839,False
What abnormality is present according to the report?,1839,False
What are the key findings in this chest X-ray report?,1840,False
What abnormality is present according to the report?,1840,False
Is there any opacity?,1840,False
What are the key findings in this chest X-ray report?,1841,False
What abnormality is present according to the report?,1841,False
What are the key findings in this chest X-ray report?,1842,False
What abnormality is present according to the report?,1842,False
What are the key findings in this chest X-ray report?,1843,False
What abnormality is present according to the report?,1843,False
Is the heart size normal?,1843,False
What are the key findings in this chest X-ray report?,1844,False
What abnormality is present according to the report?,1844,False
What are the key findings in this chest X-ray report?,1845,False
What abnormality is present according to the report?,1845,False
Is there any effusion?,1845,False
What are the key findings in this chest X-ray report?,1846,False
What abnormality is present according to the report?,1846,False
What are the key findings in this chest X-ray report?,1847,False
What abnormality is present according to the report?,1847,False
What are the key findings in this chest X-ray report?,1848,False
What abnormality is present according to the report?,1848,False
What are the key findings in this chest X-ray report?,1849,False
What abnormality is present according to the report?,1849,False
What are the key findings in this chest X-ray report?,1850,False
What abnormality is present according to the report?,1850,False
Is the heart size normal?,1850,False
What are the key findings in this chest X-ray report?,1851,False
What abnormality is present according to the report?,1851,False
Is the heart size normal?,1851,False
What are the key findings in this chest X-ray report?,1852,False
What abnormality is present according to the report?,1852,False
Is the heart size normal?,1852,False
What are the key findings in this chest X-ray report?,1853,False
What abnormality is present according to the report?,1853,False
Is the heart size normal?,1853,False
What are the key findings in this chest X-ray report?,1854,False
What abnormality is present according to the report?,1854,False
Is the heart size normal?,1854,False
What are the key findings in this chest X-ray report?,1855,False
What abnormality is present according to the report?,1855,False
Is there any opacity?,1855,False
What are the key findings in this chest X-ray report?,1856,False
What abnormality is present according to the report?,1856,False
Is the heart size normal?,1856,False
What are the key findings in this chest X-ray report?,1857,False
What abnormality is present according to the report?,1857,False
Is there any cardiomegaly?,1857,False
What are the key findings in this chest X-ray report?,1859,False
What abnormality is present according to the report?,1859,False
What are the key findings in this chest X-ray report?,1860,False
What abnormality is present according to the report?,1860,False
What are the key findings in this chest X-ray report?,1861,False
What abnormality is present according to the report?,1861,False
Is the heart size normal?,1861,False
What are the key findings in this chest X-ray report?,1863,False
What abnormality is present according to the report?,1863,False
Is there any cardiomegaly?,1863,False
Is there any atelectasis?,1863,False
What are the key findings in this chest X-ray report?,1864,False
What abnormality is present according to the report?,1864,False
Is there any cardiomegaly?,1864,False
What are the key findings in this chest X-ray report?,1865,False
What abnormality is present according to the report?,1865,False
What are the key findings in this chest X-ray report?,1866,False
What abnormality is present according to the report?,1866,False
What are the key findings in this chest X-ray report?,1867,False
What abnormality is present according to the report?,1867,False
Is there any cardiomegaly?,1867,False
Is there any effusion?,1867,False
Is there any opacity?,1867,False
Is there any atelectasis?,1867,False
What are the key findings in this chest X-ray report?,1868,False
What abnormality is present according to the report?,1868,False
Is there any effusion?,1868,False
What are the key findings in this chest X-ray report?,1870,False
What abnormality is present according to the report?,1870,False
Is there any cardiomegaly?,1870,False
What are the key findings in this chest X-ray report?,1871,False
What abnormality is present according to the report?,1871,False
Is the heart size normal?,1871,False
What are the key findings in this chest X-ray report?,1872,False
What abnormality is present according to the report?,1872,False
What are the key findings in this chest X-ray report?,1873,False
What abnormality is present according to the report?,1873,False
What are the key findings in this chest X-ray report?,1874,False
What abnormality is present according to the report?,1874,False
Is there any opacity?,1874,False
Is there any pneumothorax?,1874,False
Is there any atelectasis?,1874,False
What are the key findings in this chest X-ray report?,1875,False
What abnormality is present according to the report?,1875,False
What are the key findings in this chest X-ray report?,1876,False
What abnormality is present according to the report?,1876,False
What are the key findings in this chest X-ray report?,1877,False
What abnormality is present according to the report?,1877,False
Is the heart size normal?,1877,False
What are the key findings in this chest X-ray report?,1878,False
What abnormality is present according to the report?,1878,False
What are the key findings in this chest X-ray report?,1879,False
What abnormality is present according to the report?,1879,False
Is the heart size normal?,1879,False
What are the key findings in this chest X-ray report?,1880,False
What abnormality is present according to the report?,1880,False
What are the key findings in this chest X-ray report?,1881,False
What abnormality is present according to the report?,1881,False
What are the key findings in this chest X-ray report?,1882,False
What abnormality is present according to the report?,1882,False
Is the heart size normal?,1882,False
What are the key findings in this chest X-ray report?,1883,False
What abnormality is present according to the report?,1883,False
What are the key findings in this chest X-ray report?,1884,False
What abnormality is present according to the report?,1884,False
What are the key findings in this chest X-ray report?,1885,False
What abnormality is present according to the report?,1885,False
Is the heart size normal?,1885,False
What are the key findings in this chest X-ray report?,1886,False
What abnormality is present according to the report?,1886,False
What are the key findings in this chest X-ray report?,1887,False
What abnormality is present according to the report?,1887,False
What are the key findings in this chest X-ray report?,1888,False
What abnormality is present according to the report?,1888,False
What are the key findings in this chest X-ray report?,1889,False
What abnormality is present according to the report?,1889,False
Is there any atelectasis?,1889,False
What are the key findings in this chest X-ray report?,1891,False
What abnormality is present according to the report?,1891,False
What are the key findings in this chest X-ray report?,1892,False
What abnormality is present according to the report?,1892,False
What are the key findings in this chest X-ray report?,1893,False
What abnormality is present according to the report?,1893,False
What are the key findings in this chest X-ray report?,1894,False
What abnormality is present according to the report?,1894,False
Is there any opacity?,1894,False
What are the key findings in this chest X-ray report?,1895,False
What abnormality is present according to the report?,1895,False
What are the key findings in this chest X-ray report?,1896,False
What abnormality is present according to the report?,1896,False
Is the heart size normal?,1896,False
What are the key findings in this chest X-ray report?,1897,False
What abnormality is present according to the report?,1897,False
What are the key findings in this chest X-ray report?,1898,False
What abnormality is present according to the report?,1898,False
Is there any cardiomegaly?,1898,False
Is there any edema?,1898,False
What are the key findings in this chest X-ray report?,1899,False
What abnormality is present according to the report?,1899,False
Is the heart size normal?,1899,False
What are the key findings in this chest X-ray report?,1900,False
What abnormality is present according to the report?,1900,False
What are the key findings in this chest X-ray report?,1901,False
What abnormality is present according to the report?,1901,False
What are the key findings in this chest X-ray report?,1902,False
What abnormality is present according to the report?,1902,False
Is the heart size normal?,1902,False
What are the key findings in this chest X-ray report?,1903,False
What abnormality is present according to the report?,1903,False
Is the heart size normal?,1903,False
What are the key findings in this chest X-ray report?,1904,False
What abnormality is present according to the report?,1904,False
What are the key findings in this chest X-ray report?,1905,False
What abnormality is present according to the report?,1905,False
What are the key findings in this chest X-ray report?,1906,False
What abnormality is present according to the report?,1906,False
Is there any cardiomegaly?,1906,False
Is there any opacity?,1906,False
What are the key findings in this chest X-ray report?,1907,False
What abnormality is present according to the report?,1907,False
Is the heart size normal?,1907,False
What are the key findings in this chest X-ray report?,1908,False
What abnormality is present according to the report?,1908,False
Is there any opacity?,1908,False
What are the key findings in this chest X-ray report?,1909,False
What abnormality is present according to the report?,1909,False
Is there any cardiomegaly?,1909,False
What are the key findings in this chest X-ray report?,1910,False
What abnormality is present according to the report?,1910,False
What are the key findings in this chest X-ray report?,1911,False
What abnormality is present according to the report?,1911,False
Is the heart size normal?,1911,False
What are the key findings in this chest X-ray report?,1912,False
What abnormality is present according to the report?,1912,False
Is the heart size normal?,1912,False
What are the key findings in this chest X-ray report?,1913,False
What abnormality is present according to the report?,1913,False
What are the key findings in this chest X-ray report?,1914,False
What abnormality is present according to the report?,1914,False
Is there any opacity?,1914,False
What are the key findings in this chest X-ray report?,1915,False
What abnormality is present according to the report?,1915,False
Is the heart size normal?,1915,False
What are the key findings in this chest X-ray report?,1916,False
What abnormality is present according to the report?,1916,False
What are the key findings in this chest X-ray report?,1918,False
What abnormality is present according to the report?,1918,False
Is there any opacity?,1918,False
What are the key findings in this chest X-ray report?,1919,False
What abnormality is present according to the report?,1919,False
Is there any atelectasis?,1919,False
What are the key findings in this chest X-ray report?,1920,False
What abnormality is present according to the report?,1920,False
Is the heart size normal?,1920,False
What are the key findings in this chest X-ray report?,1921,False
What abnormality is present according to the report?,1921,False
What are the key findings in this chest X-ray report?,1922,False
What abnormality is present according to the report?,1922,False
Is the heart size normal?,1922,False
What are the key findings in this chest X-ray report?,1923,False
What abnormality is present according to the report?,1923,False
Is there any cardiomegaly?,1923,False
What are the key findings in this chest X-ray report?,1924,False
What abnormality is present according to the report?,1924,False
What are the key findings in this chest X-ray report?,1925,False
What abnormality is present according to the report?,1925,False
What are the key findings in this chest X-ray report?,1926,False
What abnormality is present according to the report?,1926,False
What are the key findings in this chest X-ray report?,1927,False
What abnormality is present according to the report?,1927,False
What are the key findings in this chest X-ray report?,1928,False
What abnormality is present according to the report?,1928,False
Is the heart size normal?,1928,False
What are the key findings in this chest X-ray report?,1929,False
What abnormality is present according to the report?,1929,False
Is there any opacity?,1929,False
Is there any atelectasis?,1929,False
What are the key findings in this chest X-ray report?,1930,False
What abnormality is present according to the report?,1930,False
What are the key findings in this chest X-ray report?,1931,False
What abnormality is present according to the report?,1931,False
Is the heart size normal?,1931,False
What are the key findings in this chest X-ray report?,1932,False
What abnormality is present according to the report?,1932,False
Is the heart size normal?,1932,False
What are the key findings in this chest X-ray report?,1933,False
What abnormality is present according to the report?,1933,False
What are the key findings in this chest X-ray report?,1934,False
What abnormality is present according to the report?,1934,False
What are the key findings in this chest X-ray report?,1935,False
What abnormality is present according to the report?,1935,False
Is there any cardiomegaly?,1935,False
What are the key findings in this chest X-ray report?,1936,False
What abnormality is present according to the report?,1936,False
Is there any cardiomegaly?,1936,False
What are the key findings in this chest X-ray report?,1937,False
What abnormality is present according to the report?,1937,False
Is the heart size normal?,1937,False
What are the key findings in this chest X-ray report?,1938,False
What abnormality is present according to the report?,1938,False
Is the heart size normal?,1938,False
What are the key findings in this chest X-ray report?,1939,False
What abnormality is present according to the report?,1939,False
Is there any opacity?,1939,False
What are the key findings in this chest X-ray report?,1940,False
What abnormality is present according to the report?,1940,False
Is the heart size normal?,1940,False
What are the key findings in this chest X-ray report?,1941,False
What abnormality is present according to the report?,1941,False
Is there any cardiomegaly?,1941,False
Is there any opacity?,1941,False
What are the key findings in this chest X-ray report?,1942,False
What abnormality is present according to the report?,1942,False
Is there any cardiomegaly?,1942,False
What are the key findings in this chest X-ray report?,1943,False
What abnormality is present according to the report?,1943,False
What are the key findings in this chest X-ray report?,1944,False
What abnormality is present according to the report?,1944,False
What are the key findings in this chest X-ray report?,1945,False
What abnormality is present according to the report?,1945,False
Is there any opacity?,1945,False
Is there any atelectasis?,1945,False
What are the key findings in this chest X-ray report?,1946,False
What abnormality is present according to the report?,1946,False
What are the key findings in this chest X-ray report?,1947,False
What abnormality is present according to the report?,1947,False
What are the key findings in this chest X-ray report?,1948,False
What abnormality is present according to the report?,1948,False
Is the heart size normal?,1948,False
What are the key findings in this chest X-ray report?,1949,False
What abnormality is present according to the report?,1949,False
What are the key findings in this chest X-ray report?,1950,False
What abnormality is present according to the report?,1950,False
Is the heart size normal?,1950,False
What are the key findings in this chest X-ray report?,1951,False
What abnormality is present according to the report?,1951,False
Is the heart size normal?,1951,False
What are the key findings in this chest X-ray report?,1952,False
What abnormality is present according to the report?,1952,False
Is there any opacity?,1952,False
Is there any atelectasis?,1952,False
What are the key findings in this chest X-ray report?,1953,False
What abnormality is present according to the report?,1953,False
Is the heart size normal?,1953,False
What are the key findings in this chest X-ray report?,1954,False
What abnormality is present according to the report?,1954,False
Is the heart size normal?,1954,False
What are the key findings in this chest X-ray report?,1956,False
What abnormality is present according to the report?,1956,False
Is the heart size normal?,1956,False
What are the key findings in this chest X-ray report?,1957,False
What abnormality is present according to the report?,1957,False
Is there any effusion?,1957,False
Is there any opacity?,1957,False
What are the key findings in this chest X-ray report?,1958,False
What abnormality is present according to the report?,1958,False
What are the key findings in this chest X-ray report?,1959,False
What abnormality is present according to the report?,1959,True
What are the key findings in this chest X-ray report?,1960,False
What abnormality is present according to the report?,1960,False
Is the heart size normal?,1960,False
What are the key findings in this chest X-ray report?,1961,False
What abnormality is present according to the report?,1961,False
Is there any cardiomegaly?,1961,False
Is there any atelectasis?,1961,False
What are the key findings in this chest X-ray report?,1962,False
What abnormality is present according to the report?,1962,False
What are the key findings in this chest X-ray report?,1963,False
What abnormality is present according to the report?,1963,False
Is the heart size normal?,1963,False
What are the key findings in this chest X-ray report?,1964,False
What abnormality is present according to the report?,1964,False
Is the heart size normal?,1964,False
What are the key findings in this chest X-ray report?,1965,False
What abnormality is present according to the report?,1965,False
Is there any cardiomegaly?,1965,False
Is there any opacity?,1965,False
Is there any edema?,1965,False
What are the key findings in this chest X-ray report?,1966,False
What abnormality is present according to the report?,1966,False
Is the heart size normal?,1966,False
What are the key findings in this chest X-ray report?,1967,False
What abnormality is present according to the report?,1967,False
Is there any opacity?,1967,False
Is there any atelectasis?,1967,False
What are the key findings in this chest X-ray report?,1968,False
What abnormality is present according to the report?,1968,False
What are the key findings in this chest X-ray report?,1969,False
What abnormality is present according to the report?,1969,False
Is the heart size normal?,1969,False
What are the key findings in this chest X-ray report?,1970,False
What abnormality is present according to the report?,1970,False
Is there any cardiomegaly?,1970,False
What are the key findings in this chest X-ray report?,1971,False
What abnormality is present according to the report?,1971,False
Is the heart size normal?,1971,False
What are the key findings in this chest X-ray report?,1972,False
What abnormality is present according to the report?,1972,False
Is there any opacity?,1972,False
What are the key findings in this chest X-ray report?,1973,False
What abnormality is present according to the report?,1973,False
What are the key findings in this chest X-ray report?,1974,False
What abnormality is present according to the report?,1974,False
Is the heart size normal?,1974,False
What are the key findings in this chest X-ray report?,1975,False
What abnormality is present according to the report?,1975,False
Is the heart size normal?,1975,False
What are the key findings in this chest X-ray report?,1976,False
What abnormality is present according to the report?,1976,False
Is there any opacity?,1976,False
What are the key findings in this chest X-ray report?,1977,False
What abnormality is present according to the report?,1977,False
Is there any atelectasis?,1977,False
What are the key findings in this chest X-ray report?,1978,False
What abnormality is present according to the report?,1978,False
What are the key findings in this chest X-ray report?,1979,False
What abnormality is present according to the report?,1979,False
Is the heart size normal?,1979,False
What are the key findings in this chest X-ray report?,1980,False
What abnormality is present according to the report?,1980,False
Is the heart size normal?,1980,False
What are the key findings in this chest X-ray report?,1981,False
What abnormality is present according to the report?,1981,False
What are the key findings in this chest X-ray report?,1982,False
What abnormality is present according to the report?,1982,False
Is there any opacity?,1982,False
Is there any atelectasis?,1982,False
What are the key findings in this chest X-ray report?,1983,False
What abnormality is present according to the report?,1983,False
Is the heart size normal?,1983,False
What are the key findings in this chest X-ray report?,1984,False
What abnormality is present according to the report?,1984,False
What are the key findings in this chest X-ray report?,1985,False
What abnormality is present according to the report?,1985,False
Is the heart size normal?,1985,False
What are the key findings in this chest X-ray report?,1986,False
What abnormality is present according to the report?,1986,False
Is there any opacity?,1986,False
What are the key findings in this chest X-ray report?,1987,False
What abnormality is present according to the report?,1987,False
Is the heart size normal?,1987,False
What are the key findings in this chest X-ray report?,1988,False
What abnormality is present according to the report?,1988,False
Is there any opacity?,1988,False
What are the key findings in this chest X-ray report?,1990,False
What abnormality is present according to the report?,1990,False
Is there any cardiomegaly?,1990,False
What are the key findings in this chest X-ray report?,1991,False
What abnormality is present according to the report?,1991,False
Is there any opacity?,1991,False
Is there any atelectasis?,1991,False
What are the key findings in this chest X-ray report?,1992,False
What abnormality is present according to the report?,1992,False
Is there any cardiomegaly?,1992,False
What are the key findings in this chest X-ray report?,1993,False
What abnormality is present according to the report?,1993,False
What are the key findings in this chest X-ray report?,1994,False
What abnormality is present according to the report?,1994,False
Is the heart size normal?,1994,False
What are the key findings in this chest X-ray report?,1995,False
What abnormality is present according to the report?,1995,False
Is the heart size normal?,1995,False
What are the key findings in this chest X-ray report?,1997,False
What abnormality is present according to the report?,1997,False
Is the heart size normal?,1997,False
What are the key findings in this chest X-ray report?,1999,False
What abnormality is present according to the report?,1999,False
Is the heart size normal?,1999,False
What are the key findings in this chest X-ray report?,2000,False
What abnormality is present according to the report?,2000,False
Is the heart size normal?,2000,False
What are the key findings in this chest X-ray report?,2001,False
What abnormality is present according to the report?,2001,False
Is there any atelectasis?,2001,False
What are the key findings in this chest X-ray report?,2002,False
What abnormality is present according to the report?,2002,False
What are the key findings in this chest X-ray report?,2003,False
What abnormality is present according to the report?,2003,False
Is there any cardiomegaly?,2003,False
What are the key findings in this chest X-ray report?,2005,False
What abnormality is present according to the report?,2005,False
Is the heart size normal?,2005,False
What are the key findings in this chest X-ray report?,2006,False
What abnormality is present according to the report?,2006,False
Is there any cardiomegaly?,2006,False
What are the key findings in this chest X-ray report?,2007,False
What abnormality is present according to the report?,2007,False
What are the key findings in this chest X-ray report?,2008,False
What abnormality is present according to the report?,2008,False
Is the heart size normal?,2008,False
What are the key findings in this chest X-ray report?,2010,False
What abnormality is present according to the report?,2010,False
Is the heart size normal?,2010,False
What are the key findings in this chest X-ray report?,2011,False
What abnormality is present according to the report?,2011,False
What are the key findings in this chest X-ray report?,2012,False
What abnormality is present according to the report?,2012,False
Is the heart size normal?,2012,False
What are the key findings in this chest X-ray report?,2013,False
What abnormality is present according to the report?,2013,False
Is there any atelectasis?,2013,False
What are the key findings in this chest X-ray report?,2014,False
What abnormality is present according to the report?,2014,False
What are the key findings in this chest X-ray report?,2015,False
What abnormality is present according to the report?,2015,False
Is the heart size normal?,2015,False
What are the key findings in this chest X-ray report?,2016,False
What abnormality is present according to the report?,2016,False
Is the heart size normal?,2016,False
What are the key findings in this chest X-ray report?,2017,False
What abnormality is present according to the report?,2017,False
Is the heart size normal?,2017,False
What are the key findings in this chest X-ray report?,2018,False
What abnormality is present according to the report?,2018,False
What are the key findings in this chest X-ray report?,2019,False
What abnormality is present according to the report?,2019,False
Is the heart size normal?,2019,False
What are the key findings in this chest X-ray report?,2020,False
What abnormality is present according to the report?,2020,False
Is the heart size normal?,2020,False
What are the key findings in this chest X-ray report?,2021,False
What abnormality is present according to the report?,2021,False
Is there any cardiomegaly?,2021,False
What are the key findings in this chest X-ray report?,2022,False
What abnormality is present according to the report?,2022,False
What are the key findings in this chest X-ray report?,2023,False
What abnormality is present according to the report?,2023,False
Is the heart size normal?,2023,False
What are the key findings in this chest X-ray report?,2024,False
What abnormality is present according to the report?,2024,False
Is the heart size normal?,2024,False
What are the key findings in this chest X-ray report?,2025,False
What abnormality is present according to the report?,2025,False
Is the heart size normal?,2025,False
What are the key findings in this chest X-ray report?,2026,False
What abnormality is present according to the report?,2026,False
Is the heart size normal?,2026,False
What are the key findings in this chest X-ray report?,2027,False
What abnormality is present according to the report?,2027,False
What are the key findings in this chest X-ray report?,2028,False
What abnormality is present according to the report?,2028,False
Is the heart size normal?,2028,False
What are the key findings in this chest X-ray report?,2029,False
What abnormality is present according to the report?,2029,False
Is the heart size normal?,2029,False
What are the key findings in this chest X-ray report?,2030,False
What abnormality is present according to the report?,2030,False
What are the key findings in this chest X-ray report?,2031,False
What abnormality is present according to the report?,2031,False
Is the heart size normal?,2031,False
What are the key findings in this chest X-ray report?,2032,False
What abnormality is present according to the report?,2032,False
Is the heart size normal?,2032,False
What are the key findings in this chest X-ray report?,2033,False
What abnormality is present according to the report?,2033,False
What are the key findings in this chest X-ray report?,2034,False
What abnormality is present according to the report?,2034,False
Is there any opacity?,2034,False
Is there any atelectasis?,2034,False
What are the key findings in this chest X-ray report?,2035,False
What abnormality is present according to the report?,2035,False
What are the key findings in this chest X-ray report?,2036,False
What abnormality is present according to the report?,2036,False
Is there any cardiomegaly?,2036,False
Is there any atelectasis?,2036,False
What are the key findings in this chest X-ray report?,2038,False
What abnormality is present according to the report?,2038,False
Is the heart size normal?,2038,False
What are the key findings in this chest X-ray report?,2039,False
What abnormality is present according to the report?,2039,False
What are the key findings in this chest X-ray report?,2040,False
What abnormality is present according to the report?,2040,False
Is there any cardiomegaly?,2040,True
What are the key findings in this chest X-ray report?,2041,False
What abnormality is present according to the report?,2041,False
Is the heart size normal?,2041,False
What are the key findings in this chest X-ray report?,2042,False
What abnormality is present according to the report?,2042,False
What are the key findings in this chest X-ray report?,2043,False
What abnormality is present according to the report?,2043,False
Is there any cardiomegaly?,2043,False
What are the key findings in this chest X-ray report?,2044,False
What abnormality is present according to the report?,2044,False
What are the key findings in this chest X-ray report?,2045,False
What abnormality is present according to the report?,2045,False
What are the key findings in this chest X-ray report?,2046,False
What abnormality is present according to the report?,2046,False
Is there any effusion?,2046,False
Is there any atelectasis?,2046,False
What are the key findings in this chest X-ray report?,2047,False
What abnormality is present according to the report?,2047,False
What are the key findings in this chest X-ray report?,2048,False
What abnormality is present according to the report?,2048,False
What are the key findings in this chest X-ray report?,2049,False
What abnormality is present according to the report?,2049,False
What are the key findings in this chest X-ray report?,2050,False
What abnormality is present according to the report?,2050,False
Is there any opacity?,2050,False
Is there any atelectasis?,2050,False
What are the key findings in this chest X-ray report?,2052,False
What abnormality is present according to the report?,2052,False
What are the key findings in this chest X-ray report?,2053,False
What abnormality is present according to the report?,2053,False
Is the heart size normal?,2053,False
What are the key findings in this chest X-ray report?,2054,False
What abnormality is present according to the report?,2054,False
Is there any opacity?,2054,False
What are the key findings in this chest X-ray report?,2055,False
What abnormality is present according to the report?,2055,False
Is there any effusion?,2055,False
Is there any opacity?,2055,False
Is there any edema?,2055,False
Is there any atelectasis?,2055,False
What are the key findings in this chest X-ray report?,2056,False
What abnormality is present according to the report?,2056,False
Is the heart size normal?,2056,False
What are the key findings in this chest X-ray report?,2058,False
What abnormality is present according to the report?,2058,False
What are the key findings in this chest X-ray report?,2059,False
What abnormality is present according to the report?,2059,False
Is there any opacity?,2059,False
What are the key findings in this chest X-ray report?,2060,False
What abnormality is present according to the report?,2060,False
What are the key findings in this chest X-ray report?,2061,False
What abnormality is present according to the report?,2061,False
Is the heart size normal?,2061,False
What are the key findings in this chest X-ray report?,2062,False
What abnormality is present according to the report?,2062,False
Is there any atelectasis?,2062,False
What are the key findings in this chest X-ray report?,2063,False
What abnormality is present according to the report?,2063,False
What are the key findings in this chest X-ray report?,2065,False
What abnormality is present according to the report?,2065,False
What are the key findings in this chest X-ray report?,2066,False
What abnormality is present according to the report?,2066,False
Is there any cardiomegaly?,2066,False
Is there any opacity?,2066,False
Is there any atelectasis?,2066,False
What are the key findings in this chest X-ray report?,2067,False
What abnormality is present according to the report?,2067,False
Is the heart size normal?,2067,False
What are the key findings in this chest X-ray report?,2068,False
What abnormality is present according to the report?,2068,False
Is the heart size normal?,2068,False
What are the key findings in this chest X-ray report?,2069,False
What abnormality is present according to the report?,2069,False
Is the heart size normal?,2069,False
What are the key findings in this chest X-ray report?,2070,False
What abnormality is present according to the report?,2070,False
What are the key findings in this chest X-ray report?,2071,False
What abnormality is present according to the report?,2071,False
What are the key findings in this chest X-ray report?,2072,False
What abnormality is present according to the report?,2072,False
Is there any opacity?,2072,False
What are the key findings in this chest X-ray report?,2073,False
What abnormality is present according to the report?,2073,False
What are the key findings in this chest X-ray report?,2074,False
What abnormality is present according to the report?,2074,False
Is there any effusion?,2074,False
Is there any opacity?,2074,False
Is there any atelectasis?,2074,False
What are the key findings in this chest X-ray report?,2075,False
What abnormality is present according to the report?,2075,False
Is the heart size normal?,2075,False
What are the key findings in this chest X-ray report?,2077,False
What abnormality is present according to the report?,2077,False
Is there any atelectasis?,2077,False
What are the key findings in this chest X-ray report?,2078,False
What abnormality is present according to the report?,2078,False
Is the heart size normal?,2078,False
What are the key findings in this chest X-ray report?,2079,False
What abnormality is present according to the report?,2079,False
What are the key findings in this chest X-ray report?,2080,False
What abnormality is present according to the report?,2080,False
Is there any opacity?,2080,False
What are the key findings in this chest X-ray report?,2081,False
What abnormality is present according to the report?,2081,False
Is the heart size normal?,2081,False
What are the key findings in this chest X-ray report?,2082,False
What abnormality is present according to the report?,2082,False
Is there any cardiomegaly?,2082,False
Is there any opacity?,2082,False
Is there any edema?,2082,False
What are the key findings in this chest X-ray report?,2083,False
What abnormality is present according to the report?,2083,False
Is the heart size normal?,2083,False
What are the key findings in this chest X-ray report?,2084,False
What abnormality is present according to the report?,2084,False
What are the key findings in this chest X-ray report?,2085,False
What abnormality is present according to the report?,2085,False
What are the key findings in this chest X-ray report?,2086,False
What abnormality is present according to the report?,2086,False
Is the heart size normal?,2086,False
What are the key findings in this chest X-ray report?,2087,False
What abnormality is present according to the report?,2087,False
Is the heart size normal?,2087,False
What are the key findings in this chest X-ray report?,2088,False
What abnormality is present according to the report?,2088,False
Is there any cardiomegaly?,2088,False
Is there any opacity?,2088,False
What are the key findings in this chest X-ray report?,2089,False
What abnormality is present according to the report?,2089,False
Is the heart size normal?,2089,False
What are the key findings in this chest X-ray report?,2090,False
What abnormality is present according to the report?,2090,False
Is the heart size normal?,2090,False
What are the key findings in this chest X-ray report?,2091,False
What abnormality is present according to the report?,2091,False
What are the key findings in this chest X-ray report?,2092,False
What abnormality is present according to the report?,2092,False
Is there any opacity?,2092,False
What are the key findings in this chest X-ray report?,2093,False
What abnormality is present according to the report?,2093,False
What are the key findings in this chest X-ray report?,2094,False
What abnormality is present according to the report?,2094,False
What are the key findings in this chest X-ray report?,2095,False
What abnormality is present according to the report?,2095,False
Is there any atelectasis?,2095,False
What are the key findings in this chest X-ray report?,2096,False
What abnormality is present according to the report?,2096,False
Is the heart size normal?,2096,False
What are the key findings in this chest X-ray report?,2097,False
What abnormality is present according to the report?,2097,False
Is the heart size normal?,2097,False
What are the key findings in this chest X-ray report?,2098,False
What abnormality is present according to the report?,2098,False
Is the heart size normal?,2098,False
What are the key findings in this chest X-ray report?,2099,False
What abnormality is present according to the report?,2099,False
Is the heart size normal?,2099,False
What are the key findings in this chest X-ray report?,2100,False
What abnormality is present according to the report?,2100,False
What are the key findings in this chest X-ray report?,2102,False
What abnormality is present according to the report?,2102,False
What are the key findings in this chest X-ray report?,2103,False
What abnormality is present according to the report?,2103,False
Is the heart size normal?,2103,False
What are the key findings in this chest X-ray report?,2105,False
What abnormality is present according to the report?,2105,False
What are the key findings in this chest X-ray report?,2106,False
What abnormality is present according to the report?,2106,False
Is the heart size normal?,2106,False
What are the key findings in this chest X-ray report?,2108,False
What abnormality is present according to the report?,2108,False
What are the key findings in this chest X-ray report?,2109,False
What abnormality is present according to the report?,2109,False
What are the key findings in this chest X-ray report?,2110,False
What abnormality is present according to the report?,2110,False
Is the heart size normal?,2110,False
What are the key findings in this chest X-ray report?,2111,False
What abnormality is present according to the report?,2111,False
What are the key findings in this chest X-ray report?,2112,False
What abnormality is present according to the report?,2112,False
What are the key findings in this chest X-ray report?,2113,False
What abnormality is present according to the report?,2113,False
What are the key findings in this chest X-ray report?,2114,False
What abnormality is present according to the report?,2114,False
Is there any opacity?,2114,False
Is there any atelectasis?,2114,False
What are the key findings in this chest X-ray report?,2116,False
What abnormality is present according to the report?,2116,False
What are the key findings in this chest X-ray report?,2117,False
What abnormality is present according to the report?,2117,False
What are the key findings in this chest X-ray report?,2118,False
What abnormality is present according to the report?,2118,False
Is there any opacity?,2118,False
Is there any atelectasis?,2118,False
What are the key findings in this chest X-ray report?,2119,False
What abnormality is present according to the report?,2119,False
What are the key findings in this chest X-ray report?,2120,False
What abnormality is present according to the report?,2120,False
Is the heart size normal?,2120,False
What are the key findings in this chest X-ray report?,2121,False
What abnormality is present according to the report?,2121,False
What are the key findings in this chest X-ray report?,2122,False
What abnormality is present according to the report?,2122,False
What are the key findings in this chest X-ray report?,2123,False
What abnormality is present according to the report?,2123,False
Is there any cardiomegaly?,2123,False
What are the key findings in this chest X-ray report?,2124,False
What abnormality is present according to the report?,2124,False
What are the key findings in this chest X-ray report?,2125,False
What abnormality is present according to the report?,2125,False
What are the key findings in this chest X-ray report?,2126,False
What abnormality is present according to the report?,2126,False
What are the key findings in this chest X-ray report?,2127,False
What abnormality is present according to the report?,2127,False
Is there any cardiomegaly?,2127,False
Is there any effusion?,2127,False
What are the key findings in this chest X-ray report?,2128,False
What abnormality is present according to the report?,2128,False
What are the key findings in this chest X-ray report?,2129,False
What abnormality is present according to the report?,2129,False
Is the heart size normal?,2129,False
What are the key findings in this chest X-ray report?,2130,False
What abnormality is present according to the report?,2130,False
Is there any cardiomegaly?,2130,False
Is there any effusion?,2130,False
Is there any opacity?,2130,False
Is there any edema?,2130,False
What are the key findings in this chest X-ray report?,2131,False
What abnormality is present according to the report?,2131,False
Is the heart size normal?,2131,False
What are the key findings in this chest X-ray report?,2132,False
What abnormality is present according to the report?,2132,False
What are the key findings in this chest X-ray report?,2133,False
What abnormality is present according to the report?,2133,False
What are the key findings in this chest X-ray report?,2134,False
What abnormality is present according to the report?,2134,False
What are the key findings in this chest X-ray report?,2135,False
What abnormality is present according to the report?,2135,False
Is there any cardiomegaly?,2135,False
Is there any effusion?,2135,False
What are the key findings in this chest X-ray report?,2136,False
What abnormality is present according to the report?,2136,False
Is the heart size normal?,2136,False
What are the key findings in this chest X-ray report?,2137,False
What abnormality is present according to the report?,2137,False
What are the key findings in this chest X-ray report?,2138,False
What abnormality is present according to the report?,2138,False
Is there any opacity?,2138,False
What are the key findings in this chest X-ray report?,2139,False
What abnormality is present according to the report?,2139,False
Is there any cardiomegaly?,2139,False
What are the key findings in this chest X-ray report?,2140,False
What abnormality is present according to the report?,2140,False
What are the key findings in this chest X-ray report?,2141,False
What abnormality is present according to the report?,2141,False
Is there any cardiomegaly?,2141,False
What are the key findings in this chest X-ray report?,2142,False
What abnormality is present according to the report?,2142,False
What are the key findings in this chest X-ray report?,2143,False
What abnormality is present according to the report?,2143,False
What are the key findings in this chest X-ray report?,2144,False
What abnormality is present according to the report?,2144,False
What are the key findings in this chest X-ray report?,2145,False
What abnormality is present according to the report?,2145,False
Is the heart size normal?,2145,False
What are the key findings in this chest X-ray report?,2146,False
What abnormality is present according to the report?,2146,False
Is the heart size normal?,2146,False
What are the key findings in this chest X-ray report?,2147,False
What abnormality is present according to the report?,2147,False
What are the key findings in this chest X-ray report?,2148,False
What abnormality is present according to the report?,2148,False
Is the heart size normal?,2148,False
What are the key findings in this chest X-ray report?,2149,False
What abnormality is present according to the report?,2149,False
What are the key findings in this chest X-ray report?,2150,False
What abnormality is present according to the report?,2150,False
What are the key findings in this chest X-ray report?,2151,False
What abnormality is present according to the report?,2151,False
Is there any edema?,2151,False
What are the key findings in this chest X-ray report?,2152,False
What abnormality is present according to the report?,2152,False
Is the heart size normal?,2152,False
What are the key findings in this chest X-ray report?,2153,False
What abnormality is present according to the report?,2153,False
What are the key findings in this chest X-ray report?,2154,False
What abnormality is present according to the report?,2154,False
What are the key findings in this chest X-ray report?,2155,False
What abnormality is present according to the report?,2155,False
What are the key findings in this chest X-ray report?,2156,False
What abnormality is present according to the report?,2156,False
Is the heart size normal?,2156,False
What are the key findings in this chest X-ray report?,2157,False
What abnormality is present according to the report?,2157,False
Is the heart size normal?,2157,False
What are the key findings in this chest X-ray report?,2158,False
What abnormality is present according to the report?,2158,False
What are the key findings in this chest X-ray report?,2159,False
What abnormality is present according to the report?,2159,False
Is the heart size normal?,2159,False
What are the key findings in this chest X-ray report?,2160,False
What abnormality is present according to the report?,2160,False
Is the heart size normal?,2160,False
What are the key findings in this chest X-ray report?,2161,False
What abnormality is present according to the report?,2161,False
Is the heart size normal?,2161,False
What are the key findings in this chest X-ray report?,2162,False
What abnormality is present according to the report?,2162,False
Is there any cardiomegaly?,2162,False
What are the key findings in this chest X-ray report?,2163,False
What abnormality is present according to the report?,2163,False
What are the key findings in this chest X-ray report?,2164,False
What abnormality is present according to the report?,2164,False
What are the key findings in this chest X-ray report?,2165,False
What abnormality is present according to the report?,2165,False
Is there any opacity?,2165,False
Is there any atelectasis?,2165,False
What are the key findings in this chest X-ray report?,2166,False
What abnormality is present according to the report?,2166,False
What are the key findings in this chest X-ray report?,2167,False
What abnormality is present according to the report?,2167,False
What are the key findings in this chest X-ray report?,2168,False
What abnormality is present according to the report?,2168,False
What are the key findings in this chest X-ray report?,2169,False
What abnormality is present according to the report?,2169,False
Is there any opacity?,2169,False
What are the key findings in this chest X-ray report?,2170,False
What abnormality is present according to the report?,2170,False
Is the heart size normal?,2170,False
What are the key findings in this chest X-ray report?,2171,False
What abnormality is present according to the report?,2171,False
What are the key findings in this chest X-ray report?,2172,False
What abnormality is present according to the report?,2172,False
What are the key findings in this chest X-ray report?,2173,False
What abnormality is present according to the report?,2173,False
What are the key findings in this chest X-ray report?,2174,False
What abnormality is present according to the report?,2174,False
Is the heart size normal?,2174,False
What are the key findings in this chest X-ray report?,2175,False
What abnormality is present according to the report?,2175,False
Is the heart size normal?,2175,False
What are the key findings in this chest X-ray report?,2176,False
What abnormality is present according to the report?,2176,False
Is the heart size normal?,2176,False
What are the key findings in this chest X-ray report?,2177,False
What abnormality is present according to the report?,2177,False
Is there any opacity?,2177,False
Is there any atelectasis?,2177,False
What are the key findings in this chest X-ray report?,2178,False
What abnormality is present according to the report?,2178,False
What are the key findings in this chest X-ray report?,2179,False
What abnormality is present according to the report?,2179,False
What are the key findings in this chest X-ray report?,2180,False
What abnormality is present according to the report?,2180,False
Is there any cardiomegaly?,2180,False
What are the key findings in this chest X-ray report?,2181,False
What abnormality is present according to the report?,2181,False
Is there any cardiomegaly?,2181,False
What are the key findings in this chest X-ray report?,2183,False
What abnormality is present according to the report?,2183,False
Is there any cardiomegaly?,2183,False
Is there any opacity?,2183,False
Is there any edema?,2183,False
What are the key findings in this chest X-ray report?,2184,False
What abnormality is present according to the report?,2184,False
Is there any cardiomegaly?,2184,False
Is there any opacity?,2184,False
Is there any atelectasis?,2184,False
What are the key findings in this chest X-ray report?,2185,False
What abnormality is present according to the report?,2185,False
Is there any opacity?,2185,False
Is there any atelectasis?,2185,False
What are the key findings in this chest X-ray report?,2186,False
What abnormality is present according to the report?,2186,False
What are the key findings in this chest X-ray report?,2187,False
What abnormality is present according to the report?,2187,False
What are the key findings in this chest X-ray report?,2188,False
What abnormality is present according to the report?,2188,False
Is there any opacity?,2188,False
What are the key findings in this chest X-ray report?,2189,False
What abnormality is present according to the report?,2189,False
Is the heart size normal?,2189,False
What are the key findings in this chest X-ray report?,2190,False
What abnormality is present according to the report?,2190,False
What are the key findings in this chest X-ray report?,2191,False
What abnormality is present according to the report?,2191,True
Is there any cardiomegaly?,2191,False
Is there any opacity?,2191,False
What are the key findings in this chest X-ray report?,2192,False
What abnormality is present according to the report?,2192,False
What are the key findings in this chest X-ray report?,2193,False
What abnormality is present according to the report?,2193,False
Is there any effusion?,2193,False
Is there any opacity?,2193,False
What are the key findings in this chest X-ray report?,2194,False
What abnormality is present according to the report?,2194,False
Is there any opacity?,2194,False
What are the key findings in this chest X-ray report?,2195,False
What abnormality is present according to the report?,2195,False
What are the key findings in this chest X-ray report?,2197,False
What abnormality is present according to the report?,2197,False
Is there any opacity?,2197,False
What are the key findings in this chest X-ray report?,2198,False
What abnormality is present according to the report?,2198,False
Is the heart size normal?,2198,False
What are the key findings in this chest X-ray report?,2199,False
What abnormality is present according to the report?,2199,False
Is there any opacity?,2199,False
What are the key findings in this chest X-ray report?,2200,False
What abnormality is present according to the report?,2200,False
Is there any atelectasis?,2200,False
What are the key findings in this chest X-ray report?,2201,False
What abnormality is present according to the report?,2201,False
What are the key findings in this chest X-ray report?,2202,False
What abnormality is present according to the report?,2202,False
Is the heart size normal?,2202,False
What are the key findings in this chest X-ray report?,2203,False
What abnormality is present according to the report?,2203,False
What are the key findings in this chest X-ray report?,2204,False
What abnormality is present according to the report?,2204,False
What are the key findings in this chest X-ray report?,2205,False
What abnormality is present according to the report?,2205,False
Is there any opacity?,2205,False
What are the key findings in this chest X-ray report?,2206,False
What abnormality is present according to the report?,2206,False
Is there any atelectasis?,2206,False
What are the key findings in this chest X-ray report?,2207,False
What abnormality is present according to the report?,2207,False
What are the key findings in this chest X-ray report?,2208,False
What abnormality is present according to the report?,2208,False
Is there any cardiomegaly?,2208,False
What are the key findings in this chest X-ray report?,2209,False
What abnormality is present according to the report?,2209,False
What are the key findings in this chest X-ray report?,2210,False
What abnormality is present according to the report?,2210,False
Is the heart size normal?,2210,False
What are the key findings in this chest X-ray report?,2211,False
What abnormality is present according to the report?,2211,False
Is there any cardiomegaly?,2211,False
What are the key findings in this chest X-ray report?,2212,False
What abnormality is present according to the report?,2212,False
Is the heart size normal?,2212,False
What are the key findings in this chest X-ray report?,2213,False
What abnormality is present according to the report?,2213,False
Is there any atelectasis?,2213,False
What are the key findings in this chest X-ray report?,2214,False
What abnormality is present according to the report?,2214,False
Is the heart size normal?,2214,False
What are the key findings in this chest X-ray report?,2215,False
What abnormality is present according to the report?,2215,False
Is the heart size normal?,2215,False
What are the key findings in this chest X-ray report?,2216,False
What abnormality is present according to the report?,2216,False
What are the key findings in this chest X-ray report?,2217,False
What abnormality is present according to the report?,2217,False
Is there any cardiomegaly?,2217,False
What are the key findings in this chest X-ray report?,2218,False
What abnormality is present according to the report?,2218,False
Is there any cardiomegaly?,2218,False
Is there any opacity?,2218,False
Is there any atelectasis?,2218,False
What are the key findings in this chest X-ray report?,2219,False
What abnormality is present according to the report?,2219,False
What are the key findings in this chest X-ray report?,2220,False
What abnormality is present according to the report?,2220,False
Is there any effusion?,2220,False
What are the key findings in this chest X-ray report?,2221,False
What abnormality is present according to the report?,2221,False
Is there any cardiomegaly?,2221,False
What are the key findings in this chest X-ray report?,2222,False
What abnormality is present according to the report?,2222,False
Is there any opacity?,2222,False
What are the key findings in this chest X-ray report?,2223,False
What abnormality is present according to the report?,2223,False
Is the heart size normal?,2223,False
What are the key findings in this chest X-ray report?,2224,False
What abnormality is present according to the report?,2224,False
What are the key findings in this chest X-ray report?,2225,False
What abnormality is present according to the report?,2225,False
Is the heart size normal?,2225,False
What are the key findings in this chest X-ray report?,2226,False
What abnormality is present according to the report?,2226,False
What are the key findings in this chest X-ray report?,2227,False
What abnormality is present according to the report?,2227,False
Is there any opacity?,2227,False
What are the key findings in this chest X-ray report?,2228,False
What abnormality is present according to the report?,2228,False
Is the heart size normal?,2228,False
What are the key findings in this chest X-ray report?,2229,False
What abnormality is present according to the report?,2229,False
What are the key findings in this chest X-ray report?,2230,False
What abnormality is present according to the report?,2230,False
Is the heart size normal?,2230,False
What are the key findings in this chest X-ray report?,2231,False
What abnormality is present according to the report?,2231,False
What are the key findings in this chest X-ray report?,2232,False
What abnormality is present according to the report?,2232,False
Is the heart size normal?,2232,False
What are the key findings in this chest X-ray report?,2233,False
What abnormality is present according to the report?,2233,False
What are the key findings in this chest X-ray report?,2234,False
What abnormality is present according to the report?,2234,False
What are the key findings in this chest X-ray report?,2235,False
What abnormality is present according to the report?,2235,False
What are the key findings in this chest X-ray report?,2236,False
What abnormality is present according to the report?,2236,False
Is the heart size normal?,2236,False
What are the key findings in this chest X-ray report?,2237,False
What abnormality is present according to the report?,2237,False
What are the key findings in this chest X-ray report?,2238,False
What abnormality is present according to the report?,2238,False
Is the heart size normal?,2238,False
What are the key findings in this chest X-ray report?,2239,False
What abnormality is present according to the report?,2239,False
Is there any opacity?,2239,False
What are the key findings in this chest X-ray report?,2240,False
What abnormality is present according to the report?,2240,False
Is the heart size normal?,2240,False
What are the key findings in this chest X-ray report?,2241,False
What abnormality is present according to the report?,2241,False
Is there any opacity?,2241,False
What are the key findings in this chest X-ray report?,2242,False
What abnormality is present according to the report?,2242,False
Is there any atelectasis?,2242,False
What are the key findings in this chest X-ray report?,2243,False
What abnormality is present according to the report?,2243,False
What are the key findings in this chest X-ray report?,2244,False
What abnormality is present according to the report?,2244,False
Is the heart size normal?,2244,False
What are the key findings in this chest X-ray report?,2245,False
What abnormality is present according to the report?,2245,False
Is the heart size normal?,2245,False
What are the key findings in this chest X-ray report?,2246,False
What abnormality is present according to the report?,2246,False
Is there any opacity?,2246,False
Is there any atelectasis?,2246,False
What are the key findings in this chest X-ray report?,2247,False
What abnormality is present according to the report?,2247,False
Is the heart size normal?,2247,False
What are the key findings in this chest X-ray report?,2248,False
What abnormality is present according to the report?,2248,False
Is the heart size normal?,2248,False
What are the key findings in this chest X-ray report?,2249,False
What abnormality is present according to the report?,2249,False
What are the key findings in this chest X-ray report?,2250,False
What abnormality is present according to the report?,2250,False
Is there any cardiomegaly?,2250,False
What are the key findings in this chest X-ray report?,2251,False
What abnormality is present according to the report?,2251,False
Is the heart size normal?,2251,False
What are the key findings in this chest X-ray report?,2252,False
What abnormality is present according to the report?,2252,False
Is the heart size normal?,2252,False
What are the key findings in this chest X-ray report?,2253,False
What abnormality is present according to the report?,2253,False
What are the key findings in this chest X-ray report?,2254,False
What abnormality is present according to the report?,2254,False
What are the key findings in this chest X-ray report?,2255,False
What abnormality is present according to the report?,2255,False
What are the key findings in this chest X-ray report?,2256,False
What abnormality is present according to the report?,2256,False
Is the heart size normal?,2256,False
What are the key findings in this chest X-ray report?,2257,False
What abnormality is present according to the report?,2257,False
What are the key findings in this chest X-ray report?,2258,False
What abnormality is present according to the report?,2258,False
What are the key findings in this chest X-ray report?,2259,False
What abnormality is present according to the report?,2259,False
Is there any cardiomegaly?,2259,False
Is there any opacity?,2259,False
What are the key findings in this chest X-ray report?,2260,False
What abnormality is present according to the report?,2260,False
Is the heart size normal?,2260,False
What are the key findings in this chest X-ray report?,2261,False
What abnormality is present according to the report?,2261,False
What are the key findings in this chest X-ray report?,2262,False
What abnormality is present according to the report?,2262,False
Is there any opacity?,2262,False
What are the key findings in this chest X-ray report?,2263,False
What abnormality is present according to the report?,2263,False
Is there any cardiomegaly?,2263,False
Is there any opacity?,2263,False
Is there any atelectasis?,2263,False
What are the key findings in this chest X-ray report?,2264,False
What abnormality is present according to the report?,2264,False
What are the key findings in this chest X-ray report?,2265,False
What abnormality is present according to the report?,2265,False
Is there any opacity?,2265,False
What are the key findings in this chest X-ray report?,2266,False
What abnormality is present according to the report?,2266,False
Is there any atelectasis?,2266,False
What are the key findings in this chest X-ray report?,2267,False
What abnormality is present according to the report?,2267,False
What are the key findings in this chest X-ray report?,2268,False
What abnormality is present according to the report?,2268,False
Is there any cardiomegaly?,2268,False
What are the key findings in this chest X-ray report?,2269,False
What abnormality is present according to the report?,2269,False
Is the heart size normal?,2269,False
What are the key findings in this chest X-ray report?,2270,False
What abnormality is present according to the report?,2270,False
What are the key findings in this chest X-ray report?,2271,False
What abnormality is present according to the report?,2271,False
Is there any cardiomegaly?,2271,False
Is there any effusion?,2271,False
Is there any atelectasis?,2271,False
What are the key findings in this chest X-ray report?,2272,False
What abnormality is present according to the report?,2272,False
What are the key findings in this chest X-ray report?,2273,False
What abnormality is present according to the report?,2273,False
Is the heart size normal?,2273,False
What are the key findings in this chest X-ray report?,2274,False
What abnormality is present according to the report?,2274,False
What are the key findings in this chest X-ray report?,2275,False
What abnormality is present according to the report?,2275,False
What are the key findings in this chest X-ray report?,2276,False
What abnormality is present according to the report?,2276,False
Is there any atelectasis?,2276,False
What are the key findings in this chest X-ray report?,2277,False
What abnormality is present according to the report?,2277,False
Is the heart size normal?,2277,False
What are the key findings in this chest X-ray report?,2278,False
What abnormality is present according to the report?,2278,False
What are the key findings in this chest X-ray report?,2279,False
What abnormality is present according to the report?,2279,False
Is there any cardiomegaly?,2279,False
Is there any opacity?,2279,False
Is there any atelectasis?,2279,False
What are the key findings in this chest X-ray report?,2280,False
What abnormality is present according to the report?,2280,False
What are the key findings in this chest X-ray report?,2281,False
What abnormality is present according to the report?,2281,False
Is the heart size normal?,2281,False
What are the key findings in this chest X-ray report?,2282,False
What abnormality is present according to the report?,2282,False
Is the heart size normal?,2282,False
What are the key findings in this chest X-ray report?,2283,False
What abnormality is present according to the report?,2283,False
What are the key findings in this chest X-ray report?,2285,False
What abnormality is present according to the report?,2285,False
Is there any cardiomegaly?,2285,False
What are the key findings in this chest X-ray report?,2286,False
What abnormality is present according to the report?,2286,False
Is there any opacity?,2286,False
What are the key findings in this chest X-ray report?,2287,False
What abnormality is present according to the report?,2287,False
Is there any cardiomegaly?,2287,False
What are the key findings in this chest X-ray report?,2288,False
What abnormality is present according to the report?,2288,False
Is the heart size normal?,2288,False
What are the key findings in this chest X-ray report?,2289,False
What abnormality is present according to the report?,2289,False
Is there any effusion?,2289,False
What are the key findings in this chest X-ray report?,2290,False
What abnormality is present according to the report?,2290,False
Is the heart size normal?,2290,False
What are the key findings in this chest X-ray report?,2291,False
What abnormality is present according to the report?,2291,False
What are the key findings in this chest X-ray report?,2292,False
What abnormality is present according to the report?,2292,False
Is the heart size normal?,2292,False
What are the key findings in this chest X-ray report?,2293,False
What abnormality is present according to the report?,2293,False
Is there any opacity?,2293,False
Is there any atelectasis?,2293,False
What are the key findings in this chest X-ray report?,2294,False
What abnormality is present according to the report?,2294,False
Is the heart size normal?,2294,False
What are the key findings in this chest X-ray report?,2295,False
What abnormality is present according to the report?,2295,False
What are the key findings in this chest X-ray report?,2296,False
What abnormality is present according to the report?,2296,False
What are the key findings in this chest X-ray report?,2297,False
What abnormality is present according to the report?,2297,False
What are the key findings in this chest X-ray report?,2298,False
What abnormality is present according to the report?,2298,False
What are the key findings in this chest X-ray report?,2299,False
What abnormality is present according to the report?,2299,False
Is there any opacity?,2299,False
What are the key findings in this chest X-ray report?,2300,False
What abnormality is present according to the report?,2300,False
Is the heart size normal?,2300,False
What are the key findings in this chest X-ray report?,2301,False
What abnormality is present according to the report?,2301,False
Is there any cardiomegaly?,2301,False
What are the key findings in this chest X-ray report?,2302,False
What abnormality is present according to the report?,2302,False
Is the heart size normal?,2302,False
What are the key findings in this chest X-ray report?,2303,False
What abnormality is present according to the report?,2303,False
Is the heart size normal?,2303,False
What are the key findings in this chest X-ray report?,2304,False
What abnormality is present according to the report?,2304,False
Is the heart size normal?,2304,False
What are the key findings in this chest X-ray report?,2305,False
What abnormality is present according to the report?,2305,False
What are the key findings in this chest X-ray report?,2306,False
What abnormality is present according to the report?,2306,False
What are the key findings in this chest X-ray report?,2307,False
What abnormality is present according to the report?,2307,False
Is there any opacity?,2307,False
What are the key findings in this chest X-ray report?,2308,False
What abnormality is present according to the report?,2308,False
Is the heart size normal?,2308,False
What are the key findings in this chest X-ray report?,2310,False
What abnormality is present according to the report?,2310,False
Is the heart size normal?,2310,False
What are the key findings in this chest X-ray report?,2311,False
What abnormality is present according to the report?,2311,False
Is the heart size normal?,2311,False
What are the key findings in this chest X-ray report?,2312,False
What abnormality is present according to the report?,2312,False
Is the heart size normal?,2312,False
What are the key findings in this chest X-ray report?,2313,False
What abnormality is present according to the report?,2313,False
Is the heart size normal?,2313,False
What are the key findings in this chest X-ray report?,2314,False
What abnormality is present according to the report?,2314,False
Is there any opacity?,2314,False
Is there any atelectasis?,2314,False
What are the key findings in this chest X-ray report?,2315,False
What abnormality is present according to the report?,2315,False
What are the key findings in this chest X-ray report?,2316,False
What abnormality is present according to the report?,2316,False
Is the heart size normal?,2316,False
What are the key findings in this chest X-ray report?,2317,False
What abnormality is present according to the report?,2317,False
What are the key findings in this chest X-ray report?,2318,False
What abnormality is present according to the report?,2318,False
Is there any pneumothorax?,2318,False
Is there any atelectasis?,2318,False
What are the key findings in this chest X-ray report?,2319,False
What abnormality is present according to the report?,2319,False
Is the heart size normal?,2319,False
What are the key findings in this chest X-ray report?,2320,False
What abnormality is present according to the report?,2320,False
What are the key findings in this chest X-ray report?,2321,False
What abnormality is present according to the report?,2321,False
Is the heart size normal?,2321,False
What are the key findings in this chest X-ray report?,2322,False
What abnormality is present according to the report?,2322,False
Is there any opacity?,2322,False
Is there any atelectasis?,2322,False
What are the key findings in this chest X-ray report?,2323,False
What abnormality is present according to the report?,2323,False
Is the heart size normal?,2323,False
What are the key findings in this chest X-ray report?,2324,False
What abnormality is present according to the report?,2324,False
Is the heart size normal?,2324,False
What are the key findings in this chest X-ray report?,2325,False
What abnormality is present according to the report?,2325,False
Is there any opacity?,2325,False
What are the key findings in this chest X-ray report?,2326,False
What abnormality is present according to the report?,2326,False
Is there any cardiomegaly?,2326,False
What are the key findings in this chest X-ray report?,2327,False
What abnormality is present according to the report?,2327,False
Is there any effusion?,2327,False
What are the key findings in this chest X-ray report?,2328,False
What abnormality is present according to the report?,2328,False
What are the key findings in this chest X-ray report?,2329,False
What abnormality is present according to the report?,2329,False
Is the heart size normal?,2329,False
What are the key findings in this chest X-ray report?,2330,False
What abnormality is present according to the report?,2330,False
Is there any cardiomegaly?,2330,False
Is there any opacity?,2330,False
What are the key findings in this chest X-ray report?,2331,False
What abnormality is present according to the report?,2331,False
Is there any opacity?,2331,False
Is there any atelectasis?,2331,False
What are the key findings in this chest X-ray report?,2332,False
What abnormality is present according to the report?,2332,False
Is the heart size normal?,2332,False
What are the key findings in this chest X-ray report?,2333,False
What abnormality is present according to the report?,2333,False
What are the key findings in this chest X-ray report?,2334,False
What abnormality is present according to the report?,2334,False
Is there any effusion?,2334,False
Is there any opacity?,2334,False
What are the key findings in this chest X-ray report?,2335,False
What abnormality is present according to the report?,2335,False
What are the key findings in this chest X-ray report?,2336,False
What abnormality is present according to the report?,2336,False
What are the key findings in this chest X-ray report?,2337,False
What abnormality is present according to the report?,2337,False
What are the key findings in this chest X-ray report?,2338,False
What abnormality is present according to the report?,2338,False
Is there any opacity?,2338,False
What are the key findings in this chest X-ray report?,2339,False
What abnormality is present according to the report?,2339,False
Is the heart size normal?,2339,False
What are the key findings in this chest X-ray report?,2340,False
What abnormality is present according to the report?,2340,False
What are the key findings in this chest X-ray report?,2341,False
What abnormality is present according to the report?,2341,False
What are the key findings in this chest X-ray report?,2342,False
What abnormality is present according to the report?,2342,False
What are the key findings in this chest X-ray report?,2343,False
What abnormality is present according to the report?,2343,False
What are the key findings in this chest X-ray report?,2344,False
What abnormality is present according to the report?,2344,False
What are the key findings in this chest X-ray report?,2345,False
What abnormality is present according to the report?,2345,False
What are the key findings in this chest X-ray report?,2347,False
What abnormality is present according to the report?,2347,False
What are the key findings in this chest X-ray report?,2348,False
What abnormality is present according to the report?,2348,False
Is there any effusion?,2348,False
What are the key findings in this chest X-ray report?,2349,False
What abnormality is present according to the report?,2349,False
Is the heart size normal?,2349,False
What are the key findings in this chest X-ray report?,2350,False
What abnormality is present according to the report?,2350,False
What are the key findings in this chest X-ray report?,2351,False
What abnormality is present according to the report?,2351,False
What are the key findings in this chest X-ray report?,2352,False
What abnormality is present according to the report?,2352,False
What are the key findings in this chest X-ray report?,2353,False
What abnormality is present according to the report?,2353,False
Is the heart size normal?,2353,False
What are the key findings in this chest X-ray report?,2354,False
What abnormality is present according to the report?,2354,False
Is the heart size normal?,2354,False
What are the key findings in this chest X-ray report?,2355,False
What abnormality is present according to the report?,2355,False
Is there any cardiomegaly?,2355,False
Is there any atelectasis?,2355,False
What are the key findings in this chest X-ray report?,2356,False
What abnormality is present according to the report?,2356,False
What are the key findings in this chest X-ray report?,2357,False
What abnormality is present according to the report?,2357,False
Is the heart size normal?,2357,False
What are the key findings in this chest X-ray report?,2358,False
What abnormality is present according to the report?,2358,False
Is the heart size normal?,2358,False
What are the key findings in this chest X-ray report?,2359,False
What abnormality is present according to the report?,2359,False
Is there any cardiomegaly?,2359,False
Is there any effusion?,2359,False
What are the key findings in this chest X-ray report?,2360,False
What abnormality is present according to the report?,2360,False
Is the heart size normal?,2360,False
What are the key findings in this chest X-ray report?,2361,False
What abnormality is present according to the report?,2361,False
What are the key findings in this chest X-ray report?,2362,False
What abnormality is present according to the report?,2362,False
Is the heart size normal?,2362,False
What are the key findings in this chest X-ray report?,2363,False
What abnormality is present according to the report?,2363,False
Is there any opacity?,2363,False
What are the key findings in this chest X-ray report?,2364,False
What abnormality is present according to the report?,2364,False
What are the key findings in this chest X-ray report?,2365,False
What abnormality is present according to the report?,2365,False
Is the heart size normal?,2365,False
What are the key findings in this chest X-ray report?,2366,False
What abnormality is present according to the report?,2366,False
What are the key findings in this chest X-ray report?,2367,False
What abnormality is present according to the report?,2367,False
Is the heart size normal?,2367,False
What are the key findings in this chest X-ray report?,2368,False
What abnormality is present according to the report?,2368,False
What are the key findings in this chest X-ray report?,2369,False
What abnormality is present according to the report?,2369,False
Is there any opacity?,2369,False
Is there any atelectasis?,2369,False
What are the key findings in this chest X-ray report?,2370,False
What abnormality is present according to the report?,2370,False
Is there any effusion?,2370,False
Is there any atelectasis?,2370,False
What are the key findings in this chest X-ray report?,2371,False
What abnormality is present according to the report?,2371,False
Is there any opacity?,2371,False
Is there any atelectasis?,2371,False
What are the key findings in this chest X-ray report?,2372,False
What abnormality is present according to the report?,2372,False
Is there any opacity?,2372,False
What are the key findings in this chest X-ray report?,2373,False
What abnormality is present according to the report?,2373,False
What are the key findings in this chest X-ray report?,2374,False
What abnormality is present according to the report?,2374,False
Is the heart size normal?,2374,False
What are the key findings in this chest X-ray report?,2375,False
What abnormality is present according to the report?,2375,False
What are the key findings in this chest X-ray report?,2376,False
What abnormality is present according to the report?,2376,False
Is the heart size normal?,2376,False
What are the key findings in this chest X-ray report?,2377,False
What abnormality is present according to the report?,2377,False
Is the heart size normal?,2377,False
What are the key findings in this chest X-ray report?,2378,False
What abnormality is present according to the report?,2378,False
What are the key findings in this chest X-ray report?,2379,False
What abnormality is present according to the report?,2379,False
What are the key findings in this chest X-ray report?,2380,False
What abnormality is present according to the report?,2380,False
What are the key findings in this chest X-ray report?,2381,False
What abnormality is present according to the report?,2381,False
What are the key findings in this chest X-ray report?,2382,False
What abnormality is present according to the report?,2382,False
Is there any cardiomegaly?,2382,False
What are the key findings in this chest X-ray report?,2383,False
What abnormality is present according to the report?,2383,False
Is there any cardiomegaly?,2383,False
What are the key findings in this chest X-ray report?,2384,False
What abnormality is present according to the report?,2384,False
What are the key findings in this chest X-ray report?,2385,False
What abnormality is present according to the report?,2385,False
Is the heart size normal?,2385,False
What are the key findings in this chest X-ray report?,2386,False
What abnormality is present according to the report?,2386,False
What are the key findings in this chest X-ray report?,2387,False
What abnormality is present according to the report?,2387,False
What are the key findings in this chest X-ray report?,2388,False
What abnormality is present according to the report?,2388,False
Is the heart size normal?,2388,False
What are the key findings in this chest X-ray report?,2389,False
What abnormality is present according to the report?,2389,False
Is the heart size normal?,2389,False
What are the key findings in this chest X-ray report?,2390,False
What abnormality is present according to the report?,2390,False
Is there any cardiomegaly?,2390,False
What are the key findings in this chest X-ray report?,2391,False
What abnormality is present according to the report?,2391,False
Is the heart size normal?,2391,False
What are the key findings in this chest X-ray report?,2392,False
What abnormality is present according to the report?,2392,False
Is the heart size normal?,2392,False
What are the key findings in this chest X-ray report?,2393,False
What abnormality is present according to the report?,2393,False
What are the key findings in this chest X-ray report?,2394,False
What abnormality is present according to the report?,2394,False
Is the heart size normal?,2394,False
What are the key findings in this chest X-ray report?,2395,False
What abnormality is present according to the report?,2395,False
Is the heart size normal?,2395,False
What are the key findings in this chest X-ray report?,2396,False
What abnormality is present according to the report?,2396,False
Is there any opacity?,2396,False
Is there any edema?,2396,False
What are the key findings in this chest X-ray report?,2397,False
What abnormality is present according to the report?,2397,False
Is the heart size normal?,2397,False
What are the key findings in this chest X-ray report?,2398,False
What abnormality is present according to the report?,2398,False
Is there any cardiomegaly?,2398,False
What are the key findings in this chest X-ray report?,2400,False
What abnormality is present according to the report?,2400,False
Is there any cardiomegaly?,2400,False
What are the key findings in this chest X-ray report?,2401,False
What abnormality is present according to the report?,2401,False
Is the heart size normal?,2401,False
What are the key findings in this chest X-ray report?,2402,False
What abnormality is present according to the report?,2402,False
Is there any atelectasis?,2402,False
What are the key findings in this chest X-ray report?,2403,False
What abnormality is present according to the report?,2403,False
Is there any atelectasis?,2403,False
What are the key findings in this chest X-ray report?,2404,False
What abnormality is present according to the report?,2404,False
Is there any opacity?,2404,False
What are the key findings in this chest X-ray report?,2405,False
What abnormality is present according to the report?,2405,False
What are the key findings in this chest X-ray report?,2406,False
What abnormality is present according to the report?,2406,False
What are the key findings in this chest X-ray report?,2407,False
What abnormality is present according to the report?,2407,False
What are the key findings in this chest X-ray report?,2408,False
What abnormality is present according to the report?,2408,False
Is there any opacity?,2408,False
What are the key findings in this chest X-ray report?,2409,False
What abnormality is present according to the report?,2409,False
Is there any opacity?,2409,False
What are the key findings in this chest X-ray report?,2410,False
What abnormality is present according to the report?,2410,False
What are the key findings in this chest X-ray report?,2411,False
What abnormality is present according to the report?,2411,False
Is there any cardiomegaly?,2411,False
What are the key findings in this chest X-ray report?,2412,False
What abnormality is present according to the report?,2412,False
What are the key findings in this chest X-ray report?,2413,False
What abnormality is present according to the report?,2413,False
Is the heart size normal?,2413,False
What are the key findings in this chest X-ray report?,2414,False
What abnormality is present according to the report?,2414,False
Is there any cardiomegaly?,2414,False
Is there any atelectasis?,2414,False
What are the key findings in this chest X-ray report?,2415,False
What abnormality is present according to the report?,2415,False
Is there any cardiomegaly?,2415,False
Is there any opacity?,2415,False
What are the key findings in this chest X-ray report?,2416,False
What abnormality is present according to the report?,2416,False
Is there any cardiomegaly?,2416,False
What are the key findings in this chest X-ray report?,2417,False
What abnormality is present according to the report?,2417,False
What are the key findings in this chest X-ray report?,2418,False
What abnormality is present according to the report?,2418,False
What are the key findings in this chest X-ray report?,2419,False
What abnormality is present according to the report?,2419,False
What are the key findings in this chest X-ray report?,2420,False
What abnormality is present according to the report?,2420,False
What are the key findings in this chest X-ray report?,2421,False
What abnormality is present according to the report?,2421,False
Is there any cardiomegaly?,2421,False
Is there any opacity?,2421,False
Is there any atelectasis?,2421,False
What are the key findings in this chest X-ray report?,2422,False
What abnormality is present according to the report?,2422,False
What are the key findings in this chest X-ray report?,2423,False
What abnormality is present according to the report?,2423,False
Is the heart size normal?,2423,False
What are the key findings in this chest X-ray report?,2424,False
What abnormality is present according to the report?,2424,False
What are the key findings in this chest X-ray report?,2425,False
What abnormality is present according to the report?,2425,False
What are the key findings in this chest X-ray report?,2426,False
What abnormality is present according to the report?,2426,False
What are the key findings in this chest X-ray report?,2427,False
What abnormality is present according to the report?,2427,False
What are the key findings in this chest X-ray report?,2428,False
What abnormality is present according to the report?,2428,False
What are the key findings in this chest X-ray report?,2430,False
What abnormality is present according to the report?,2430,False
What are the key findings in this chest X-ray report?,2431,False
What abnormality is present according to the report?,2431,False
What are the key findings in this chest X-ray report?,2432,False
What abnormality is present according to the report?,2432,False
Is the heart size normal?,2432,False
What are the key findings in this chest X-ray report?,2433,False
What abnormality is present according to the report?,2433,False
Is there any atelectasis?,2433,False
What are the key findings in this chest X-ray report?,2434,False
What abnormality is present according to the report?,2434,False
What are the key findings in this chest X-ray report?,2435,False
What abnormality is present according to the report?,2435,False
Is the heart size normal?,2435,False
What are the key findings in this chest X-ray report?,2436,False
What abnormality is present according to the report?,2436,False
Is the heart size normal?,2436,False
What are the key findings in this chest X-ray report?,2437,False
What abnormality is present according to the report?,2437,False
Is the heart size normal?,2437,False
What are the key findings in this chest X-ray report?,2438,False
What abnormality is present according to the report?,2438,False
Is the heart size normal?,2438,False
What are the key findings in this chest X-ray report?,2439,False
What abnormality is present according to the report?,2439,False
What are the key findings in this chest X-ray report?,2440,False
What abnormality is present according to the report?,2440,False
What are the key findings in this chest X-ray report?,2441,False
What abnormality is present according to the report?,2441,False
What are the key findings in this chest X-ray report?,2442,False
What abnormality is present according to the report?,2442,False
What are the key findings in this chest X-ray report?,2443,False
What abnormality is present according to the report?,2443,False
What are the key findings in this chest X-ray report?,2444,False
What abnormality is present according to the report?,2444,False
What are the key findings in this chest X-ray report?,2445,False
What abnormality is present according to the report?,2445,False
Is the heart size normal?,2445,False
What are the key findings in this chest X-ray report?,2446,False
What abnormality is present according to the report?,2446,False
What are the key findings in this chest X-ray report?,2447,False
What abnormality is present according to the report?,2447,False
What are the key findings in this chest X-ray report?,2448,False
What abnormality is present according to the report?,2448,False
Is there any effusion?,2448,False
Is there any pneumothorax?,2448,False
What are the key findings in this chest X-ray report?,2449,False
What abnormality is present according to the report?,2449,False
What are the key findings in this chest X-ray report?,2450,False
What abnormality is present according to the report?,2450,False
Is the heart size normal?,2450,False
What are the key findings in this chest X-ray report?,2451,False
What abnormality is present according to the report?,2451,False
What are the key findings in this chest X-ray report?,2453,False
What abnormality is present according to the report?,2453,False
Is the heart size normal?,2453,False
What are the key findings in this chest X-ray report?,2454,False
What abnormality is present according to the report?,2454,False
What are the key findings in this chest X-ray report?,2455,False
What abnormality is present according to the report?,2455,False
What are the key findings in this chest X-ray report?,2456,False
What abnormality is present according to the report?,2456,False
Is there any cardiomegaly?,2456,False
What are the key findings in this chest X-ray report?,2457,False
What abnormality is present according to the report?,2457,False
Is the heart size normal?,2457,False
What are the key findings in this chest X-ray report?,2458,False
What abnormality is present according to the report?,2458,False
What are the key findings in this chest X-ray report?,2459,False
What abnormality is present according to the report?,2459,False
Is the heart size normal?,2459,False
What are the key findings in this chest X-ray report?,2460,False
What abnormality is present according to the report?,2460,False
Is the heart size normal?,2460,False
What are the key findings in this chest X-ray report?,2461,True
What abnormality is present according to the report?,2461,False
Is the heart size normal?,2461,False
What are the key findings in this chest X-ray report?,2462,False
What abnormality is present according to the report?,2462,False
Is there any cardiomegaly?,2462,False
What are the key findings in this chest X-ray report?,2463,False
What abnormality is present according to the report?,2463,False
Is there any opacity?,2463,False
What are the key findings in this chest X-ray report?,2464,False
What abnormality is present according to the report?,2464,False
Is the heart size normal?,2464,False
What are the key findings in this chest X-ray report?,2465,False
What abnormality is present according to the report?,2465,False
Is there any cardiomegaly?,2465,False
What are the key findings in this chest X-ray report?,2466,False
What abnormality is present according to the report?,2466,False
Is the heart size normal?,2466,False
What are the key findings in this chest X-ray report?,2467,False
What abnormality is present according to the report?,2467,False
Is there any opacity?,2467,False
What are the key findings in this chest X-ray report?,2468,False
What abnormality is present according to the report?,2468,False
What are the key findings in this chest X-ray report?,2469,False
What abnormality is present according to the report?,2469,False
Is there any opacity?,2469,False
What are the key findings in this chest X-ray report?,2470,False
What abnormality is present according to the report?,2470,False
Is the heart size normal?,2470,False
What are the key findings in this chest X-ray report?,2471,False
What abnormality is present according to the report?,2471,False
Is the heart size normal?,2471,False
What are the key findings in this chest X-ray report?,2472,False
What abnormality is present according to the report?,2472,False
What are the key findings in this chest X-ray report?,2473,False
What abnormality is present according to the report?,2473,False
What are the key findings in this chest X-ray report?,2474,False
What abnormality is present according to the report?,2474,False
Is there any effusion?,2474,False
What are the key findings in this chest X-ray report?,2475,False
What abnormality is present according to the report?,2475,False
Is there any cardiomegaly?,2475,False
What are the key findings in this chest X-ray report?,2476,False
What abnormality is present according to the report?,2476,False
What are the key findings in this chest X-ray report?,2477,False
What abnormality is present according to the report?,2477,False
Is there any cardiomegaly?,2477,False
Is there any opacity?,2477,False
Is there any atelectasis?,2477,False
What are the key findings in this chest X-ray report?,2478,False
What abnormality is present according to the report?,2478,False
What are the key findings in this chest X-ray report?,2479,False
What abnormality is present according to the report?,2479,False
What are the key findings in this chest X-ray report?,2480,False
What abnormality is present according to the report?,2480,False
Is the heart size normal?,2480,False
What are the key findings in this chest X-ray report?,2481,False
What abnormality is present according to the report?,2481,False
Is there any opacity?,2481,False
Is there any atelectasis?,2481,False
What are the key findings in this chest X-ray report?,2482,False
What abnormality is present according to the report?,2482,False
Is there any pneumothorax?,2482,False
Is there any atelectasis?,2482,False
What are the key findings in this chest X-ray report?,2483,False
What abnormality is present according to the report?,2483,False
What are the key findings in this chest X-ray report?,2484,False
What abnormality is present according to the report?,2484,False
Is there any opacity?,2484,False
What are the key findings in this chest X-ray report?,2485,False
What abnormality is present according to the report?,2485,False
Is there any effusion?,2485,False
Is there any atelectasis?,2485,False
What are the key findings in this chest X-ray report?,2486,False
What abnormality is present according to the report?,2486,False
What are the key findings in this chest X-ray report?,2487,False
What abnormality is present according to the report?,2487,False
Is the heart size normal?,2487,False
What are the key findings in this chest X-ray report?,2488,False
What abnormality is present according to the report?,2488,False
What are the key findings in this chest X-ray report?,2489,False
What abnormality is present according to the report?,2489,False
Is there any atelectasis?,2489,False
What are the key findings in this chest X-ray report?,2490,False
What abnormality is present according to the report?,2490,False
What are the key findings in this chest X-ray report?,2491,False
What abnormality is present according to the report?,2491,False
Is the heart size normal?,2491,False
What are the key findings in this chest X-ray report?,2492,False
What abnormality is present according to the report?,2492,False
What are the key findings in this chest X-ray report?,2493,False
What abnormality is present according to the report?,2493,False
Is the heart size normal?,2493,False
What are the key findings in this chest X-ray report?,2494,False
What abnormality is present according to the report?,2494,False
Is there any cardiomegaly?,2494,False
What are the key findings in this chest X-ray report?,2495,False
What abnormality is present according to the report?,2495,False
What are the key findings in this chest X-ray report?,2496,False
What abnormality is present according to the report?,2496,False
Is there any cardiomegaly?,2496,False
What are the key findings in this chest X-ray report?,2497,False
What abnormality is present according to the report?,2497,False
What are the key findings in this chest X-ray report?,2498,False
What abnormality is present according to the report?,2498,False
What are the key findings in this chest X-ray report?,2499,False
What abnormality is present according to the report?,2499,False
Is there any cardiomegaly?,2499,False
Is there any effusion?,2499,False
Is there any opacity?,2499,False
What are the key findings in this chest X-ray report?,2501,False
What abnormality is present according to the report?,2501,False
What are the key findings in this chest X-ray report?,2502,False
What abnormality is present according to the report?,2502,False
Is there any effusion?,2502,False
Is there any opacity?,2502,False
What are the key findings in this chest X-ray report?,2503,False
What abnormality is present according to the report?,2503,False
What are the key findings in this chest X-ray report?,2504,False
What abnormality is present according to the report?,2504,False
Is the heart size normal?,2504,False
What are the key findings in this chest X-ray report?,2505,False
What abnormality is present according to the report?,2505,False
What are the key findings in this chest X-ray report?,2506,False
What abnormality is present according to the report?,2506,False
Is there any cardiomegaly?,2506,False
What are the key findings in this chest X-ray report?,2507,False
What abnormality is present according to the report?,2507,False
What are the key findings in this chest X-ray report?,2509,False
What abnormality is present according to the report?,2509,False
What are the key findings in this chest X-ray report?,2510,False
What abnormality is present according to the report?,2510,False
What are the key findings in this chest X-ray report?,2511,False
What abnormality is present according to the report?,2511,False
What are the key findings in this chest X-ray report?,2512,False
What abnormality is present according to the report?,2512,False
Is there any effusion?,2512,False
What are the key findings in this chest X-ray report?,2513,False
What abnormality is present according to the report?,2513,False
Is there any atelectasis?,2513,False
What are the key findings in this chest X-ray report?,2514,False
What abnormality is present according to the report?,2514,False
What are the key findings in this chest X-ray report?,2515,False
What abnormality is present according to the report?,2515,False
Is the heart size normal?,2515,False
What are the key findings in this chest X-ray report?,2516,False
What abnormality is present according to the report?,2516,False
What are the key findings in this chest X-ray report?,2517,False
What abnormality is present according to the report?,2517,False
Is the heart size normal?,2517,False
What are the key findings in this chest X-ray report?,2518,False
What abnormality is present according to the report?,2518,False
What are the key findings in this chest X-ray report?,2519,False
What abnormality is present according to the report?,2519,False
Is there any cardiomegaly?,2519,False
What are the key findings in this chest X-ray report?,2520,False
What abnormality is present according to the report?,2520,False
Is there any opacity?,2520,False
Is there any atelectasis?,2520,False
What are the key findings in this chest X-ray report?,2522,False
What abnormality is present according to the report?,2522,False
What are the key findings in this chest X-ray report?,2523,False
What abnormality is present according to the report?,2523,False
Is the heart size normal?,2523,False
What are the key findings in this chest X-ray report?,2524,False
What abnormality is present according to the report?,2524,False
What are the key findings in this chest X-ray report?,2525,False
What abnormality is present according to the report?,2525,False
What are the key findings in this chest X-ray report?,2526,False
What abnormality is present according to the report?,2526,False
Is the heart size normal?,2526,False
What are the key findings in this chest X-ray report?,2527,False
What abnormality is present according to the report?,2527,False
Is the heart size normal?,2527,False
What are the key findings in this chest X-ray report?,2528,False
What abnormality is present according to the report?,2528,False
What are the key findings in this chest X-ray report?,2529,False
What abnormality is present according to the report?,2529,False
Is the heart size normal?,2529,False
What are the key findings in this chest X-ray report?,2530,False
What abnormality is present according to the report?,2530,False
What are the key findings in this chest X-ray report?,2531,False
What abnormality is present according to the report?,2531,False
What are the key findings in this chest X-ray report?,2532,False
What abnormality is present according to the report?,2532,False
Is there any cardiomegaly?,2532,False
Is there any opacity?,2532,False
Is there any edema?,2532,False
What are the key findings in this chest X-ray report?,2533,False
What abnormality is present according to the report?,2533,False
Is the heart size normal?,2533,False
What are the key findings in this chest X-ray report?,2535,False
What abnormality is present according to the report?,2535,False
Is the heart size normal?,2535,False
What are the key findings in this chest X-ray report?,2536,False
What abnormality is present according to the report?,2536,False
What are the key findings in this chest X-ray report?,2537,False
What abnormality is present according to the report?,2537,False
Is there any opacity?,2537,False
Is there any atelectasis?,2537,False
What are the key findings in this chest X-ray report?,2538,False
What abnormality is present according to the report?,2538,False
Is the heart size normal?,2538,False
What are the key findings in this chest X-ray report?,2539,False
What abnormality is present according to the report?,2539,False
Is the heart size normal?,2539,False
What are the key findings in this chest X-ray report?,2540,False
What abnormality is present according to the report?,2540,False
Is the heart size normal?,2540,False
What are the key findings in this chest X-ray report?,2541,False
What abnormality is present according to the report?,2541,False
Is the heart size normal?,2541,False
What are the key findings in this chest X-ray report?,2542,False
What abnormality is present according to the report?,2542,False
Is the heart size normal?,2542,False
What are the key findings in this chest X-ray report?,2543,False
What abnormality is present according to the report?,2543,False
Is there any cardiomegaly?,2543,False
Is there any edema?,2543,False
What are the key findings in this chest X-ray report?,2544,False
What abnormality is present according to the report?,2544,False
Is there any cardiomegaly?,2544,False
What are the key findings in this chest X-ray report?,2545,False
What abnormality is present according to the report?,2545,False
Is the heart size normal?,2545,False
What are the key findings in this chest X-ray report?,2546,False
What abnormality is present according to the report?,2546,False
What are the key findings in this chest X-ray report?,2547,False
What abnormality is present according to the report?,2547,False
Is there any opacity?,2547,False
What are the key findings in this chest X-ray report?,2548,False
What abnormality is present according to the report?,2548,False
Is there any atelectasis?,2548,False
What are the key findings in this chest X-ray report?,2549,False
What abnormality is present according to the report?,2549,False
Is the heart size normal?,2549,False
What are the key findings in this chest X-ray report?,2550,False
What abnormality is present according to the report?,2550,False
What are the key findings in this chest X-ray report?,2551,False
What abnormality is present according to the report?,2551,False
Is the heart size normal?,2551,False
What are the key findings in this chest X-ray report?,2552,False
What abnormality is present according to the report?,2552,False
Is the heart size normal?,2552,False
What are the key findings in this chest X-ray report?,2553,False
What abnormality is present according to the report?,2553,False
What are the key findings in this chest X-ray report?,2554,False
What abnormality is present according to the report?,2554,False
Is there any atelectasis?,2554,False
What are the key findings in this chest X-ray report?,2555,False
What abnormality is present according to the report?,2555,False
What are the key findings in this chest X-ray report?,2557,False
What abnormality is present according to the report?,2557,False
Is there any cardiomegaly?,2557,False
What are the key findings in this chest X-ray report?,2558,False
What abnormality is present according to the report?,2558,False
Is the heart size normal?,2558,False
What are the key findings in this chest X-ray report?,2559,False
What abnormality is present according to the report?,2559,False
Is the heart size normal?,2559,False
What are the key findings in this chest X-ray report?,2560,False
What abnormality is present according to the report?,2560,False
What are the key findings in this chest X-ray report?,2561,False
What abnormality is present according to the report?,2561,False
Is the heart size normal?,2561,False
What are the key findings in this chest X-ray report?,2562,False
What abnormality is present according to the report?,2562,False
Is there any opacity?,2562,False
Is there any atelectasis?,2562,False
What are the key findings in this chest X-ray report?,2563,False
What abnormality is present according to the report?,2563,False
Is the heart size normal?,2563,False
What are the key findings in this chest X-ray report?,2564,False
What abnormality is present according to the report?,2564,False
Is the heart size normal?,2564,False
What are the key findings in this chest X-ray report?,2565,False
What abnormality is present according to the report?,2565,False
What are the key findings in this chest X-ray report?,2566,False
What abnormality is present according to the report?,2566,False
Is the heart size normal?,2566,False
What are the key findings in this chest X-ray report?,2567,False
What abnormality is present according to the report?,2567,False
Is the heart size normal?,2567,False
What are the key findings in this chest X-ray report?,2568,False
What abnormality is present according to the report?,2568,False
What are the key findings in this chest X-ray report?,2569,False
What abnormality is present according to the report?,2569,False
What are the key findings in this chest X-ray report?,2570,False
What abnormality is present according to the report?,2570,False
Is there any cardiomegaly?,2570,False
Is there any effusion?,2570,False
Is there any edema?,2570,False
What are the key findings in this chest X-ray report?,2571,False
What abnormality is present according to the report?,2571,False
What are the key findings in this chest X-ray report?,2572,False
What abnormality is present according to the report?,2572,False
Is the heart size normal?,2572,False
What are the key findings in this chest X-ray report?,2573,False
What abnormality is present according to the report?,2573,False
Is the heart size normal?,2573,False
What are the key findings in this chest X-ray report?,2574,False
What abnormality is present according to the report?,2574,False
What are the key findings in this chest X-ray report?,2575,False
What abnormality is present according to the report?,2575,False
What are the key findings in this chest X-ray report?,2576,False
What abnormality is present according to the report?,2576,False
What are the key findings in this chest X-ray report?,2577,False
What abnormality is present according to the report?,2577,False
Is there any opacity?,2577,False
Is there any atelectasis?,2577,False
What are the key findings in this chest X-ray report?,2578,False
What abnormality is present according to the report?,2578,False
What are the key findings in this chest X-ray report?,2579,False
What abnormality is present according to the report?,2579,False
Is the heart size normal?,2579,False
What are the key findings in this chest X-ray report?,2580,False
What abnormality is present according to the report?,2580,False
What are the key findings in this chest X-ray report?,2581,False
What abnormality is present according to the report?,2581,False
What are the key findings in this chest X-ray report?,2582,False
What abnormality is present according to the report?,2582,False
What are the key findings in this chest X-ray report?,2583,False
What abnormality is present according to the report?,2583,False
Is the heart size normal?,2583,False
What are the key findings in this chest X-ray report?,2584,False
What abnormality is present according to the report?,2584,False
Is the heart size normal?,2584,False
What are the key findings in this chest X-ray report?,2585,False
What abnormality is present according to the report?,2585,False
What are the key findings in this chest X-ray report?,2586,False
What abnormality is present according to the report?,2586,False
What are the key findings in this chest X-ray report?,2587,False
What abnormality is present according to the report?,2587,False
What are the key findings in this chest X-ray report?,2588,False
What abnormality is present according to the report?,2588,False
What are the key findings in this chest X-ray report?,2589,False
What abnormality is present according to the report?,2589,False
Is there any cardiomegaly?,2589,False
What are the key findings in this chest X-ray report?,2590,False
What abnormality is present according to the report?,2590,False
Is the heart size normal?,2590,False
What are the key findings in this chest X-ray report?,2591,False
What abnormality is present according to the report?,2591,False
Is the heart size normal?,2591,False
What are the key findings in this chest X-ray report?,2592,False
What abnormality is present according to the report?,2592,False
Is the heart size normal?,2592,False
What are the key findings in this chest X-ray report?,2593,False
What abnormality is present according to the report?,2593,False
Is there any cardiomegaly?,2593,False
What are the key findings in this chest X-ray report?,2594,False
What abnormality is present according to the report?,2594,False
Is there any opacity?,2594,False
Is there any atelectasis?,2594,False
What are the key findings in this chest X-ray report?,2595,False
What abnormality is present according to the report?,2595,False
Is the heart size normal?,2595,False
What are the key findings in this chest X-ray report?,2596,False
What abnormality is present according to the report?,2596,False
Is the heart size normal?,2596,False
What are the key findings in this chest X-ray report?,2597,False
What abnormality is present according to the report?,2597,False
What are the key findings in this chest X-ray report?,2599,False
What abnormality is present according to the report?,2599,False
Is there any opacity?,2599,False
What are the key findings in this chest X-ray report?,2600,False
What abnormality is present according to the report?,2600,False
What are the key findings in this chest X-ray report?,2604,False
What abnormality is present according to the report?,2604,False
Is the heart size normal?,2604,False
What are the key findings in this chest X-ray report?,2605,False
What abnormality is present according to the report?,2605,False
Is the heart size normal?,2605,False
What are the key findings in this chest X-ray report?,2606,False
What abnormality is present according to the report?,2606,False
What are the key findings in this chest X-ray report?,2607,False
What abnormality is present according to the report?,2607,False
What are the key findings in this chest X-ray report?,2608,False
What abnormality is present according to the report?,2608,False
Is there any effusion?,2608,False
What are the key findings in this chest X-ray report?,2609,False
What abnormality is present according to the report?,2609,False
Is the heart size normal?,2609,False
What are the key findings in this chest X-ray report?,2610,False
What abnormality is present according to the report?,2610,False
Is there any atelectasis?,2610,False
What are the key findings in this chest X-ray report?,2611,False
What abnormality is present according to the report?,2611,False
Is the heart size normal?,2611,False
What are the key findings in this chest X-ray report?,2612,False
What abnormality is present according to the report?,2612,False
Is the heart size normal?,2612,False
What are the key findings in this chest X-ray report?,2613,False
What abnormality is present according to the report?,2613,False
What are the key findings in this chest X-ray report?,2614,False
What abnormality is present according to the report?,2614,False
Is there any opacity?,2614,False
What are the key findings in this chest X-ray report?,2615,False
What abnormality is present according to the report?,2615,False
Is there any cardiomegaly?,2615,False
Is there any effusion?,2615,False
Is there any opacity?,2615,False
Is there any edema?,2615,False
What are the key findings in this chest X-ray report?,2616,False
What abnormality is present according to the report?,2616,False
Is there any effusion?,2616,False
What are the key findings in this chest X-ray report?,2617,False
What abnormality is present according to the report?,2617,False
What are the key findings in this chest X-ray report?,2618,False
What abnormality is present according to the report?,2618,False
Is there any opacity?,2618,False
What are the key findings in this chest X-ray report?,2619,False
What abnormality is present according to the report?,2619,False
Is there any opacity?,2619,False
What are the key findings in this chest X-ray report?,2620,False
What abnormality is present according to the report?,2620,False
Is the heart size normal?,2620,False
What are the key findings in this chest X-ray report?,2621,False
What abnormality is present according to the report?,2621,False
Is the heart size normal?,2621,False
What are the key findings in this chest X-ray report?,2622,False
What abnormality is present according to the report?,2622,False
What are the key findings in this chest X-ray report?,2623,False
What abnormality is present according to the report?,2623,False
Is the heart size normal?,2623,False
What are the key findings in this chest X-ray report?,2624,False
What abnormality is present according to the report?,2624,False
What are the key findings in this chest X-ray report?,2625,False
What abnormality is present according to the report?,2625,False
Is the heart size normal?,2625,False
What are the key findings in this chest X-ray report?,2626,False
What abnormality is present according to the report?,2626,False
Is the heart size normal?,2626,False
What are the key findings in this chest X-ray report?,2627,False
What abnormality is present according to the report?,2627,False
What are the key findings in this chest X-ray report?,2628,False
What abnormality is present according to the report?,2628,False
Is there any atelectasis?,2628,False
What are the key findings in this chest X-ray report?,2629,False
What abnormality is present according to the report?,2629,False
Is the heart size normal?,2629,False
What are the key findings in this chest X-ray report?,2630,False
What abnormality is present according to the report?,2630,False
What are the key findings in this chest X-ray report?,2631,False
What abnormality is present according to the report?,2631,False
What are the key findings in this chest X-ray report?,2632,False
What abnormality is present according to the report?,2632,False
Is the heart size normal?,2632,False
What are the key findings in this chest X-ray report?,2633,False
What abnormality is present according to the report?,2633,False
What are the key findings in this chest X-ray report?,2634,False
What abnormality is present according to the report?,2634,False
What are the key findings in this chest X-ray report?,2635,False
What abnormality is present according to the report?,2635,False
Is the heart size normal?,2635,False
What are the key findings in this chest X-ray report?,2636,False
What abnormality is present according to the report?,2636,False
What are the key findings in this chest X-ray report?,2637,False
What abnormality is present according to the report?,2637,False
Is there any cardiomegaly?,2637,False
Is there any effusion?,2637,False
Is there any opacity?,2637,False
Is there any edema?,2637,False
What are the key findings in this chest X-ray report?,2638,False
What abnormality is present according to the report?,2638,False
Is the heart size normal?,2638,False
What are the key findings in this chest X-ray report?,2639,False
What abnormality is present according to the report?,2639,False
What are the key findings in this chest X-ray report?,2640,False
What abnormality is present according to the report?,2640,False
Is the heart size normal?,2640,False
What are the key findings in this chest X-ray report?,2642,False
What abnormality is present according to the report?,2642,False
Is there any effusion?,2642,False
What are the key findings in this chest X-ray report?,2643,False
What abnormality is present according to the report?,2643,False
Is the heart size normal?,2643,False
What are the key findings in this chest X-ray report?,2644,False
What abnormality is present according to the report?,2644,False
Is there any cardiomegaly?,2644,False
What are the key findings in this chest X-ray report?,2645,False
What abnormality is present according to the report?,2645,False
What are the key findings in this chest X-ray report?,2646,False
What abnormality is present according to the report?,2646,False
What are the key findings in this chest X-ray report?,2647,False
What abnormality is present according to the report?,2647,False
What are the key findings in this chest X-ray report?,2648,False
What abnormality is present according to the report?,2648,False
Is there any cardiomegaly?,2648,False
What are the key findings in this chest X-ray report?,2649,False
What abnormality is present according to the report?,2649,False
Is the heart size normal?,2649,False
What are the key findings in this chest X-ray report?,2650,False
What abnormality is present according to the report?,2650,False
Is there any cardiomegaly?,2650,False
What are the key findings in this chest X-ray report?,2651,False
What abnormality is present according to the report?,2651,False
Is the heart size normal?,2651,False
What are the key findings in this chest X-ray report?,2652,False
What abnormality is present according to the report?,2652,False
What are the key findings in this chest X-ray report?,2653,False
What abnormality is present according to the report?,2653,False
What are the key findings in this chest X-ray report?,2654,False
What abnormality is present according to the report?,2654,False
What are the key findings in this chest X-ray report?,2655,False
What abnormality is present according to the report?,2655,False
Is the heart size normal?,2655,False
What are the key findings in this chest X-ray report?,2656,False
What abnormality is present according to the report?,2656,False
What are the key findings in this chest X-ray report?,2657,False
What abnormality is present according to the report?,2657,False
Is there any effusion?,2657,False
Is there any edema?,2657,False
What are the key findings in this chest X-ray report?,2658,False
What abnormality is present according to the report?,2658,False
What are the key findings in this chest X-ray report?,2659,False
What abnormality is present according to the report?,2659,False
Is the heart size normal?,2659,False
What are the key findings in this chest X-ray report?,2660,False
What abnormality is present according to the report?,2660,False
Is the heart size normal?,2660,False
What are the key findings in this chest X-ray report?,2661,False
What abnormality is present according to the report?,2661,False
Is there any cardiomegaly?,2661,False
What are the key findings in this chest X-ray report?,2662,False
What abnormality is present according to the report?,2662,False
Is the heart size normal?,2662,False
What are the key findings in this chest X-ray report?,2663,False
What abnormality is present according to the report?,2663,False
Is the heart size normal?,2663,False
What are the key findings in this chest X-ray report?,2664,False
What abnormality is present according to the report?,2664,False
Is there any opacity?,2664,False
Is there any atelectasis?,2664,False
What are the key findings in this chest X-ray report?,2665,False
What abnormality is present according to the report?,2665,False
Is the heart size normal?,2665,False
What are the key findings in this chest X-ray report?,2666,False
What abnormality is present according to the report?,2666,False
What are the key findings in this chest X-ray report?,2667,False
What abnormality is present according to the report?,2667,False
Is the heart size normal?,2667,False
What are the key findings in this chest X-ray report?,2668,False
What abnormality is present according to the report?,2668,False
Is the heart size normal?,2668,False
What are the key findings in this chest X-ray report?,2669,False
What abnormality is present according to the report?,2669,False
Is there any opacity?,2669,False
What are the key findings in this chest X-ray report?,2670,False
What abnormality is present according to the report?,2670,False
Is there any opacity?,2670,False
Is there any atelectasis?,2670,False
What are the key findings in this chest X-ray report?,2671,False
What abnormality is present according to the report?,2671,False
What are the key findings in this chest X-ray report?,2672,False
What abnormality is present according to the report?,2672,False
Is the heart size normal?,2672,False
What are the key findings in this chest X-ray report?,2673,False
What abnormality is present according to the report?,2673,False
Is there any cardiomegaly?,2673,False
Is there any edema?,2673,False
What are the key findings in this chest X-ray report?,2674,False
What abnormality is present according to the report?,2674,False
Is the heart size normal?,2674,False
What are the key findings in this chest X-ray report?,2676,False
What abnormality is present according to the report?,2676,False
Is there any cardiomegaly?,2676,False
Is there any atelectasis?,2676,False
What are the key findings in this chest X-ray report?,2677,False
What abnormality is present according to the report?,2677,False
What are the key findings in this chest X-ray report?,2679,False
What abnormality is present according to the report?,2679,False
What are the key findings in this chest X-ray report?,2680,False
What abnormality is present according to the report?,2680,False
Is the heart size normal?,2680,False
What are the key findings in this chest X-ray report?,2681,False
What abnormality is present according to the report?,2681,False
What are the key findings in this chest X-ray report?,2683,False
What abnormality is present according to the report?,2683,False
Is the heart size normal?,2683,False
What are the key findings in this chest X-ray report?,2684,False
What abnormality is present according to the report?,2684,False
What are the key findings in this chest X-ray report?,2685,False
What abnormality is present according to the report?,2685,False
What are the key findings in this chest X-ray report?,2686,False
What abnormality is present according to the report?,2686,False
Is the heart size normal?,2686,False
What are the key findings in this chest X-ray report?,2687,False
What abnormality is present according to the report?,2687,False
What are the key findings in this chest X-ray report?,2688,False
What abnormality is present according to the report?,2688,False
Is there any cardiomegaly?,2688,False
Is there any opacity?,2688,False
What are the key findings in this chest X-ray report?,2689,False
What abnormality is present according to the report?,2689,False
What are the key findings in this chest X-ray report?,2690,False
What abnormality is present according to the report?,2690,False
What are the key findings in this chest X-ray report?,2691,False
What abnormality is present according to the report?,2691,False
Is there any cardiomegaly?,2691,False
What are the key findings in this chest X-ray report?,2692,False
What abnormality is present according to the report?,2692,False
Is the heart size normal?,2692,False
What are the key findings in this chest X-ray report?,2693,False
What abnormality is present according to the report?,2693,False
What are the key findings in this chest X-ray report?,2694,False
What abnormality is present according to the report?,2694,False
Is the heart size normal?,2694,False
What are the key findings in this chest X-ray report?,2695,False
What abnormality is present according to the report?,2695,False
What are the key findings in this chest X-ray report?,2696,False
What abnormality is present according to the report?,2696,False
Is there any cardiomegaly?,2696,False
Is there any opacity?,2696,False
Is there any atelectasis?,2696,False
What are the key findings in this chest X-ray report?,2698,False
What abnormality is present according to the report?,2698,False
Is the heart size normal?,2698,False
What are the key findings in this chest X-ray report?,2699,False
What abnormality is present according to the report?,2699,False
Is the heart size normal?,2699,False
What are the key findings in this chest X-ray report?,2700,False
What abnormality is present according to the report?,2700,False
What are the key findings in this chest X-ray report?,2701,False
What abnormality is present according to the report?,2701,False
What are the key findings in this chest X-ray report?,2702,False
What abnormality is present according to the report?,2702,False
Is there any cardiomegaly?,2702,True
Is there any effusion?,2702,False
What are the key findings in this chest X-ray report?,2704,False
What abnormality is present according to the report?,2704,False
Is there any opacity?,2704,False
Is there any atelectasis?,2704,False
What are the key findings in this chest X-ray report?,2705,False
What abnormality is present according to the report?,2705,False
What are the key findings in this chest X-ray report?,2706,False
What abnormality is present according to the report?,2706,False
What are the key findings in this chest X-ray report?,2708,False
What abnormality is present according to the report?,2708,False
What are the key findings in this chest X-ray report?,2709,False
What abnormality is present according to the report?,2709,False
Is there any opacity?,2709,False
What are the key findings in this chest X-ray report?,2710,False
What abnormality is present according to the report?,2710,False
Is the heart size normal?,2710,False
What are the key findings in this chest X-ray report?,2711,False
What abnormality is present according to the report?,2711,False
What are the key findings in this chest X-ray report?,2712,False
What abnormality is present according to the report?,2712,False
What are the key findings in this chest X-ray report?,2713,False
What abnormality is present according to the report?,2713,False
Is there any opacity?,2713,False
Is there any atelectasis?,2713,False
What are the key findings in this chest X-ray report?,2714,False
What abnormality is present according to the report?,2714,False
Is the heart size normal?,2714,False
What are the key findings in this chest X-ray report?,2715,False
What abnormality is present according to the report?,2715,False
What are the key findings in this chest X-ray report?,2716,False
What abnormality is present according to the report?,2716,False
Is there any effusion?,2716,False
Is there any opacity?,2716,False
Is there any atelectasis?,2716,False
What are the key findings in this chest X-ray report?,2717,False
What abnormality is present according to the report?,2717,False
What are the key findings in this chest X-ray report?,2718,False
What abnormality is present according to the report?,2718,False
What are the key findings in this chest X-ray report?,2719,False
What abnormality is present according to the report?,2719,False
Is there any opacity?,2719,False
What are the key findings in this chest X-ray report?,2720,False
What abnormality is present according to the report?,2720,False
Is the heart size normal?,2720,False
What are the key findings in this chest X-ray report?,2721,False
What abnormality is present according to the report?,2721,False
What are the key findings in this chest X-ray report?,2722,False
What abnormality is present according to the report?,2722,False
Is there any cardiomegaly?,2722,False
What are the key findings in this chest X-ray report?,2723,False
What abnormality is present according to the report?,2723,False
Is there any atelectasis?,2723,False
What are the key findings in this chest X-ray report?,2724,False
What abnormality is present according to the report?,2724,False
What are the key findings in this chest X-ray report?,2725,False
What abnormality is present according to the report?,2725,False
What are the key findings in this chest X-ray report?,2726,False
What abnormality is present according to the report?,2726,False
Is the heart size normal?,2726,False
What are the key findings in this chest X-ray report?,2727,False
What abnormality is present according to the report?,2727,False
What are the key findings in this chest X-ray report?,2728,False
What abnormality is present according to the report?,2728,False
Is there any opacity?,2728,False
Is there any atelectasis?,2728,False
What are the key findings in this chest X-ray report?,2729,False
What abnormality is present according to the report?,2729,False
What are the key findings in this chest X-ray report?,2730,False
What abnormality is present according to the report?,2730,False
Is the heart size normal?,2730,False
What are the key findings in this chest X-ray report?,2731,False
What abnormality is present according to the report?,2731,False
Is the heart size normal?,2731,False
What are the key findings in this chest X-ray report?,2733,False
What abnormality is present according to the report?,2733,False
Is there any opacity?,2733,False
What are the key findings in this chest X-ray report?,2734,False
What abnormality is present according to the report?,2734,False
Is the heart size normal?,2734,False
What are the key findings in this chest X-ray report?,2735,False
What abnormality is present according to the report?,2735,False
Is the heart size normal?,2735,False
What are the key findings in this chest X-ray report?,2737,False
What abnormality is present according to the report?,2737,False
Is there any atelectasis?,2737,False
What are the key findings in this chest X-ray report?,2738,False
What abnormality is present according to the report?,2738,False
What are the key findings in this chest X-ray report?,2739,False
What abnormality is present according to the report?,2739,False
Is the heart size normal?,2739,False
What are the key findings in this chest X-ray report?,2740,False
What abnormality is present according to the report?,2740,False
What are the key findings in this chest X-ray report?,2741,False
What abnormality is present according to the report?,2741,False
Is the heart size normal?,2741,False
What are the key findings in this chest X-ray report?,2742,False
What abnormality is present according to the report?,2742,False
What are the key findings in this chest X-ray report?,2743,False
What abnormality is present according to the report?,2743,False
What are the key findings in this chest X-ray report?,2744,False
What abnormality is present according to the report?,2744,False
Is the heart size normal?,2744,False
What are the key findings in this chest X-ray report?,2745,False
What abnormality is present according to the report?,2745,False
What are the key findings in this chest X-ray report?,2746,False
What abnormality is present according to the report?,2746,False
What are the key findings in this chest X-ray report?,2747,False
What abnormality is present according to the report?,2747,False
Is there any effusion?,2747,False
What are the key findings in this chest X-ray report?,2748,False
What abnormality is present according to the report?,2748,False
Is the heart size normal?,2748,False
What are the key findings in this chest X-ray report?,2749,False
What abnormality is present according to the report?,2749,False
What are the key findings in this chest X-ray report?,2750,False
What abnormality is present according to the report?,2750,False
Is there any opacity?,2750,True
What are the key findings in this chest X-ray report?,2751,False
What abnormality is present according to the report?,2751,False
Is the heart size normal?,2751,False
What are the key findings in this chest X-ray report?,2752,False
What abnormality is present according to the report?,2752,False
Is there any cardiomegaly?,2752,False
Is there any effusion?,2752,False
Is there any opacity?,2752,False
Is there any atelectasis?,2752,False
What are the key findings in this chest X-ray report?,2753,False
What abnormality is present according to the report?,2753,False
What are the key findings in this chest X-ray report?,2754,False
What abnormality is present according to the report?,2754,False
Is the heart size normal?,2754,False
What are the key findings in this chest X-ray report?,2755,False
What abnormality is present according to the report?,2755,False
Is there any cardiomegaly?,2755,False
What are the key findings in this chest X-ray report?,2756,False
What abnormality is present according to the report?,2756,False
What are the key findings in this chest X-ray report?,2758,False
What abnormality is present according to the report?,2758,False
Is the heart size normal?,2758,False
What are the key findings in this chest X-ray report?,2759,False
What abnormality is present according to the report?,2759,False
What are the key findings in this chest X-ray report?,2760,False
What abnormality is present according to the report?,2760,False
What are the key findings in this chest X-ray report?,2761,False
What abnormality is present according to the report?,2761,False
Is there any opacity?,2761,False
What are the key findings in this chest X-ray report?,2762,False
What abnormality is present according to the report?,2762,False
What are the key findings in this chest X-ray report?,2763,False
What abnormality is present according to the report?,2763,False
What are the key findings in this chest X-ray report?,2764,False
What abnormality is present according to the report?,2764,False
Is the heart size normal?,2764,False
What are the key findings in this chest X-ray report?,2766,False
What abnormality is present according to the report?,2766,False
Is there any cardiomegaly?,2766,False
What are the key findings in this chest X-ray report?,2767,False
What abnormality is present according to the report?,2767,False
What are the key findings in this chest X-ray report?,2768,False
What abnormality is present according to the report?,2768,False
Is the heart size normal?,2768,False
What are the key findings in this chest X-ray report?,2769,False
What abnormality is present according to the report?,2769,False
What are the key findings in this chest X-ray report?,2770,False
What abnormality is present according to the report?,2770,False
Is the heart size normal?,2770,False
What are the key findings in this chest X-ray report?,2771,False
What abnormality is present according to the report?,2771,False
Is the heart size normal?,2771,False
What are the key findings in this chest X-ray report?,2772,False
What abnormality is present according to the report?,2772,False
Is the heart size normal?,2772,False
What are the key findings in this chest X-ray report?,2773,False
What abnormality is present according to the report?,2773,False
What are the key findings in this chest X-ray report?,2774,False
What abnormality is present according to the report?,2774,False
Is there any cardiomegaly?,2774,False
What are the key findings in this chest X-ray report?,2775,False
What abnormality is present according to the report?,2775,False
Is the heart size normal?,2775,False
What are the key findings in this chest X-ray report?,2776,False
What abnormality is present according to the report?,2776,False
What are the key findings in this chest X-ray report?,2777,False
What abnormality is present according to the report?,2777,False
Is there any atelectasis?,2777,False
What are the key findings in this chest X-ray report?,2778,False
What abnormality is present according to the report?,2778,False
What are the key findings in this chest X-ray report?,2779,False
What abnormality is present according to the report?,2779,False
What are the key findings in this chest X-ray report?,2780,False
What abnormality is present according to the report?,2780,False
What are the key findings in this chest X-ray report?,2781,False
What abnormality is present according to the report?,2781,False
Is the heart size normal?,2781,False
What are the key findings in this chest X-ray report?,2782,False
What abnormality is present according to the report?,2782,False
What are the key findings in this chest X-ray report?,2783,False
What abnormality is present according to the report?,2783,False
What are the key findings in this chest X-ray report?,2784,False
What abnormality is present according to the report?,2784,False
Is the heart size normal?,2784,False
What are the key findings in this chest X-ray report?,2785,False
What abnormality is present according to the report?,2785,False
Is the heart size normal?,2785,False
What are the key findings in this chest X-ray report?,2786,False
What abnormality is present according to the report?,2786,False
Is the heart size normal?,2786,False
What are the key findings in this chest X-ray report?,2787,False
What abnormality is present according to the report?,2787,False
Is the heart size normal?,2787,False
What are the key findings in this chest X-ray report?,2788,False
What abnormality is present according to the report?,2788,False
Is the heart size normal?,2788,False
What are the key findings in this chest X-ray report?,2789,False
What abnormality is present according to the report?,2789,False
What are the key findings in this chest X-ray report?,2790,False
What abnormality is present according to the report?,2790,False
What are the key findings in this chest X-ray report?,2791,False
What abnormality is present according to the report?,2791,False
Is the heart size normal?,2791,False
What are the key findings in this chest X-ray report?,2792,False
What abnormality is present according to the report?,2792,False
Is the heart size normal?,2792,False
What are the key findings in this chest X-ray report?,2793,False
What abnormality is present according to the report?,2793,False
What are the key findings in this chest X-ray report?,2794,False
What abnormality is present according to the report?,2794,False
What are the key findings in this chest X-ray report?,2795,False
What abnormality is present according to the report?,2795,False
What are the key findings in this chest X-ray report?,2796,False
What abnormality is present according to the report?,2796,False
Is the heart size normal?,2796,False
What are the key findings in this chest X-ray report?,2797,False
What abnormality is present according to the report?,2797,False
Is the heart size normal?,2797,False
What are the key findings in this chest X-ray report?,2798,False
What abnormality is present according to the report?,2798,False
What are the key findings in this chest X-ray report?,2799,False
What abnormality is present according to the report?,2799,False
Is the heart size normal?,2799,False
What are the key findings in this chest X-ray report?,2801,False
What abnormality is present according to the report?,2801,False
Is there any atelectasis?,2801,False
What are the key findings in this chest X-ray report?,2802,False
What abnormality is present according to the report?,2802,False
What are the key findings in this chest X-ray report?,2803,False
What abnormality is present according to the report?,2803,False
What are the key findings in this chest X-ray report?,2804,False
What abnormality is present according to the report?,2804,False
Is the heart size normal?,2804,False
What are the key findings in this chest X-ray report?,2805,False
What abnormality is present according to the report?,2805,False
Is the heart size normal?,2805,False
What are the key findings in this chest X-ray report?,2806,False
What abnormality is present according to the report?,2806,False
Is the heart size normal?,2806,False
What are the key findings in this chest X-ray report?,2807,False
What abnormality is present according to the report?,2807,False
Is the heart size normal?,2807,False
What are the key findings in this chest X-ray report?,2808,False
What abnormality is present according to the report?,2808,False
What are the key findings in this chest X-ray report?,2809,False
What abnormality is present according to the report?,2809,False
What are the key findings in this chest X-ray report?,2810,False
What abnormality is present according to the report?,2810,False
What are the key findings in this chest X-ray report?,2811,False
What abnormality is present according to the report?,2811,False
Is the heart size normal?,2811,False
What are the key findings in this chest X-ray report?,2812,False
What abnormality is present according to the report?,2812,False
What are the key findings in this chest X-ray report?,2813,False
What abnormality is present according to the report?,2813,False
What are the key findings in this chest X-ray report?,2814,False
What abnormality is present according to the report?,2814,False
Is there any cardiomegaly?,2814,False
What are the key findings in this chest X-ray report?,2815,False
What abnormality is present according to the report?,2815,False
What are the key findings in this chest X-ray report?,2816,False
What abnormality is present according to the report?,2816,False
What are the key findings in this chest X-ray report?,2817,False
What abnormality is present according to the report?,2817,False
Is there any effusion?,2817,False
Is there any opacity?,2817,False
What are the key findings in this chest X-ray report?,2818,False
What abnormality is present according to the report?,2818,False
Is there any opacity?,2818,False
What are the key findings in this chest X-ray report?,2819,False
What abnormality is present according to the report?,2819,False
What are the key findings in this chest X-ray report?,2820,False
What abnormality is present according to the report?,2820,False
Is the heart size normal?,2820,False
What are the key findings in this chest X-ray report?,2821,False
What abnormality is present according to the report?,2821,False
What are the key findings in this chest X-ray report?,2822,False
What abnormality is present according to the report?,2822,False
What are the key findings in this chest X-ray report?,2824,False
What abnormality is present according to the report?,2824,False
What are the key findings in this chest X-ray report?,2825,False
What abnormality is present according to the report?,2825,False
Is the heart size normal?,2825,False
What are the key findings in this chest X-ray report?,2826,False
What abnormality is present according to the report?,2826,False
What are the key findings in this chest X-ray report?,2827,False
What abnormality is present according to the report?,2827,False
Is there any pneumothorax?,2827,False
What are the key findings in this chest X-ray report?,2828,False
What abnormality is present according to the report?,2828,False
What are the key findings in this chest X-ray report?,2829,False
What abnormality is present according to the report?,2829,False
Is the heart size normal?,2829,False
What are the key findings in this chest X-ray report?,2830,False
What abnormality is present according to the report?,2830,False
What are the key findings in this chest X-ray report?,2831,False
What abnormality is present according to the report?,2831,False
Is there any effusion?,2831,False
Is there any pneumothorax?,2831,False
What are the key findings in this chest X-ray report?,2832,False
What abnormality is present according to the report?,2832,False
Is there any cardiomegaly?,2832,False
What are the key findings in this chest X-ray report?,2833,False
What abnormality is present according to the report?,2833,False
Is the heart size normal?,2833,False
What are the key findings in this chest X-ray report?,2835,False
What abnormality is present according to the report?,2835,False
What are the key findings in this chest X-ray report?,2836,False
What abnormality is present according to the report?,2836,False
Is there any cardiomegaly?,2836,False
Is there any atelectasis?,2836,False
What are the key findings in this chest X-ray report?,2837,False
What abnormality is present according to the report?,2837,False
Is there any opacity?,2837,False
What are the key findings in this chest X-ray report?,2838,False
What abnormality is present according to the report?,2838,False
Is the heart size normal?,2838,False
What are the key findings in this chest X-ray report?,2839,False
What abnormality is present according to the report?,2839,False
Is the heart size normal?,2839,False
What are the key findings in this chest X-ray report?,2840,False
What abnormality is present according to the report?,2840,False
Is the heart size normal?,2840,False
What are the key findings in this chest X-ray report?,2841,False
What abnormality is present according to the report?,2841,False
Is the heart size normal?,2841,False
What are the key findings in this chest X-ray report?,2842,False
What abnormality is present according to the report?,2842,False
Is the heart size normal?,2842,False
What are the key findings in this chest X-ray report?,2843,False
What abnormality is present according to the report?,2843,False
Is there any opacity?,2843,False
What are the key findings in this chest X-ray report?,2844,False
What abnormality is present according to the report?,2844,False
What are the key findings in this chest X-ray report?,2845,False
What abnormality is present according to the report?,2845,False
Is the heart size normal?,2845,False
What are the key findings in this chest X-ray report?,2847,False
What abnormality is present according to the report?,2847,False
What are the key findings in this chest X-ray report?,2848,False
What abnormality is present according to the report?,2848,False
Is there any cardiomegaly?,2848,False
What are the key findings in this chest X-ray report?,2850,False
What abnormality is present according to the report?,2850,False
Is the heart size normal?,2850,False
What are the key findings in this chest X-ray report?,2851,False
What abnormality is present according to the report?,2851,False
Is the heart size normal?,2851,False
What are the key findings in this chest X-ray report?,2852,False
What abnormality is present according to the report?,2852,False
Is the heart size normal?,2852,False
What are the key findings in this chest X-ray report?,2854,False
What abnormality is present according to the report?,2854,False
Is the heart size normal?,2854,False
What are the key findings in this chest X-ray report?,2855,False
What abnormality is present according to the report?,2855,False
Is the heart size normal?,2855,False
What are the key findings in this chest X-ray report?,2856,False
What abnormality is present according to the report?,2856,False
Is the heart size normal?,2856,False
What are the key findings in this chest X-ray report?,2857,False
What abnormality is present according to the report?,2857,False
What are the key findings in this chest X-ray report?,2858,False
What abnormality is present according to the report?,2858,False
What are the key findings in this chest X-ray report?,2859,False
What abnormality is present according to the report?,2859,False
Is there any opacity?,2859,False
What are the key findings in this chest X-ray report?,2860,False
What abnormality is present according to the report?,2860,False
What are the key findings in this chest X-ray report?,2861,False
What abnormality is present according to the report?,2861,False
Is the heart size normal?,2861,False
What are the key findings in this chest X-ray report?,2862,False
What abnormality is present according to the report?,2862,False
Is the heart size normal?,2862,False
What are the key findings in this chest X-ray report?,2863,False
What abnormality is present according to the report?,2863,False
Is the heart size normal?,2863,False
What are the key findings in this chest X-ray report?,2864,False
What abnormality is present according to the report?,2864,False
Is there any opacity?,2864,False
What are the key findings in this chest X-ray report?,2865,False
What abnormality is present according to the report?,2865,False
What are the key findings in this chest X-ray report?,2866,False
What abnormality is present according to the report?,2866,False
Is the heart size normal?,2866,False
What are the key findings in this chest X-ray report?,2867,False
What abnormality is present according to the report?,2867,False
What are the key findings in this chest X-ray report?,2868,False
What abnormality is present according to the report?,2868,False
What are the key findings in this chest X-ray report?,2870,False
What abnormality is present according to the report?,2870,False
Is the heart size normal?,2870,False
What are the key findings in this chest X-ray report?,2871,False
What abnormality is present according to the report?,2871,False
Is the heart size normal?,2871,False
What are the key findings in this chest X-ray report?,2873,False
What abnormality is present according to the report?,2873,False
Is the heart size normal?,2873,False
What are the key findings in this chest X-ray report?,2874,False
What abnormality is present according to the report?,2874,False
What are the key findings in this chest X-ray report?,2876,False
What abnormality is present according to the report?,2876,False
Is the heart size normal?,2876,False
What are the key findings in this chest X-ray report?,2877,False
What abnormality is present according to the report?,2877,False
Is the heart size normal?,2877,False
What are the key findings in this chest X-ray report?,2878,False
What abnormality is present according to the report?,2878,False
Is the heart size normal?,2878,False
What are the key findings in this chest X-ray report?,2879,False
What abnormality is present according to the report?,2879,False
Is there any cardiomegaly?,2879,False
What are the key findings in this chest X-ray report?,2880,False
What abnormality is present according to the report?,2880,False
Is the heart size normal?,2880,False
What are the key findings in this chest X-ray report?,2882,False
What abnormality is present according to the report?,2882,False
Is there any cardiomegaly?,2882,False
What are the key findings in this chest X-ray report?,2884,False
What abnormality is present according to the report?,2884,False
What are the key findings in this chest X-ray report?,2885,False
What abnormality is present according to the report?,2885,False
What are the key findings in this chest X-ray report?,2886,False
What abnormality is present according to the report?,2886,False
Is there any effusion?,2886,False
Is there any opacity?,2886,False
What are the key findings in this chest X-ray report?,2887,False
What abnormality is present according to the report?,2887,False
Is there any opacity?,2887,False
Is there any atelectasis?,2887,False
What are the key findings in this chest X-ray report?,2888,False
What abnormality is present according to the report?,2888,False
What are the key findings in this chest X-ray report?,2889,False
What abnormality is present according to the report?,2889,False
Is the heart size normal?,2889,False
What are the key findings in this chest X-ray report?,2890,False
What abnormality is present according to the report?,2890,False
Is there any opacity?,2890,False
What are the key findings in this chest X-ray report?,2891,False
What abnormality is present according to the report?,2891,False
What are the key findings in this chest X-ray report?,2892,False
What abnormality is present according to the report?,2892,False
What are the key findings in this chest X-ray report?,2893,False
What abnormality is present according to the report?,2893,False
Is the heart size normal?,2893,False
What are the key findings in this chest X-ray report?,2894,False
What abnormality is present according to the report?,2894,False
What are the key findings in this chest X-ray report?,2895,False
What abnormality is present according to the report?,2895,False
Is the heart size normal?,2895,False
What are the key findings in this chest X-ray report?,2897,False
What abnormality is present according to the report?,2897,False
What are the key findings in this chest X-ray report?,2898,False
What abnormality is present according to the report?,2898,False
Is the heart size normal?,2898,False
What are the key findings in this chest X-ray report?,2899,False
What abnormality is present according to the report?,2899,False
Is the heart size normal?,2899,False
What are the key findings in this chest X-ray report?,2901,False
What abnormality is present according to the report?,2901,False
Is there any atelectasis?,2901,True
What are the key findings in this chest X-ray report?,2902,False
What abnormality is present according to the report?,2902,False
Is the heart size normal?,2902,False
What are the key findings in this chest X-ray report?,2903,False
What abnormality is present according to the report?,2903,False
What are the key findings in this chest X-ray report?,2904,False
What abnormality is present according to the report?,2904,False
Is there any cardiomegaly?,2904,False
What are the key findings in this chest X-ray report?,2905,False
What abnormality is present according to the report?,2905,False
Is there any effusion?,2905,False
What are the key findings in this chest X-ray report?,2906,False
What abnormality is present according to the report?,2906,False
What are the key findings in this chest X-ray report?,2908,False
What abnormality is present according to the report?,2908,False
What are the key findings in this chest X-ray report?,2909,False
What abnormality is present according to the report?,2909,False
What are the key findings in this chest X-ray report?,2910,False
What abnormality is present according to the report?,2910,False
Is the heart size normal?,2910,False
What are the key findings in this chest X-ray report?,2911,False
What abnormality is present according to the report?,2911,False
Is there any atelectasis?,2911,False
What are the key findings in this chest X-ray report?,2915,False
What abnormality is present according to the report?,2915,False
Is the heart size normal?,2915,False
What are the key findings in this chest X-ray report?,2916,False
What abnormality is present according to the report?,2916,False
Is the heart size normal?,2916,False
What are the key findings in this chest X-ray report?,2917,False
What abnormality is present according to the report?,2917,False
What are the key findings in this chest X-ray report?,2918,False
What abnormality is present according to the report?,2918,False
Is the heart size normal?,2918,False
What are the key findings in this chest X-ray report?,2919,False
What abnormality is present according to the report?,2919,False
Is there any cardiomegaly?,2919,False
What are the key findings in this chest X-ray report?,2920,False
What abnormality is present according to the report?,2920,False
Is the heart size normal?,2920,False
What are the key findings in this chest X-ray report?,2921,False
What abnormality is present according to the report?,2921,False
Is there any effusion?,2921,False
What are the key findings in this chest X-ray report?,2922,False
What abnormality is present according to the report?,2922,False
What are the key findings in this chest X-ray report?,2923,False
What abnormality is present according to the report?,2923,False
Is the heart size normal?,2923,False
What are the key findings in this chest X-ray report?,2924,False
What abnormality is present according to the report?,2924,False
What are the key findings in this chest X-ray report?,2925,False
What abnormality is present according to the report?,2925,False
Is the heart size normal?,2925,False
What are the key findings in this chest X-ray report?,2926,False
What abnormality is present according to the report?,2926,False
Is the heart size normal?,2926,False
What are the key findings in this chest X-ray report?,2927,False
What abnormality is present according to the report?,2927,False
What are the key findings in this chest X-ray report?,2928,False
What abnormality is present according to the report?,2928,False
What are the key findings in this chest X-ray report?,2929,False
What abnormality is present according to the report?,2929,False
What are the key findings in this chest X-ray report?,2930,False
What abnormality is present according to the report?,2930,False
What are the key findings in this chest X-ray report?,2931,False
What abnormality is present according to the report?,2931,False
Is there any opacity?,2931,False
What are the key findings in this chest X-ray report?,2932,False
What abnormality is present according to the report?,2932,False
Is the heart size normal?,2932,False
What are the key findings in this chest X-ray report?,2933,False
What abnormality is present according to the report?,2933,False
Is the heart size normal?,2933,False
What are the key findings in this chest X-ray report?,2934,False
What abnormality is present according to the report?,2934,False
What are the key findings in this chest X-ray report?,2935,False
What abnormality is present according to the report?,2935,False
What are the key findings in this chest X-ray report?,2936,False
What abnormality is present according to the report?,2936,False
Is there any cardiomegaly?,2936,False
What are the key findings in this chest X-ray report?,2937,False
What abnormality is present according to the report?,2937,False
Is the heart size normal?,2937,False
What are the key findings in this chest X-ray report?,2938,False
What abnormality is present according to the report?,2938,False
Is the heart size normal?,2938,False
What are the key findings in this chest X-ray report?,2939,False
What abnormality is present according to the report?,2939,False
What are the key findings in this chest X-ray report?,2940,False
What abnormality is present according to the report?,2940,False
What are the key findings in this chest X-ray report?,2941,False
What abnormality is present according to the report?,2941,False
Is the heart size normal?,2941,False
What are the key findings in this chest X-ray report?,2942,False
What abnormality is present according to the report?,2942,False
Is the heart size normal?,2942,False
What are the key findings in this chest X-ray report?,2943,False
What abnormality is present according to the report?,2943,False
Is there any effusion?,2943,False
Is there any opacity?,2943,False
What are the key findings in this chest X-ray report?,2944,False
What abnormality is present according to the report?,2944,False
Is there any opacity?,2944,False
What are the key findings in this chest X-ray report?,2945,False
What abnormality is present according to the report?,2945,False
What are the key findings in this chest X-ray report?,2946,False
What abnormality is present according to the report?,2946,False
What are the key findings in this chest X-ray report?,2947,False
What abnormality is present according to the report?,2947,False
Is the heart size normal?,2947,False
What are the key findings in this chest X-ray report?,2948,False
What abnormality is present according to the report?,2948,False
Is the heart size normal?,2948,False
What are the key findings in this chest X-ray report?,2949,False
What abnormality is present according to the report?,2949,False
What are the key findings in this chest X-ray report?,2950,False
What abnormality is present according to the report?,2950,False
Is the heart size normal?,2950,False
What are the key findings in this chest X-ray report?,2951,False
What abnormality is present according to the report?,2951,False
What are the key findings in this chest X-ray report?,2952,False
What abnormality is present according to the report?,2952,False
What are the key findings in this chest X-ray report?,2953,False
What abnormality is present according to the report?,2953,False
Is the heart size normal?,2953,False
What are the key findings in this chest X-ray report?,2954,False
What abnormality is present according to the report?,2954,False
Is there any effusion?,2954,False
Is there any atelectasis?,2954,False
What are the key findings in this chest X-ray report?,2955,False
What abnormality is present according to the report?,2955,False
Is there any cardiomegaly?,2955,False
What are the key findings in this chest X-ray report?,2956,False
What abnormality is present according to the report?,2956,False
Is the heart size normal?,2956,False
What are the key findings in this chest X-ray report?,2957,False
What abnormality is present according to the report?,2957,False
Is there any cardiomegaly?,2957,False
Is there any opacity?,2957,False
Is there any atelectasis?,2957,False
What are the key findings in this chest X-ray report?,2958,False
What abnormality is present according to the report?,2958,False
What are the key findings in this chest X-ray report?,2959,False
What abnormality is present according to the report?,2959,False
Is the heart size normal?,2959,False
What are the key findings in this chest X-ray report?,2960,False
What abnormality is present according to the report?,2960,False
Is the heart size normal?,2960,False
What are the key findings in this chest X-ray report?,2961,False
What abnormality is present according to the report?,2961,False
Is there any effusion?,2961,False
Is there any opacity?,2961,False
Is there any atelectasis?,2961,False
What are the key findings in this chest X-ray report?,2962,False
What abnormality is present according to the report?,2962,False
Is there any cardiomegaly?,2962,False
What are the key findings in this chest X-ray report?,2963,False
What abnormality is present according to the report?,2963,False
Is the heart size normal?,2963,False
What are the key findings in this chest X-ray report?,2964,False
What abnormality is present according to the report?,2964,False
Is the heart size normal?,2964,False
What are the key findings in this chest X-ray report?,2965,False
What abnormality is present according to the report?,2965,False
Is the heart size normal?,2965,False
What are the key findings in this chest X-ray report?,2966,False
What abnormality is present according to the report?,2966,False
What are the key findings in this chest X-ray report?,2967,False
What abnormality is present according to the report?,2967,False
Is the heart size normal?,2967,False
What are the key findings in this chest X-ray report?,2968,False
What abnormality is present according to the report?,2968,False
What are the key findings in this chest X-ray report?,2969,False
What abnormality is present according to the report?,2969,False
What are the key findings in this chest X-ray report?,2970,False
What abnormality is present according to the report?,2970,False
What are the key findings in this chest X-ray report?,2971,False
What abnormality is present according to the report?,2971,False
Is the heart size normal?,2971,False
What are the key findings in this chest X-ray report?,2972,False
What abnormality is present according to the report?,2972,False
Is there any effusion?,2972,False
What are the key findings in this chest X-ray report?,2974,False
What abnormality is present according to the report?,2974,False
Is there any effusion?,2974,False
What are the key findings in this chest X-ray report?,2975,False
What abnormality is present according to the report?,2975,False
Is there any atelectasis?,2975,False
What are the key findings in this chest X-ray report?,2976,False
What abnormality is present according to the report?,2976,False
What are the key findings in this chest X-ray report?,2977,False
What abnormality is present according to the report?,2977,False
What are the key findings in this chest X-ray report?,2978,False
What abnormality is present according to the report?,2978,False
What are the key findings in this chest X-ray report?,2979,False
What abnormality is present according to the report?,2979,False
What are the key findings in this chest X-ray report?,2980,False
What abnormality is present according to the report?,2980,False
What are the key findings in this chest X-ray report?,2981,False
What abnormality is present according to the report?,2981,False
What are the key findings in this chest X-ray report?,2982,False
What abnormality is present according to the report?,2982,False
What are the key findings in this chest X-ray report?,2983,False
What abnormality is present according to the report?,2983,False
What are the key findings in this chest X-ray report?,2984,False
What abnormality is present according to the report?,2984,False
Is there any cardiomegaly?,2984,False
What are the key findings in this chest X-ray report?,2985,False
What abnormality is present according to the report?,2985,False
What are the key findings in this chest X-ray report?,2986,False
What abnormality is present according to the report?,2986,False
What are the key findings in this chest X-ray report?,2988,False
What abnormality is present according to the report?,2988,False
Is the heart size normal?,2988,False
What are the key findings in this chest X-ray report?,2989,False
What abnormality is present according to the report?,2989,False
What are the key findings in this chest X-ray report?,2991,False
What abnormality is present according to the report?,2991,False
Is the heart size normal?,2991,False
What are the key findings in this chest X-ray report?,2992,False
What abnormality is present according to the report?,2992,False
What are the key findings in this chest X-ray report?,2993,False
What abnormality is present according to the report?,2993,False
Is the heart size normal?,2993,False
What are the key findings in this chest X-ray report?,2994,False
What abnormality is present according to the report?,2994,False
Is the heart size normal?,2994,False
What are the key findings in this chest X-ray report?,2995,False
What abnormality is present according to the report?,2995,False
Is the heart size normal?,2995,False
What are the key findings in this chest X-ray report?,2996,False
What abnormality is present according to the report?,2996,False
Is the heart size normal?,2996,False
What are the key findings in this chest X-ray report?,2997,False
What abnormality is present according to the report?,2997,False
Is the heart size normal?,2997,False
What are the key findings in this chest X-ray report?,2998,False
What abnormality is present according to the report?,2998,False
Is the heart size normal?,2998,False
What are the key findings in this chest X-ray report?,2999,False
What abnormality is present according to the report?,2999,False
Is there any effusion?,2999,False
Is there any opacity?,2999,False
Is there any atelectasis?,2999,False
What are the key findings in this chest X-ray report?,3000,False
What abnormality is present according to the report?,3000,False
What are the key findings in this chest X-ray report?,3001,False
What abnormality is present according to the report?,3001,False
What are the key findings in this chest X-ray report?,3002,False
What abnormality is present according to the report?,3002,False
Is the heart size normal?,3002,False
What are the key findings in this chest X-ray report?,3003,False
What abnormality is present according to the report?,3003,False
What are the key findings in this chest X-ray report?,3004,False
What abnormality is present according to the report?,3004,False
Is there any opacity?,3004,False
Is there any atelectasis?,3004,False
What are the key findings in this chest X-ray report?,3005,False
What abnormality is present according to the report?,3005,False
What are the key findings in this chest X-ray report?,3006,False
What abnormality is present according to the report?,3006,False
Is there any cardiomegaly?,3006,False
What are the key findings in this chest X-ray report?,3008,False
What abnormality is present according to the report?,3008,False
Is the heart size normal?,3008,False
What are the key findings in this chest X-ray report?,3009,False
What abnormality is present according to the report?,3009,False
What are the key findings in this chest X-ray report?,3010,False
What abnormality is present according to the report?,3010,False
Is the heart size normal?,3010,False
What are the key findings in this chest X-ray report?,3011,False
What abnormality is present according to the report?,3011,False
What are the key findings in this chest X-ray report?,3012,False
What abnormality is present according to the report?,3012,False
Is the heart size normal?,3012,False
What are the key findings in this chest X-ray report?,3013,False
What abnormality is present according to the report?,3013,False
Is there any cardiomegaly?,3013,False
What are the key findings in this chest X-ray report?,3014,False
What abnormality is present according to the report?,3014,False
What are the key findings in this chest X-ray report?,3015,False
What abnormality is present according to the report?,3015,False
Is the heart size normal?,3015,False
What are the key findings in this chest X-ray report?,3016,False
What abnormality is present according to the report?,3016,False
What are the key findings in this chest X-ray report?,3017,False
What abnormality is present according to the report?,3017,False
Is there any opacity?,3017,False
Is there any atelectasis?,3017,False
What are the key findings in this chest X-ray report?,3018,False
What abnormality is present according to the report?,3018,False
What are the key findings in this chest X-ray report?,3019,False
What abnormality is present according to the report?,3019,False
What are the key findings in this chest X-ray report?,3020,False
What abnormality is present according to the report?,3020,False
Is the heart size normal?,3020,False
What are the key findings in this chest X-ray report?,3021,False
What abnormality is present according to the report?,3021,False
Is the heart size normal?,3021,False
What are the key findings in this chest X-ray report?,3022,False
What abnormality is present according to the report?,3022,False
What are the key findings in this chest X-ray report?,3023,False
What abnormality is present according to the report?,3023,False
What are the key findings in this chest X-ray report?,3024,False
What abnormality is present according to the report?,3024,False
Is the heart size normal?,3024,False
What are the key findings in this chest X-ray report?,3025,False
What abnormality is present according to the report?,3025,False
Is the heart size normal?,3025,False
What are the key findings in this chest X-ray report?,3026,False
What abnormality is present according to the report?,3026,False
Is the heart size normal?,3026,False
What are the key findings in this chest X-ray report?,3027,False
What abnormality is present according to the report?,3027,False
What are the key findings in this chest X-ray report?,3028,False
What abnormality is present according to the report?,3028,False
What are the key findings in this chest X-ray report?,3029,False
What abnormality is present according to the report?,3029,False
What are the key findings in this chest X-ray report?,3030,False
What abnormality is present according to the report?,3030,False
Is the heart size normal?,3030,False
What are the key findings in this chest X-ray report?,3031,False
What abnormality is present according to the report?,3031,False
Is the heart size normal?,3031,False
What are the key findings in this chest X-ray report?,3032,False
What abnormality is present according to the report?,3032,False
What are the key findings in this chest X-ray report?,3033,False
What abnormality is present according to the report?,3033,False
Is the heart size normal?,3033,False
What are the key findings in this chest X-ray report?,3034,False
What abnormality is present according to the report?,3034,False
What are the key findings in this chest X-ray report?,3036,False
What abnormality is present according to the report?,3036,False
Is there any effusion?,3036,False
What are the key findings in this chest X-ray report?,3037,False
What abnormality is present according to the report?,3037,False
Is the heart size normal?,3037,False
What are the key findings in this chest X-ray report?,3038,False
What abnormality is present according to the report?,3038,False
What are the key findings in this chest X-ray report?,3039,False
What abnormality is present according to the report?,3039,False
Is the heart size normal?,3039,False
What are the key findings in this chest X-ray report?,3040,False
What abnormality is present according to the report?,3040,False
What are the key findings in this chest X-ray report?,3041,False
What abnormality is present according to the report?,3041,False
Is the heart size normal?,3041,False
What are the key findings in this chest X-ray report?,3042,False
What abnormality is present according to the report?,3042,False
What are the key findings in this chest X-ray report?,3043,False
What abnormality is present according to the report?,3043,False
What are the key findings in this chest X-ray report?,3044,False
What abnormality is present according to the report?,3044,False
What are the key findings in this chest X-ray report?,3045,False
What abnormality is present according to the report?,3045,False
Is the heart size normal?,3045,False
What are the key findings in this chest X-ray report?,3046,False
What abnormality is present according to the report?,3046,False
Is there any opacity?,3046,False
What are the key findings in this chest X-ray report?,3047,False
What abnormality is present according to the report?,3047,False
Is the heart size normal?,3047,False
What are the key findings in this chest X-ray report?,3048,False
What abnormality is present according to the report?,3048,False
Is the heart size normal?,3048,False
What are the key findings in this chest X-ray report?,3049,False
What abnormality is present according to the report?,3049,False
Is the heart size normal?,3049,False
What are the key findings in this chest X-ray report?,3050,False
What abnormality is present according to the report?,3050,False
Is the heart size normal?,3050,False
What are the key findings in this chest X-ray report?,3051,False
What abnormality is present according to the report?,3051,False
Is the heart size normal?,3051,False
What are the key findings in this chest X-ray report?,3052,False
What abnormality is present according to the report?,3052,False
What are the key findings in this chest X-ray report?,3053,False
What abnormality is present according to the report?,3053,False
Is the heart size normal?,3053,False
What are the key findings in this chest X-ray report?,3054,False
What abnormality is present according to the report?,3054,False
What are the key findings in this chest X-ray report?,3056,False
What abnormality is present according to the report?,3056,False
Is there any effusion?,3056,False
Is there any opacity?,3056,False
Is there any pneumothorax?,3056,False
What are the key findings in this chest X-ray report?,3057,False
What abnormality is present according to the report?,3057,False
What are the key findings in this chest X-ray report?,3058,False
What abnormality is present according to the report?,3058,False
Is there any opacity?,3058,False
Is there any atelectasis?,3058,False
What are the key findings in this chest X-ray report?,3059,False
What abnormality is present according to the report?,3059,False
Is the heart size normal?,3059,False
What are the key findings in this chest X-ray report?,3060,False
What abnormality is present according to the report?,3060,False
Is the heart size normal?,3060,False
What are the key findings in this chest X-ray report?,3061,False
What abnormality is present according to the report?,3061,False
Is there any opacity?,3061,False
Is there any atelectasis?,3061,False
What are the key findings in this chest X-ray report?,3062,False
What abnormality is present according to the report?,3062,False
What are the key findings in this chest X-ray report?,3063,False
What abnormality is present according to the report?,3063,False
Is the heart size normal?,3063,False
What are the key findings in this chest X-ray report?,3064,False
What abnormality is present according to the report?,3064,False
What are the key findings in this chest X-ray report?,3065,False
What abnormality is present according to the report?,3065,False
What are the key findings in this chest X-ray report?,3066,False
What abnormality is present according to the report?,3066,False
Is there any atelectasis?,3066,False
What are the key findings in this chest X-ray report?,3067,False
What abnormality is present according to the report?,3067,False
Is the heart size normal?,3067,False
What are the key findings in this chest X-ray report?,3068,False
What abnormality is present according to the report?,3068,False
Is there any cardiomegaly?,3068,False
What are the key findings in this chest X-ray report?,3069,False
What abnormality is present according to the report?,3069,False
What are the key findings in this chest X-ray report?,3070,False
What abnormality is present according to the report?,3070,False
Is the heart size normal?,3070,False
What are the key findings in this chest X-ray report?,3071,False
What abnormality is present according to the report?,3071,False
Is the heart size normal?,3071,False
What are the key findings in this chest X-ray report?,3072,False
What abnormality is present according to the report?,3072,False
What are the key findings in this chest X-ray report?,3073,False
What abnormality is present according to the report?,3073,False
Is the heart size normal?,3073,False
What are the key findings in this chest X-ray report?,3074,False
What abnormality is present according to the report?,3074,False
Is there any opacity?,3074,False
What are the key findings in this chest X-ray report?,3075,False
What abnormality is present according to the report?,3075,False
Is there any cardiomegaly?,3075,False
What are the key findings in this chest X-ray report?,3076,False
What abnormality is present according to the report?,3076,False
Is there any cardiomegaly?,3076,False
What are the key findings in this chest X-ray report?,3077,False
What abnormality is present according to the report?,3077,False
What are the key findings in this chest X-ray report?,3078,False
What abnormality is present according to the report?,3078,False
What are the key findings in this chest X-ray report?,3079,False
What abnormality is present according to the report?,3079,False
What are the key findings in this chest X-ray report?,3080,False
What abnormality is present according to the report?,3080,False
What are the key findings in this chest X-ray report?,3081,False
What abnormality is present according to the report?,3081,False
What are the key findings in this chest X-ray report?,3082,False
What abnormality is present according to the report?,3082,False
Is there any cardiomegaly?,3082,False
Is there any opacity?,3082,False
Is there any edema?,3082,False
What are the key findings in this chest X-ray report?,3083,False
What abnormality is present according to the report?,3083,False
Is the heart size normal?,3083,False
What are the key findings in this chest X-ray report?,3084,False
What abnormality is present according to the report?,3084,False
What are the key findings in this chest X-ray report?,3085,False
What abnormality is present according to the report?,3085,False
What are the key findings in this chest X-ray report?,3086,False
What abnormality is present according to the report?,3086,False
What are the key findings in this chest X-ray report?,3087,False
What abnormality is present according to the report?,3087,False
Is there any cardiomegaly?,3087,False
Is there any atelectasis?,3087,False
What are the key findings in this chest X-ray report?,3088,False
What abnormality is present according to the report?,3088,False
What are the key findings in this chest X-ray report?,3089,False
What abnormality is present according to the report?,3089,False
Is the heart size normal?,3089,False
What are the key findings in this chest X-ray report?,3090,False
What abnormality is present according to the report?,3090,False
Is there any effusion?,3090,False
What are the key findings in this chest X-ray report?,3091,False
What abnormality is present according to the report?,3091,False
Is there any cardiomegaly?,3091,False
What are the key findings in this chest X-ray report?,3092,False
What abnormality is present according to the report?,3092,False
What are the key findings in this chest X-ray report?,3093,False
What abnormality is present according to the report?,3093,False
What are the key findings in this chest X-ray report?,3094,False
What abnormality is present according to the report?,3094,False
What are the key findings in this chest X-ray report?,3095,False
What abnormality is present according to the report?,3095,False
Is there any cardiomegaly?,3095,False
Is there any opacity?,3095,False
What are the key findings in this chest X-ray report?,3096,False
What abnormality is present according to the report?,3096,False
Is there any atelectasis?,3096,False
What are the key findings in this chest X-ray report?,3097,False
What abnormality is present according to the report?,3097,False
What are the key findings in this chest X-ray report?,3098,False
What abnormality is present according to the report?,3098,False
Is the heart size normal?,3098,False
What are the key findings in this chest X-ray report?,3099,False
What abnormality is present according to the report?,3099,False
What are the key findings in this chest X-ray report?,3100,False
What abnormality is present according to the report?,3100,False
What are the key findings in this chest X-ray report?,3101,False
What abnormality is present according to the report?,3101,False
What are the key findings in this chest X-ray report?,3102,False
What abnormality is present according to the report?,3102,False
Is the heart size normal?,3102,False
What are the key findings in this chest X-ray report?,3103,False
What abnormality is present according to the report?,3103,False
Is there any atelectasis?,3103,False
What are the key findings in this chest X-ray report?,3104,False
What abnormality is present according to the report?,3104,False
Is the heart size normal?,3104,False
What are the key findings in this chest X-ray report?,3105,False
What abnormality is present according to the report?,3105,False
Is the heart size normal?,3105,False
What are the key findings in this chest X-ray report?,3106,False
What abnormality is present according to the report?,3106,False
Is the heart size normal?,3106,False
What are the key findings in this chest X-ray report?,3108,False
What abnormality is present according to the report?,3108,False
What are the key findings in this chest X-ray report?,3109,False
What abnormality is present according to the report?,3109,False
Is the heart size normal?,3109,False
What are the key findings in this chest X-ray report?,3110,False
What abnormality is present according to the report?,3110,False
What are the key findings in this chest X-ray report?,3111,False
What abnormality is present according to the report?,3111,False
Is there any cardiomegaly?,3111,False
Is there any opacity?,3111,False
Is there any edema?,3111,False
What are the key findings in this chest X-ray report?,3112,False
What abnormality is present according to the report?,3112,False
Is the heart size normal?,3112,False
What are the key findings in this chest X-ray report?,3113,False
What abnormality is present according to the report?,3113,False
What are the key findings in this chest X-ray report?,3114,False
What abnormality is present according to the report?,3114,False
Is the heart size normal?,3114,False
What are the key findings in this chest X-ray report?,3115,False
What abnormality is present according to the report?,3115,False
Is the heart size normal?,3115,False
What are the key findings in this chest X-ray report?,3116,False
What abnormality is present according to the report?,3116,False
Is there any effusion?,3116,False
Is there any opacity?,3116,False
What are the key findings in this chest X-ray report?,3117,False
What abnormality is present according to the report?,3117,False
Is the heart size normal?,3117,False
What are the key findings in this chest X-ray report?,3118,False
What abnormality is present according to the report?,3118,False
What are the key findings in this chest X-ray report?,3119,False
What abnormality is present according to the report?,3119,False
Is the heart size normal?,3119,False
What are the key findings in this chest X-ray report?,3120,False
What abnormality is present according to the report?,3120,False
What are the key findings in this chest X-ray report?,3121,False
What abnormality is present according to the report?,3121,False
What are the key findings in this chest X-ray report?,3122,False
What abnormality is present according to the report?,3122,False
Is the heart size normal?,3122,False
What are the key findings in this chest X-ray report?,3123,False
What abnormality is present according to the report?,3123,False
Is there any cardiomegaly?,3123,False
Is there any effusion?,3123,False
What are the key findings in this chest X-ray report?,3124,False
What abnormality is present according to the report?,3124,False
What are the key findings in this chest X-ray report?,3125,False
What abnormality is present according to the report?,3125,False
Is the heart size normal?,3125,False
What are the key findings in this chest X-ray report?,3126,False
What abnormality is present according to the report?,3126,False
Is the heart size normal?,3126,False
What are the key findings in this chest X-ray report?,3127,False
What abnormality is present according to the report?,3127,False
What are the key findings in this chest X-ray report?,3128,False
What abnormality is present according to the report?,3128,False
What are the key findings in this chest X-ray report?,3129,False
What abnormality is present according to the report?,3129,False
What are the key findings in this chest X-ray report?,3130,False
What abnormality is present according to the report?,3130,False
Is there any cardiomegaly?,3130,False
Is there any opacity?,3130,False
What are the key findings in this chest X-ray report?,3131,False
What abnormality is present according to the report?,3131,False
Is the heart size normal?,3131,False
What are the key findings in this chest X-ray report?,3132,False
What abnormality is present according to the report?,3132,False
Is the heart size normal?,3132,False
What are the key findings in this chest X-ray report?,3133,False
What abnormality is present according to the report?,3133,False
Is the heart size normal?,3133,False
What are the key findings in this chest X-ray report?,3134,False
What abnormality is present according to the report?,3134,False
Is the heart size normal?,3134,False
What are the key findings in this chest X-ray report?,3135,False
What abnormality is present according to the report?,3135,False
Is the heart size normal?,3135,False
What are the key findings in this chest X-ray report?,3136,False
What abnormality is present according to the report?,3136,False
Is the heart size normal?,3136,False
What are the key findings in this chest X-ray report?,3137,False
What abnormality is present according to the report?,3137,False
What are the key findings in this chest X-ray report?,3138,False
What abnormality is present according to the report?,3138,False
Is the heart size normal?,3138,False
What are the key findings in this chest X-ray report?,3139,False
What abnormality is present according to the report?,3139,False
Is the heart size normal?,3139,False
What are the key findings in this chest X-ray report?,3140,False
What abnormality is present according to the report?,3140,False
Is there any opacity?,3140,False
Is there any atelectasis?,3140,True
What are the key findings in this chest X-ray report?,3141,False
What abnormality is present according to the report?,3141,False
Is the heart size normal?,3141,False
What are the key findings in this chest X-ray report?,3142,False
What abnormality is present according to the report?,3142,False
Is there any cardiomegaly?,3142,False
What are the key findings in this chest X-ray report?,3143,False
What abnormality is present according to the report?,3143,False
Is the heart size normal?,3143,False
What are the key findings in this chest X-ray report?,3144,False
What abnormality is present according to the report?,3144,False
Is the heart size normal?,3144,False
What are the key findings in this chest X-ray report?,3145,False
What abnormality is present according to the report?,3145,False
Is the heart size normal?,3145,False
What are the key findings in this chest X-ray report?,3146,False
What abnormality is present according to the report?,3146,False
Is the heart size normal?,3146,False
What are the key findings in this chest X-ray report?,3147,False
What abnormality is present according to the report?,3147,False
Is the heart size normal?,3147,False
What are the key findings in this chest X-ray report?,3148,False
What abnormality is present according to the report?,3148,False
Is there any cardiomegaly?,3148,False
Is there any effusion?,3148,False
What are the key findings in this chest X-ray report?,3149,False
What abnormality is present according to the report?,3149,False
What are the key findings in this chest X-ray report?,3150,False
What abnormality is present according to the report?,3150,False
Is there any opacity?,3150,False
Is there any atelectasis?,3150,False
What are the key findings in this chest X-ray report?,3151,False
What abnormality is present according to the report?,3151,False
What are the key findings in this chest X-ray report?,3152,False
What abnormality is present according to the report?,3152,False
Is there any opacity?,3152,False
What are the key findings in this chest X-ray report?,3153,False
What abnormality is present according to the report?,3153,False
What are the key findings in this chest X-ray report?,3154,False
What abnormality is present according to the report?,3154,False
Is there any atelectasis?,3154,False
What are the key findings in this chest X-ray report?,3155,False
What abnormality is present according to the report?,3155,False
Is there any cardiomegaly?,3155,False
What are the key findings in this chest X-ray report?,3156,False
What abnormality is present according to the report?,3156,False
Is the heart size normal?,3156,False
What are the key findings in this chest X-ray report?,3157,False
What abnormality is present according to the report?,3157,False
Is the heart size normal?,3157,False
What are the key findings in this chest X-ray report?,3158,False
What abnormality is present according to the report?,3158,False
Is there any cardiomegaly?,3158,False
Is there any opacity?,3158,False
Is there any atelectasis?,3158,False
What are the key findings in this chest X-ray report?,3159,False
What abnormality is present according to the report?,3159,False
Is there any cardiomegaly?,3159,False
What are the key findings in this chest X-ray report?,3160,False
What abnormality is present according to the report?,3160,False
What are the key findings in this chest X-ray report?,3162,False
What abnormality is present according to the report?,3162,False
What are the key findings in this chest X-ray report?,3163,False
What abnormality is present according to the report?,3163,False
Is the heart size normal?,3163,False
What are the key findings in this chest X-ray report?,3164,False
What abnormality is present according to the report?,3164,False
What are the key findings in this chest X-ray report?,3165,False
What abnormality is present according to the report?,3165,False
Is there any opacity?,3165,False
What are the key findings in this chest X-ray report?,3166,False
What abnormality is present according to the report?,3166,False
What are the key findings in this chest X-ray report?,3167,False
What abnormality is present according to the report?,3167,False
Is the heart size normal?,3167,False
What are the key findings in this chest X-ray report?,3168,False
What abnormality is present according to the report?,3168,False
What are the key findings in this chest X-ray report?,3169,False
What abnormality is present according to the report?,3169,False
What are the key findings in this chest X-ray report?,3170,False
What abnormality is present according to the report?,3170,False
What are the key findings in this chest X-ray report?,3171,False
What abnormality is present according to the report?,3171,False
What are the key findings in this chest X-ray report?,3172,False
What abnormality is present according to the report?,3172,False
What are the key findings in this chest X-ray report?,3173,False
What abnormality is present according to the report?,3173,False
Is the heart size normal?,3173,False
What are the key findings in this chest X-ray report?,3174,False
What abnormality is present according to the report?,3174,False
Is there any opacity?,3174,False
What are the key findings in this chest X-ray report?,3175,False
What abnormality is present according to the report?,3175,False
Is there any opacity?,3175,False
What are the key findings in this chest X-ray report?,3176,False
What abnormality is present according to the report?,3176,False
Is the heart size normal?,3176,False
What are the key findings in this chest X-ray report?,3177,False
What abnormality is present according to the report?,3177,False
What are the key findings in this chest X-ray report?,3178,False
What abnormality is present according to the report?,3178,False
What are the key findings in this chest X-ray report?,3179,False
What abnormality is present according to the report?,3179,False
What are the key findings in this chest X-ray report?,3180,False
What abnormality is present according to the report?,3180,False
Is the heart size normal?,3180,False
What are the key findings in this chest X-ray report?,3181,False
What abnormality is present according to the report?,3181,False
Is the heart size normal?,3181,False
What are the key findings in this chest X-ray report?,3182,False
What abnormality is present according to the report?,3182,False
What are the key findings in this chest X-ray report?,3183,False
What abnormality is present according to the report?,3183,False
Is the heart size normal?,3183,False
What are the key findings in this chest X-ray report?,3184,False
What abnormality is present according to the report?,3184,False
What are the key findings in this chest X-ray report?,3185,False
What abnormality is present according to the report?,3185,False
Is the heart size normal?,3185,False
What are the key findings in this chest X-ray report?,3186,False
What abnormality is present according to the report?,3186,False
What are the key findings in this chest X-ray report?,3187,False
What abnormality is present according to the report?,3187,False
Is there any cardiomegaly?,3187,False
Is there any effusion?,3187,False
What are the key findings in this chest X-ray report?,3188,False
What abnormality is present according to the report?,3188,False
What are the key findings in this chest X-ray report?,3189,False
What abnormality is present according to the report?,3189,False
What are the key findings in this chest X-ray report?,3190,False
What abnormality is present according to the report?,3190,False
Is there any atelectasis?,3190,False
What are the key findings in this chest X-ray report?,3191,False
What abnormality is present according to the report?,3191,False
Is there any cardiomegaly?,3191,False
What are the key findings in this chest X-ray report?,3192,False
What abnormality is present according to the report?,3192,False
What are the key findings in this chest X-ray report?,3193,False
What abnormality is present according to the report?,3193,False
What are the key findings in this chest X-ray report?,3194,False
What abnormality is present according to the report?,3194,False
Is the heart size normal?,3194,False
What are the key findings in this chest X-ray report?,3195,False
What abnormality is present according to the report?,3195,False
Is there any opacity?,3195,False
What are the key findings in this chest X-ray report?,3196,False
What abnormality is present according to the report?,3196,False
Is the heart size normal?,3196,False
What are the key findings in this chest X-ray report?,3197,False
What abnormality is present according to the report?,3197,False
What are the key findings in this chest X-ray report?,3198,False
What abnormality is present according to the report?,3198,False
What are the key findings in this chest X-ray report?,3199,False
What abnormality is present according to the report?,3199,False
Is the heart size normal?,3199,False
What are the key findings in this chest X-ray report?,3200,False
What abnormality is present according to the report?,3200,False
Is the heart size normal?,3200,False
What are the key findings in this chest X-ray report?,3201,False
What abnormality is present according to the report?,3201,False
What are the key findings in this chest X-ray report?,3202,False
What abnormality is present according to the report?,3202,False
What are the key findings in this chest X-ray report?,3203,False
What abnormality is present according to the report?,3203,False
Is the heart size normal?,3203,False
What are the key findings in this chest X-ray report?,3204,False
What abnormality is present according to the report?,3204,False
What are the key findings in this chest X-ray report?,3205,False
What abnormality is present according to the report?,3205,False
Is the heart size normal?,3205,False
What are the key findings in this chest X-ray report?,3206,False
What abnormality is present according to the report?,3206,False
Is the heart size normal?,3206,False
What are the key findings in this chest X-ray report?,3207,False
What abnormality is present according to the report?,3207,False
Is there any cardiomegaly?,3207,False
What are the key findings in this chest X-ray report?,3208,False
What abnormality is present according to the report?,3208,False
Is the heart size normal?,3208,False
What are the key findings in this chest X-ray report?,3209,False
What abnormality is present according to the report?,3209,False
Is the heart size normal?,3209,False
What are the key findings in this chest X-ray report?,3210,False
What abnormality is present according to the report?,3210,False
Is the heart size normal?,3210,False
What are the key findings in this chest X-ray report?,3211,False
What abnormality is present according to the report?,3211,False
Is there any effusion?,3211,False
What are the key findings in this chest X-ray report?,3212,False
What abnormality is present according to the report?,3212,False
Is the heart size normal?,3212,False
What are the key findings in this chest X-ray report?,3213,False
What abnormality is present according to the report?,3213,False
What are the key findings in this chest X-ray report?,3214,False
What abnormality is present according to the report?,3214,False
Is there any cardiomegaly?,3214,False
Is there any effusion?,3214,False
What are the key findings in this chest X-ray report?,3215,False
What abnormality is present according to the report?,3215,False
Is the heart size normal?,3215,False
What are the key findings in this chest X-ray report?,3216,False
What abnormality is present according to the report?,3216,False
Is the heart size normal?,3216,False
What are the key findings in this chest X-ray report?,3217,False
What abnormality is present according to the report?,3217,False
What are the key findings in this chest X-ray report?,3218,False
What abnormality is present according to the report?,3218,False
Is the heart size normal?,3218,False
What are the key findings in this chest X-ray report?,3219,False
What abnormality is present according to the report?,3219,False
Is there any opacity?,3219,False
What are the key findings in this chest X-ray report?,3220,False
What abnormality is present according to the report?,3220,False
Is the heart size normal?,3220,False
What are the key findings in this chest X-ray report?,3221,False
What abnormality is present according to the report?,3221,False
Is the heart size normal?,3221,False
What are the key findings in this chest X-ray report?,3222,False
What abnormality is present according to the report?,3222,False
Is the heart size normal?,3222,False
What are the key findings in this chest X-ray report?,3223,False
What abnormality is present according to the report?,3223,False
Is the heart size normal?,3223,False
What are the key findings in this chest X-ray report?,3224,False
What abnormality is present according to the report?,3224,False
Is the heart size normal?,3224,False
What are the key findings in this chest X-ray report?,3225,False
What abnormality is present according to the report?,3225,False
Is the heart size normal?,3225,False
What are the key findings in this chest X-ray report?,3226,False
What abnormality is present according to the report?,3226,False
What are the key findings in this chest X-ray report?,3227,False
What abnormality is present according to the report?,3227,False
Is the heart size normal?,3227,False
What are the key findings in this chest X-ray report?,3228,False
What abnormality is present according to the report?,3228,False
What are the key findings in this chest X-ray report?,3229,False
What abnormality is present according to the report?,3229,False
What are the key findings in this chest X-ray report?,3230,False
What abnormality is present according to the report?,3230,False
Is there any opacity?,3230,False
Is there any atelectasis?,3230,False
What are the key findings in this chest X-ray report?,3231,False
What abnormality is present according to the report?,3231,False
What are the key findings in this chest X-ray report?,3232,False
What abnormality is present according to the report?,3232,False
What are the key findings in this chest X-ray report?,3233,False
What abnormality is present according to the report?,3233,False
Is there any atelectasis?,3233,False
What are the key findings in this chest X-ray report?,3234,False
What abnormality is present according to the report?,3234,False
Is the heart size normal?,3234,False
What are the key findings in this chest X-ray report?,3235,False
What abnormality is present according to the report?,3235,False
Is the heart size normal?,3235,False
What are the key findings in this chest X-ray report?,3236,False
What abnormality is present according to the report?,3236,False
Is the heart size normal?,3236,False
What are the key findings in this chest X-ray report?,3237,False
What abnormality is present according to the report?,3237,False
Is there any cardiomegaly?,3237,False
Is there any opacity?,3237,False
What are the key findings in this chest X-ray report?,3238,False
What abnormality is present according to the report?,3238,False
Is there any opacity?,3238,False
What are the key findings in this chest X-ray report?,3239,False
What abnormality is present according to the report?,3239,False
Is the heart size normal?,3239,False
What are the key findings in this chest X-ray report?,3240,False
What abnormality is present according to the report?,3240,False
What are the key findings in this chest X-ray report?,3241,False
What abnormality is present according to the report?,3241,False
Is there any atelectasis?,3241,False
What are the key findings in this chest X-ray report?,3242,False
What abnormality is present according to the report?,3242,False
What are the key findings in this chest X-ray report?,3243,False
What abnormality is present according to the report?,3243,False
Is there any opacity?,3243,False
What are the key findings in this chest X-ray report?,3244,False
What abnormality is present according to the report?,3244,False
Is there any opacity?,3244,False
Is there any atelectasis?,3244,False
What are the key findings in this chest X-ray report?,3245,False
What abnormality is present according to the report?,3245,False
Is there any cardiomegaly?,3245,False
Is there any effusion?,3245,False
Is there any edema?,3245,False
What are the key findings in this chest X-ray report?,3246,False
What abnormality is present according to the report?,3246,False
What are the key findings in this chest X-ray report?,3247,False
What abnormality is present according to the report?,3247,False
Is the heart size normal?,3247,False
What are the key findings in this chest X-ray report?,3248,False
What abnormality is present according to the report?,3248,False
Is there any cardiomegaly?,3248,False
Is there any effusion?,3248,False
What are the key findings in this chest X-ray report?,3249,False
What abnormality is present according to the report?,3249,False
Is there any effusion?,3249,False
Is there any edema?,3249,False
Is there any atelectasis?,3249,False
What are the key findings in this chest X-ray report?,3250,False
What abnormality is present according to the report?,3250,False
What are the key findings in this chest X-ray report?,3251,False
What abnormality is present according to the report?,3251,False
What are the key findings in this chest X-ray report?,3252,False
What abnormality is present according to the report?,3252,False
Is the heart size normal?,3252,False
What are the key findings in this chest X-ray report?,3253,False
What abnormality is present according to the report?,3253,False
Is the heart size normal?,3253,False
What are the key findings in this chest X-ray report?,3254,False
What abnormality is present according to the report?,3254,False
Is the heart size normal?,3254,False
What are the key findings in this chest X-ray report?,3255,False
What abnormality is present according to the report?,3255,False
What are the key findings in this chest X-ray report?,3256,False
What abnormality is present according to the report?,3256,False
Is there any cardiomegaly?,3256,False
Is there any effusion?,3256,False
Is there any opacity?,3256,False
Is there any atelectasis?,3256,False
What are the key findings in this chest X-ray report?,3257,False
What abnormality is present according to the report?,3257,False
What are the key findings in this chest X-ray report?,3258,False
What abnormality is present according to the report?,3258,False
Is the heart size normal?,3258,False
What are the key findings in this chest X-ray report?,3259,False
What abnormality is present according to the report?,3259,False
Is there any opacity?,3259,False
What are the key findings in this chest X-ray report?,3260,False
What abnormality is present according to the report?,3260,False
Is there any cardiomegaly?,3260,False
Is there any effusion?,3260,False
Is there any opacity?,3260,False
Is there any atelectasis?,3260,False
What are the key findings in this chest X-ray report?,3261,False
What abnormality is present according to the report?,3261,False
Is the heart size normal?,3261,False
What are the key findings in this chest X-ray report?,3262,False
What abnormality is present according to the report?,3262,False
Is the heart size normal?,3262,False
What are the key findings in this chest X-ray report?,3263,False
What abnormality is present according to the report?,3263,False
Is the heart size normal?,3263,False
What are the key findings in this chest X-ray report?,3264,False
What abnormality is present according to the report?,3264,False
What are the key findings in this chest X-ray report?,3265,False
What abnormality is present according to the report?,3265,False
Is the heart size normal?,3265,False
What are the key findings in this chest X-ray report?,3266,False
What abnormality is present according to the report?,3266,False
Is the heart size normal?,3266,False
What are the key findings in this chest X-ray report?,3267,False
What abnormality is present according to the report?,3267,False
Is the heart size normal?,3267,False
What are the key findings in this chest X-ray report?,3268,False
What abnormality is present according to the report?,3268,False
Is the heart size normal?,3268,False
What are the key findings in this chest X-ray report?,3269,False
What abnormality is present according to the report?,3269,False
Is the heart size normal?,3269,False
What are the key findings in this chest X-ray report?,3270,False
What abnormality is present according to the report?,3270,False
What are the key findings in this chest X-ray report?,3271,False
What abnormality is present according to the report?,3271,False
Is the heart size normal?,3271,False
What are the key findings in this chest X-ray report?,3272,False
What abnormality is present according to the report?,3272,False
Is there any opacity?,3272,False
Is there any atelectasis?,3272,False
What are the key findings in this chest X-ray report?,3273,False
What abnormality is present according to the report?,3273,False
Is there any cardiomegaly?,3273,True
What are the key findings in this chest X-ray report?,3274,False
What abnormality is present according to the report?,3274,False
Is there any atelectasis?,3274,False
What are the key findings in this chest X-ray report?,3275,False
What abnormality is present according to the report?,3275,False
What are the key findings in this chest X-ray report?,3277,False
What abnormality is present according to the report?,3277,False
What are the key findings in this chest X-ray report?,3278,False
What abnormality is present according to the report?,3278,False
What are the key findings in this chest X-ray report?,3279,False
What abnormality is present according to the report?,3279,False
Is the heart size normal?,3279,False
What are the key findings in this chest X-ray report?,3280,False
What abnormality is present according to the report?,3280,False
Is there any opacity?,3280,False
What are the key findings in this chest X-ray report?,3281,False
What abnormality is present according to the report?,3281,False
What are the key findings in this chest X-ray report?,3282,False
What abnormality is present according to the report?,3282,False
What are the key findings in this chest X-ray report?,3283,False
What abnormality is present according to the report?,3283,False
Is the heart size normal?,3283,False
What are the key findings in this chest X-ray report?,3284,False
What abnormality is present according to the report?,3284,False
Is the heart size normal?,3284,False
What are the key findings in this chest X-ray report?,3285,False
What abnormality is present according to the report?,3285,False
Is the heart size normal?,3285,False
What are the key findings in this chest X-ray report?,3286,False
What abnormality is present according to the report?,3286,False
Is there any cardiomegaly?,3286,False
Is there any opacity?,3286,False
Is there any atelectasis?,3286,False
What are the key findings in this chest X-ray report?,3287,False
What abnormality is present according to the report?,3287,False
What are the key findings in this chest X-ray report?,3288,False
What abnormality is present according to the report?,3288,False
Is the heart size normal?,3288,False
What are the key findings in this chest X-ray report?,3289,False
What abnormality is present according to the report?,3289,False
Is the heart size normal?,3289,False
What are the key findings in this chest X-ray report?,3290,False
What abnormality is present according to the report?,3290,False
Is the heart size normal?,3290,False
What are the key findings in this chest X-ray report?,3291,False
What abnormality is present according to the report?,3291,False
Is the heart size normal?,3291,False
What are the key findings in this chest X-ray report?,3292,False
What abnormality is present according to the report?,3292,False
Is there any opacity?,3292,False
What are the key findings in this chest X-ray report?,3294,False
What abnormality is present according to the report?,3294,False
What are the key findings in this chest X-ray report?,3296,False
What abnormality is present according to the report?,3296,False
What are the key findings in this chest X-ray report?,3297,False
What abnormality is present according to the report?,3297,False
What are the key findings in this chest X-ray report?,3298,False
What abnormality is present according to the report?,3298,False
Is the heart size normal?,3298,False
What are the key findings in this chest X-ray report?,3299,False
What abnormality is present according to the report?,3299,False
What are the key findings in this chest X-ray report?,3300,False
What abnormality is present according to the report?,3300,False
What are the key findings in this chest X-ray report?,3301,False
What abnormality is present according to the report?,3301,False
Is the heart size normal?,3301,False
What are the key findings in this chest X-ray report?,3302,False
What abnormality is present according to the report?,3302,False
What are the key findings in this chest X-ray report?,3303,False
What abnormality is present according to the report?,3303,False
Is there any opacity?,3303,False
What are the key findings in this chest X-ray report?,3304,False
What abnormality is present according to the report?,3304,False
What are the key findings in this chest X-ray report?,3305,False
What abnormality is present according to the report?,3305,False
Is there any opacity?,3305,False
Is there any atelectasis?,3305,False
What are the key findings in this chest X-ray report?,3306,False
What abnormality is present according to the report?,3306,False
Is there any cardiomegaly?,3306,False
What are the key findings in this chest X-ray report?,3307,False
What abnormality is present according to the report?,3307,False
Is the heart size normal?,3307,False
What are the key findings in this chest X-ray report?,3309,False
What abnormality is present according to the report?,3309,False
Is the heart size normal?,3309,False
What are the key findings in this chest X-ray report?,3310,False
What abnormality is present according to the report?,3310,False
What are the key findings in this chest X-ray report?,3311,False
What abnormality is present according to the report?,3311,False
Is the heart size normal?,3311,False
What are the key findings in this chest X-ray report?,3312,False
What abnormality is present according to the report?,3312,False
What are the key findings in this chest X-ray report?,3313,False
What abnormality is present according to the report?,3313,False
What are the key findings in this chest X-ray report?,3314,False
What abnormality is present according to the report?,3314,False
Is the heart size normal?,3314,False
What are the key findings in this chest X-ray report?,3315,False
What abnormality is present according to the report?,3315,False
Is the heart size normal?,3315,False
What are the key findings in this chest X-ray report?,3316,False
What abnormality is present according to the report?,3316,False
What are the key findings in this chest X-ray report?,3317,False
What abnormality is present according to the report?,3317,False
Is the heart size normal?,3317,False
What are the key findings in this chest X-ray report?,3318,False
What abnormality is present according to the report?,3318,False
What are the key findings in this chest X-ray report?,3319,False
What abnormality is present according to the report?,3319,False
What are the key findings in this chest X-ray report?,3320,False
What abnormality is present according to the report?,3320,False
Is the heart size normal?,3320,False
What are the key findings in this chest X-ray report?,3321,False
What abnormality is present according to the report?,3321,False
Is the heart size normal?,3321,False
What are the key findings in this chest X-ray report?,3322,False
What abnormality is present according to the report?,3322,False
What are the key findings in this chest X-ray report?,3323,False
What abnormality is present according to the report?,3323,False
What are the key findings in this chest X-ray report?,3324,False
What abnormality is present according to the report?,3324,False
What are the key findings in this chest X-ray report?,3325,False
What abnormality is present according to the report?,3325,False
Is the heart size normal?,3325,False
What are the key findings in this chest X-ray report?,3326,False
What abnormality is present according to the report?,3326,False
Is there any cardiomegaly?,3326,False
What are the key findings in this chest X-ray report?,3327,False
What abnormality is present according to the report?,3327,False
Is there any opacity?,3327,False
What are the key findings in this chest X-ray report?,3328,False
What abnormality is present according to the report?,3328,False
Is there any cardiomegaly?,3328,False
Is there any effusion?,3328,False
What are the key findings in this chest X-ray report?,3329,False
What abnormality is present according to the report?,3329,False
Is the heart size normal?,3329,False
What are the key findings in this chest X-ray report?,3330,False
What abnormality is present according to the report?,3330,False
Is the heart size normal?,3330,False
What are the key findings in this chest X-ray report?,3331,False
What abnormality is present according to the report?,3331,False
What are the key findings in this chest X-ray report?,3332,False
What abnormality is present according to the report?,3332,False
What are the key findings in this chest X-ray report?,3333,False
What abnormality is present according to the report?,3333,False
Is the heart size normal?,3333,False
What are the key findings in this chest X-ray report?,3334,False
What abnormality is present according to the report?,3334,False
Is there any atelectasis?,3334,False
What are the key findings in this chest X-ray report?,3335,False
What abnormality is present according to the report?,3335,False
What are the key findings in this chest X-ray report?,3336,False
What abnormality is present according to the report?,3336,False
What are the key findings in this chest X-ray report?,3337,False
What abnormality is present according to the report?,3337,False
What are the key findings in this chest X-ray report?,3338,False
What abnormality is present according to the report?,3338,False
Is the heart size normal?,3338,False
What are the key findings in this chest X-ray report?,3339,False
What abnormality is present according to the report?,3339,False
Is the heart size normal?,3339,False
What are the key findings in this chest X-ray report?,3340,False
What abnormality is present according to the report?,3340,False
What are the key findings in this chest X-ray report?,3341,False
What abnormality is present according to the report?,3341,False
Is the heart size normal?,3341,False
What are the key findings in this chest X-ray report?,3342,False
What abnormality is present according to the report?,3342,False
Is there any cardiomegaly?,3342,False
What are the key findings in this chest X-ray report?,3343,False
What abnormality is present according to the report?,3343,False
Is the heart size normal?,3343,False
What are the key findings in this chest X-ray report?,3344,False
What abnormality is present according to the report?,3344,False
Is there any opacity?,3344,False
What are the key findings in this chest X-ray report?,3345,False
What abnormality is present according to the report?,3345,False
Is the heart size normal?,3345,False
What are the key findings in this chest X-ray report?,3346,False
What abnormality is present according to the report?,3346,False
Is the heart size normal?,3346,False
What are the key findings in this chest X-ray report?,3347,False
What abnormality is present according to the report?,3347,False
What are the key findings in this chest X-ray report?,3348,False
What abnormality is present according to the report?,3348,False
Is there any cardiomegaly?,3348,False
What are the key findings in this chest X-ray report?,3349,False
What abnormality is present according to the report?,3349,False
What are the key findings in this chest X-ray report?,3350,False
What abnormality is present according to the report?,3350,False
Is the heart size normal?,3350,False
What are the key findings in this chest X-ray report?,3352,False
What abnormality is present according to the report?,3352,False
Is the heart size normal?,3352,False
What are the key findings in this chest X-ray report?,3353,False
What abnormality is present according to the report?,3353,False
Is there any cardiomegaly?,3353,False
Is there any effusion?,3353,False
What are the key findings in this chest X-ray report?,3354,False
What abnormality is present according to the report?,3354,False
What are the key findings in this chest X-ray report?,3355,False
What abnormality is present according to the report?,3355,False
What are the key findings in this chest X-ray report?,3356,False
What abnormality is present according to the report?,3356,False
What are the key findings in this chest X-ray report?,3357,False
What abnormality is present according to the report?,3357,False
What are the key findings in this chest X-ray report?,3358,False
What abnormality is present according to the report?,3358,False
Is the heart size normal?,3358,False
What are the key findings in this chest X-ray report?,3359,False
What abnormality is present according to the report?,3359,False
Is the heart size normal?,3359,False
What are the key findings in this chest X-ray report?,3360,False
What abnormality is present according to the report?,3360,False
Is there any atelectasis?,3360,False
What are the key findings in this chest X-ray report?,3361,False
What abnormality is present according to the report?,3361,False
Is the heart size normal?,3361,False
What are the key findings in this chest X-ray report?,3362,False
What abnormality is present according to the report?,3362,False
Is the heart size normal?,3362,False
What are the key findings in this chest X-ray report?,3363,False
What abnormality is present according to the report?,3363,False
Is there any opacity?,3363,False
What are the key findings in this chest X-ray report?,3364,False
What abnormality is present according to the report?,3364,False
Is there any cardiomegaly?,3364,False
What are the key findings in this chest X-ray report?,3365,False
What abnormality is present according to the report?,3365,False
Is the heart size normal?,3365,False
What are the key findings in this chest X-ray report?,3366,False
What abnormality is present according to the report?,3366,False
What are the key findings in this chest X-ray report?,3368,False
What abnormality is present according to the report?,3368,False
What are the key findings in this chest X-ray report?,3369,False
What abnormality is present according to the report?,3369,False
Is there any opacity?,3369,False
Is there any pneumothorax?,3369,False
Is there any atelectasis?,3369,False
What are the key findings in this chest X-ray report?,3370,False
What abnormality is present according to the report?,3370,False
Is the heart size normal?,3370,False
What are the key findings in this chest X-ray report?,3371,False
What abnormality is present according to the report?,3371,False
What are the key findings in this chest X-ray report?,3372,False
What abnormality is present according to the report?,3372,False
Is there any cardiomegaly?,3372,False
Is there any edema?,3372,True
What are the key findings in this chest X-ray report?,3373,False
What abnormality is present according to the report?,3373,False
Is the heart size normal?,3373,False
What are the key findings in this chest X-ray report?,3374,False
What abnormality is present according to the report?,3374,False
What are the key findings in this chest X-ray report?,3375,False
What abnormality is present according to the report?,3375,False
What are the key findings in this chest X-ray report?,3377,False
What abnormality is present according to the report?,3377,False
Is the heart size normal?,3377,False
What are the key findings in this chest X-ray report?,3378,False
What abnormality is present according to the report?,3378,False
Is there any pneumothorax?,3378,False
What are the key findings in this chest X-ray report?,3379,False
What abnormality is present according to the report?,3379,False
Is there any cardiomegaly?,3379,False
What are the key findings in this chest X-ray report?,3380,False
What abnormality is present according to the report?,3380,False
What are the key findings in this chest X-ray report?,3381,False
What abnormality is present according to the report?,3381,False
Is the heart size normal?,3381,False
What are the key findings in this chest X-ray report?,3382,False
What abnormality is present according to the report?,3382,False
Is there any effusion?,3382,False
What are the key findings in this chest X-ray report?,3383,False
What abnormality is present according to the report?,3383,False
What are the key findings in this chest X-ray report?,3384,False
What abnormality is present according to the report?,3384,False
Is the heart size normal?,3384,False
What are the key findings in this chest X-ray report?,3385,False
What abnormality is present according to the report?,3385,False
Is the heart size normal?,3385,False
What are the key findings in this chest X-ray report?,3386,False
What abnormality is present according to the report?,3386,False
Is the heart size normal?,3386,False
What are the key findings in this chest X-ray report?,3387,False
What abnormality is present according to the report?,3387,False
Is there any opacity?,3387,False
What are the key findings in this chest X-ray report?,3388,False
What abnormality is present according to the report?,3388,False
What are the key findings in this chest X-ray report?,3389,False
What abnormality is present according to the report?,3389,False
What are the key findings in this chest X-ray report?,3390,False
What abnormality is present according to the report?,3390,False
Is the heart size normal?,3390,False
What are the key findings in this chest X-ray report?,3391,False
What abnormality is present according to the report?,3391,False
What are the key findings in this chest X-ray report?,3392,False
What abnormality is present according to the report?,3392,False
Is the heart size normal?,3392,False
What are the key findings in this chest X-ray report?,3393,False
What abnormality is present according to the report?,3393,False
What are the key findings in this chest X-ray report?,3394,False
What abnormality is present according to the report?,3394,False
What are the key findings in this chest X-ray report?,3395,False
What abnormality is present according to the report?,3395,False
Is the heart size normal?,3395,False
What are the key findings in this chest X-ray report?,3396,False
What abnormality is present according to the report?,3396,False
Is there any effusion?,3396,False
What are the key findings in this chest X-ray report?,3398,False
What abnormality is present according to the report?,3398,False
What are the key findings in this chest X-ray report?,3399,False
What abnormality is present according to the report?,3399,False
Is there any atelectasis?,3399,False
What are the key findings in this chest X-ray report?,3400,False
What abnormality is present according to the report?,3400,False
Is the heart size normal?,3400,False
What are the key findings in this chest X-ray report?,3401,False
What abnormality is present according to the report?,3401,False
What are the key findings in this chest X-ray report?,3402,False
What abnormality is present according to the report?,3402,False
What are the key findings in this chest X-ray report?,3403,False
What abnormality is present according to the report?,3403,False
Is the heart size normal?,3403,False
What are the key findings in this chest X-ray report?,3404,False
What abnormality is present according to the report?,3404,False
What are the key findings in this chest X-ray report?,3405,False
What abnormality is present according to the report?,3405,False
What are the key findings in this chest X-ray report?,3406,False
What abnormality is present according to the report?,3406,False
What are the key findings in this chest X-ray report?,3407,False
What abnormality is present according to the report?,3407,False
What are the key findings in this chest X-ray report?,3408,False
What abnormality is present according to the report?,3408,False
What are the key findings in this chest X-ray report?,3409,False
What abnormality is present according to the report?,3409,False
Is the heart size normal?,3409,False
What are the key findings in this chest X-ray report?,3410,False
What abnormality is present according to the report?,3410,False
What are the key findings in this chest X-ray report?,3411,False
What abnormality is present according to the report?,3411,False
Is there any opacity?,3411,False
Is there any atelectasis?,3411,False
What are the key findings in this chest X-ray report?,3412,False
What abnormality is present according to the report?,3412,False
What are the key findings in this chest X-ray report?,3413,False
What abnormality is present according to the report?,3413,False
Is the heart size normal?,3413,False
What are the key findings in this chest X-ray report?,3414,False
What abnormality is present according to the report?,3414,False
Is there any cardiomegaly?,3414,False
Is there any atelectasis?,3414,False
What are the key findings in this chest X-ray report?,3415,False
What abnormality is present according to the report?,3415,False
Is there any atelectasis?,3415,False
What are the key findings in this chest X-ray report?,3416,False
What abnormality is present according to the report?,3416,False
Is there any atelectasis?,3416,False
What are the key findings in this chest X-ray report?,3417,False
What abnormality is present according to the report?,3417,False
Is there any cardiomegaly?,3417,False
What are the key findings in this chest X-ray report?,3418,False
What abnormality is present according to the report?,3418,False
What are the key findings in this chest X-ray report?,3419,False
What abnormality is present according to the report?,3419,False
What are the key findings in this chest X-ray report?,3420,False
What abnormality is present according to the report?,3420,False
Is the heart size normal?,3420,False
What are the key findings in this chest X-ray report?,3421,False
What abnormality is present according to the report?,3421,False
What are the key findings in this chest X-ray report?,3422,False
What abnormality is present according to the report?,3422,False
Is the heart size normal?,3422,False
What are the key findings in this chest X-ray report?,3423,False
What abnormality is present according to the report?,3423,False
What are the key findings in this chest X-ray report?,3424,False
What abnormality is present according to the report?,3424,False
What are the key findings in this chest X-ray report?,3426,False
What abnormality is present according to the report?,3426,False
What are the key findings in this chest X-ray report?,3427,False
What abnormality is present according to the report?,3427,False
Is the heart size normal?,3427,False
What are the key findings in this chest X-ray report?,3428,False
What abnormality is present according to the report?,3428,False
What are the key findings in this chest X-ray report?,3429,False
What abnormality is present according to the report?,3429,False
What are the key findings in this chest X-ray report?,3430,False
What abnormality is present according to the report?,3430,False
Is there any cardiomegaly?,3430,False
What are the key findings in this chest X-ray report?,3431,False
What abnormality is present according to the report?,3431,False
Is the heart size normal?,3431,False
What are the key findings in this chest X-ray report?,3432,False
What abnormality is present according to the report?,3432,False
Is there any cardiomegaly?,3432,False
Is there any opacity?,3432,False
What are the key findings in this chest X-ray report?,3433,False
What abnormality is present according to the report?,3433,False
Is the heart size normal?,3433,False
What are the key findings in this chest X-ray report?,3435,False
What abnormality is present according to the report?,3435,False
Is there any cardiomegaly?,3435,False
What are the key findings in this chest X-ray report?,3436,False
What abnormality is present according to the report?,3436,False
What are the key findings in this chest X-ray report?,3437,False
What abnormality is present according to the report?,3437,False
What are the key findings in this chest X-ray report?,3438,False
What abnormality is present according to the report?,3438,False
Is the heart size normal?,3438,False
What are the key findings in this chest X-ray report?,3439,False
What abnormality is present according to the report?,3439,False
Is the heart size normal?,3439,False
What are the key findings in this chest X-ray report?,3440,False
What abnormality is present according to the report?,3440,False
What are the key findings in this chest X-ray report?,3441,False
What abnormality is present according to the report?,3441,False
Is the heart size normal?,3441,False
What are the key findings in this chest X-ray report?,3442,False
What abnormality is present according to the report?,3442,False
Is there any opacity?,3442,False
Is there any atelectasis?,3442,False
What are the key findings in this chest X-ray report?,3443,False
What abnormality is present according to the report?,3443,False
Is the heart size normal?,3443,False
What are the key findings in this chest X-ray report?,3444,False
What abnormality is present according to the report?,3444,False
What are the key findings in this chest X-ray report?,3445,False
What abnormality is present according to the report?,3445,False
Is the heart size normal?,3445,False
What are the key findings in this chest X-ray report?,3446,False
What abnormality is present according to the report?,3446,False
Is the heart size normal?,3446,False
What are the key findings in this chest X-ray report?,3448,False
What abnormality is present according to the report?,3448,False
What are the key findings in this chest X-ray report?,3449,False
What abnormality is present according to the report?,3449,False
What are the key findings in this chest X-ray report?,3450,False
What abnormality is present according to the report?,3450,False
Is the heart size normal?,3450,False
What are the key findings in this chest X-ray report?,3451,False
What abnormality is present according to the report?,3451,False
Is there any effusion?,3451,False
What are the key findings in this chest X-ray report?,3452,False
What abnormality is present according to the report?,3452,False
Is the heart size normal?,3452,False
What are the key findings in this chest X-ray report?,3453,False
What abnormality is present according to the report?,3453,False
Is the heart size normal?,3453,False
What are the key findings in this chest X-ray report?,3454,False
What abnormality is present according to the report?,3454,False
What are the key findings in this chest X-ray report?,3455,False
What abnormality is present according to the report?,3455,False
Is there any cardiomegaly?,3455,False
Is there any opacity?,3455,False
Is there any edema?,3455,False
Is there any atelectasis?,3455,False
What are the key findings in this chest X-ray report?,3456,False
What abnormality is present according to the report?,3456,False
What are the key findings in this chest X-ray report?,3457,False
What abnormality is present according to the report?,3457,False
What are the key findings in this chest X-ray report?,3458,False
What abnormality is present according to the report?,3458,False
Is the heart size normal?,3458,False
What are the key findings in this chest X-ray report?,3459,False
What abnormality is present according to the report?,3459,False
What are the key findings in this chest X-ray report?,3460,False
What abnormality is present according to the report?,3460,False
Is the heart size normal?,3460,False
What are the key findings in this chest X-ray report?,3461,False
What abnormality is present according to the report?,3461,False
Is the heart size normal?,3461,False
What are the key findings in this chest X-ray report?,3462,False
What abnormality is present according to the report?,3462,False
What are the key findings in this chest X-ray report?,3464,False
What abnormality is present according to the report?,3464,False
What are the key findings in this chest X-ray report?,3465,False
What abnormality is present according to the report?,3465,False
Is the heart size normal?,3465,False
What are the key findings in this chest X-ray report?,3466,False
What abnormality is present according to the report?,3466,False
Is there any opacity?,3466,False
What are the key findings in this chest X-ray report?,3467,False
What abnormality is present according to the report?,3467,False
What are the key findings in this chest X-ray report?,3468,False
What abnormality is present according to the report?,3468,False
Is there any opacity?,3468,False
What are the key findings in this chest X-ray report?,3469,False
What abnormality is present according to the report?,3469,False
Is there any opacity?,3469,False
What are the key findings in this chest X-ray report?,3470,False
What abnormality is present according to the report?,3470,False
What are the key findings in this chest X-ray report?,3471,False
What abnormality is present according to the report?,3471,False
What are the key findings in this chest X-ray report?,3472,False
What abnormality is present according to the report?,3472,False
Is the heart size normal?,3472,False
What are the key findings in this chest X-ray report?,3473,False
What abnormality is present according to the report?,3473,False
Is the heart size normal?,3473,False
What are the key findings in this chest X-ray report?,3474,False
What abnormality is present according to the report?,3474,False
What are the key findings in this chest X-ray report?,3475,False
What abnormality is present according to the report?,3475,False
Is the heart size normal?,3475,False
What are the key findings in this chest X-ray report?,3477,False
What abnormality is present according to the report?,3477,False
Is the heart size normal?,3477,False
What are the key findings in this chest X-ray report?,3478,False
What abnormality is present according to the report?,3478,False
What are the key findings in this chest X-ray report?,3479,False
What abnormality is present according to the report?,3479,False
Is there any cardiomegaly?,3479,False
Is there any effusion?,3479,False
Is there any edema?,3479,False
What are the key findings in this chest X-ray report?,3480,False
What abnormality is present according to the report?,3480,False
What are the key findings in this chest X-ray report?,3481,False
What abnormality is present according to the report?,3481,False
What are the key findings in this chest X-ray report?,3482,False
What abnormality is present according to the report?,3482,False
What are the key findings in this chest X-ray report?,3483,False
What abnormality is present according to the report?,3483,False
Is the heart size normal?,3483,False
What are the key findings in this chest X-ray report?,3485,False
What abnormality is present according to the report?,3485,False
What are the key findings in this chest X-ray report?,3486,False
What abnormality is present according to the report?,3486,False
What are the key findings in this chest X-ray report?,3487,False
What abnormality is present according to the report?,3487,False
Is the heart size normal?,3487,False
What are the key findings in this chest X-ray report?,3488,False
What abnormality is present according to the report?,3488,False
What are the key findings in this chest X-ray report?,3489,False
What abnormality is present according to the report?,3489,False
Is the heart size normal?,3489,False
What are the key findings in this chest X-ray report?,3490,False
What abnormality is present according to the report?,3490,False
What are the key findings in this chest X-ray report?,3491,False
What abnormality is present according to the report?,3491,False
What are the key findings in this chest X-ray report?,3492,False
What abnormality is present according to the report?,3492,False
What are the key findings in this chest X-ray report?,3493,False
What abnormality is present according to the report?,3493,False
What are the key findings in this chest X-ray report?,3494,False
What abnormality is present according to the report?,3494,False
What are the key findings in this chest X-ray report?,3495,False
What abnormality is present according to the report?,3495,False
Is the heart size normal?,3495,False
What are the key findings in this chest X-ray report?,3496,False
What abnormality is present according to the report?,3496,False
Is the heart size normal?,3496,False
What are the key findings in this chest X-ray report?,3497,False
What abnormality is present according to the report?,3497,False
What are the key findings in this chest X-ray report?,3498,False
What abnormality is present according to the report?,3498,False
Is there any effusion?,3498,False
What are the key findings in this chest X-ray report?,3499,False
What abnormality is present according to the report?,3499,False
Is the heart size normal?,3499,False
What are the key findings in this chest X-ray report?,3500,False
What abnormality is present according to the report?,3500,False
Is the heart size normal?,3500,False
What are the key findings in this chest X-ray report?,3501,False
What abnormality is present according to the report?,3501,False
Is the heart size normal?,3501,False
What are the key findings in this chest X-ray report?,3502,False
What abnormality is present according to the report?,3502,False
Is there any cardiomegaly?,3502,False
What are the key findings in this chest X-ray report?,3503,False
What abnormality is present according to the report?,3503,False
Is the heart size normal?,3503,False
What are the key findings in this chest X-ray report?,3504,False
What abnormality is present according to the report?,3504,False
Is the heart size normal?,3504,False
What are the key findings in this chest X-ray report?,3505,False
What abnormality is present according to the report?,3505,False
Is the heart size normal?,3505,False
What are the key findings in this chest X-ray report?,3506,False
What abnormality is present according to the report?,3506,False
What are the key findings in this chest X-ray report?,3507,False
What abnormality is present according to the report?,3507,False
What are the key findings in this chest X-ray report?,3508,False
What abnormality is present according to the report?,3508,False
Is there any effusion?,3508,False
Is there any atelectasis?,3508,False
What are the key findings in this chest X-ray report?,3509,False
What abnormality is present according to the report?,3509,False
Is there any effusion?,3509,False
Is there any atelectasis?,3509,False
What are the key findings in this chest X-ray report?,3510,False
What abnormality is present according to the report?,3510,False
Is there any cardiomegaly?,3510,False
What are the key findings in this chest X-ray report?,3511,False
What abnormality is present according to the report?,3511,False
Is the heart size normal?,3511,False
What are the key findings in this chest X-ray report?,3512,False
What abnormality is present according to the report?,3512,False
What are the key findings in this chest X-ray report?,3513,False
What abnormality is present according to the report?,3513,False
Is the heart size normal?,3513,False
What are the key findings in this chest X-ray report?,3514,False
What abnormality is present according to the report?,3514,False
What are the key findings in this chest X-ray report?,3515,False
What abnormality is present according to the report?,3515,False
What are the key findings in this chest X-ray report?,3516,False
What abnormality is present according to the report?,3516,False
What are the key findings in this chest X-ray report?,3517,False
What abnormality is present according to the report?,3517,False
What are the key findings in this chest X-ray report?,3518,False
What abnormality is present according to the report?,3518,False
What are the key findings in this chest X-ray report?,3519,False
What abnormality is present according to the report?,3519,False
Is there any effusion?,3519,False
Is there any opacity?,3519,False
What are the key findings in this chest X-ray report?,3520,False
What abnormality is present according to the report?,3520,False
Is there any atelectasis?,3520,False
What are the key findings in this chest X-ray report?,3521,False
What abnormality is present according to the report?,3521,False
What are the key findings in this chest X-ray report?,3522,False
What abnormality is present according to the report?,3522,False
Is the heart size normal?,3522,False
What are the key findings in this chest X-ray report?,3523,False
What abnormality is present according to the report?,3523,False
What are the key findings in this chest X-ray report?,3524,False
What abnormality is present according to the report?,3524,False
Is the heart size normal?,3524,False
What are the key findings in this chest X-ray report?,3525,False
What abnormality is present according to the report?,3525,False
What are the key findings in this chest X-ray report?,3526,False
What abnormality is present according to the report?,3526,False
What are the key findings in this chest X-ray report?,3527,False
What abnormality is present according to the report?,3527,False
Is the heart size normal?,3527,False
What are the key findings in this chest X-ray report?,3528,False
What abnormality is present according to the report?,3528,False
Is the heart size normal?,3528,False
What are the key findings in this chest X-ray report?,3529,False
What abnormality is present according to the report?,3529,False
Is there any cardiomegaly?,3529,False
What are the key findings in this chest X-ray report?,3530,False
What abnormality is present according to the report?,3530,False
Is there any cardiomegaly?,3530,False
What are the key findings in this chest X-ray report?,3531,False
What abnormality is present according to the report?,3531,False
What are the key findings in this chest X-ray report?,3532,False
What abnormality is present according to the report?,3532,False
What are the key findings in this chest X-ray report?,3533,False
What abnormality is present according to the report?,3533,False
What are the key findings in this chest X-ray report?,3534,False
What abnormality is present according to the report?,3534,False
What are the key findings in this chest X-ray report?,3535,False
What abnormality is present according to the report?,3535,False
Is the heart size normal?,3535,False
What are the key findings in this chest X-ray report?,3536,False
What abnormality is present according to the report?,3536,False
Is there any cardiomegaly?,3536,False
Is there any effusion?,3536,False
Is there any atelectasis?,3536,False
What are the key findings in this chest X-ray report?,3537,False
What abnormality is present according to the report?,3537,False
What are the key findings in this chest X-ray report?,3538,False
What abnormality is present according to the report?,3538,False
Is the heart size normal?,3538,False
What are the key findings in this chest X-ray report?,3539,False
What abnormality is present according to the report?,3539,False
Is the heart size normal?,3539,False
What are the key findings in this chest X-ray report?,3540,False
What abnormality is present according to the report?,3540,False
What are the key findings in this chest X-ray report?,3541,False
What abnormality is present according to the report?,3541,False
Is there any opacity?,3541,False
Is there any atelectasis?,3541,False
What are the key findings in this chest X-ray report?,3542,False
What abnormality is present according to the report?,3542,False
Is the heart size normal?,3542,False
What are the key findings in this chest X-ray report?,3543,False
What abnormality is present according to the report?,3543,False
What are the key findings in this chest X-ray report?,3544,False
What abnormality is present according to the report?,3544,False
Is there any opacity?,3544,False
Is there any atelectasis?,3544,False
What are the key findings in this chest X-ray report?,3545,False
What abnormality is present according to the report?,3545,False
Is there any opacity?,3545,False
What are the key findings in this chest X-ray report?,3546,False
What abnormality is present according to the report?,3546,False
Is there any cardiomegaly?,3546,False
Is there any opacity?,3546,False
What are the key findings in this chest X-ray report?,3547,False
What abnormality is present according to the report?,3547,False
What are the key findings in this chest X-ray report?,3548,False
What abnormality is present according to the report?,3548,False
Is the heart size normal?,3548,False
What are the key findings in this chest X-ray report?,3549,False
What abnormality is present according to the report?,3549,False
Is the heart size normal?,3549,False
What are the key findings in this chest X-ray report?,3550,False
What abnormality is present according to the report?,3550,False
What are the key findings in this chest X-ray report?,3551,False
What abnormality is present according to the report?,3551,False
What are the key findings in this chest X-ray report?,3552,False
What abnormality is present according to the report?,3552,False
Is the heart size normal?,3552,False
What are the key findings in this chest X-ray report?,3553,False
What abnormality is present according to the report?,3553,False
Is the heart size normal?,3553,False
What are the key findings in this chest X-ray report?,3555,False
What abnormality is present according to the report?,3555,False
What are the key findings in this chest X-ray report?,3556,False
What abnormality is present according to the report?,3556,False
What are the key findings in this chest X-ray report?,3557,False
What abnormality is present according to the report?,3557,False
Is there any effusion?,3557,False
What are the key findings in this chest X-ray report?,3559,False
What abnormality is present according to the report?,3559,False
What are the key findings in this chest X-ray report?,3560,False
What abnormality is present according to the report?,3560,False
Is the heart size normal?,3560,False
What are the key findings in this chest X-ray report?,3561,False
What abnormality is present according to the report?,3561,False
Is the heart size normal?,3561,False
What are the key findings in this chest X-ray report?,3562,False
What abnormality is present according to the report?,3562,False
Is there any atelectasis?,3562,False
What are the key findings in this chest X-ray report?,3563,True
What abnormality is present according to the report?,3563,False
Is the heart size normal?,3563,False
What are the key findings in this chest X-ray report?,3564,False
What abnormality is present according to the report?,3564,False
What are the key findings in this chest X-ray report?,3565,False
What abnormality is present according to the report?,3565,False
Is there any opacity?,3565,False
What are the key findings in this chest X-ray report?,3566,False
What abnormality is present according to the report?,3566,False
Is there any atelectasis?,3566,False
What are the key findings in this chest X-ray report?,3567,False
What abnormality is present according to the report?,3567,False
Is there any effusion?,3567,False
What are the key findings in this chest X-ray report?,3568,False
What abnormality is present according to the report?,3568,False
What are the key findings in this chest X-ray report?,3569,False
What abnormality is present according to the report?,3569,False
What are the key findings in this chest X-ray report?,3570,False
What abnormality is present according to the report?,3570,False
Is there any atelectasis?,3570,False
What are the key findings in this chest X-ray report?,3571,False
What abnormality is present according to the report?,3571,False
What are the key findings in this chest X-ray report?,3572,False
What abnormality is present according to the report?,3572,False
What are the key findings in this chest X-ray report?,3573,False
What abnormality is present according to the report?,3573,False
What are the key findings in this chest X-ray report?,3574,False
What abnormality is present according to the report?,3574,False
Is the heart size normal?,3574,False
What are the key findings in this chest X-ray report?,3575,False
What abnormality is present according to the report?,3575,False
What are the key findings in this chest X-ray report?,3576,False
What abnormality is present according to the report?,3576,False
Is the heart size normal?,3576,False
What are the key findings in this chest X-ray report?,3577,False
What abnormality is present according to the report?,3577,False
Is the heart size normal?,3577,False
What are the key findings in this chest X-ray report?,3578,False
What abnormality is present according to the report?,3578,False
What are the key findings in this chest X-ray report?,3579,False
What abnormality is present according to the report?,3579,False
What are the key findings in this chest X-ray report?,3580,False
What abnormality is present according to the report?,3580,False
Is the heart size normal?,3580,False
What are the key findings in this chest X-ray report?,3581,False
What abnormality is present according to the report?,3581,False
What are the key findings in this chest X-ray report?,3582,False
What abnormality is present according to the report?,3582,False
Is the heart size normal?,3582,False
What are the key findings in this chest X-ray report?,3583,False
What abnormality is present according to the report?,3583,False
What are the key findings in this chest X-ray report?,3584,False
What abnormality is present according to the report?,3584,False
Is there any atelectasis?,3584,False
What are the key findings in this chest X-ray report?,3585,False
What abnormality is present according to the report?,3585,False
Is the heart size normal?,3585,False
What are the key findings in this chest X-ray report?,3586,False
What abnormality is present according to the report?,3586,False
Is there any cardiomegaly?,3586,False
What are the key findings in this chest X-ray report?,3587,False
What abnormality is present according to the report?,3587,False
Is the heart size normal?,3587,False
What are the key findings in this chest X-ray report?,3588,False
What abnormality is present according to the report?,3588,False
Is the heart size normal?,3588,False
What are the key findings in this chest X-ray report?,3589,False
What abnormality is present according to the report?,3589,False
Is there any opacity?,3589,False
What are the key findings in this chest X-ray report?,3590,False
What abnormality is present according to the report?,3590,False
Is the heart size normal?,3590,False
What are the key findings in this chest X-ray report?,3591,False
What abnormality is present according to the report?,3591,False
What are the key findings in this chest X-ray report?,3592,False
What abnormality is present according to the report?,3592,False
What are the key findings in this chest X-ray report?,3593,False
What abnormality is present according to the report?,3593,False
Is the heart size normal?,3593,False
What are the key findings in this chest X-ray report?,3594,False
What abnormality is present according to the report?,3594,False
Is the heart size normal?,3594,False
What are the key findings in this chest X-ray report?,3595,False
What abnormality is present according to the report?,3595,False
Is there any cardiomegaly?,3595,False
Is there any effusion?,3595,False
What are the key findings in this chest X-ray report?,3596,False
What abnormality is present according to the report?,3596,False
What are the key findings in this chest X-ray report?,3597,False
What abnormality is present according to the report?,3597,False
What are the key findings in this chest X-ray report?,3598,False
What abnormality is present according to the report?,3598,False
Is the heart size normal?,3598,False
What are the key findings in this chest X-ray report?,3599,False
What abnormality is present according to the report?,3599,False
What are the key findings in this chest X-ray report?,3600,False
What abnormality is present according to the report?,3600,False
What are the key findings in this chest X-ray report?,3601,False
What abnormality is present according to the report?,3601,False
What are the key findings in this chest X-ray report?,3602,False
What abnormality is present according to the report?,3602,False
What are the key findings in this chest X-ray report?,3603,False
What abnormality is present according to the report?,3603,False
Is the heart size normal?,3603,False
What are the key findings in this chest X-ray report?,3604,False
What abnormality is present according to the report?,3604,False
Is the heart size normal?,3604,False
What are the key findings in this chest X-ray report?,3605,False
What abnormality is present according to the report?,3605,False
Is the heart size normal?,3605,False
What are the key findings in this chest X-ray report?,3606,False
What abnormality is present according to the report?,3606,False
Is the heart size normal?,3606,False
What are the key findings in this chest X-ray report?,3607,False
What abnormality is present according to the report?,3607,False
Is there any opacity?,3607,False
Is there any atelectasis?,3607,False
What are the key findings in this chest X-ray report?,3608,False
What abnormality is present according to the report?,3608,False
Is there any cardiomegaly?,3608,False
What are the key findings in this chest X-ray report?,3609,False
What abnormality is present according to the report?,3609,False
Is there any cardiomegaly?,3609,False
What are the key findings in this chest X-ray report?,3610,False
What abnormality is present according to the report?,3610,False
Is the heart size normal?,3610,False
What are the key findings in this chest X-ray report?,3611,False
What abnormality is present according to the report?,3611,False
What are the key findings in this chest X-ray report?,3612,False
What abnormality is present according to the report?,3612,False
What are the key findings in this chest X-ray report?,3613,False
What abnormality is present according to the report?,3613,False
What are the key findings in this chest X-ray report?,3614,False
What abnormality is present according to the report?,3614,False
Is there any cardiomegaly?,3614,False
Is there any effusion?,3614,False
Is there any atelectasis?,3614,False
What are the key findings in this chest X-ray report?,3615,False
What abnormality is present according to the report?,3615,False
What are the key findings in this chest X-ray report?,3616,False
What abnormality is present according to the report?,3616,False
What are the key findings in this chest X-ray report?,3617,False
What abnormality is present according to the report?,3617,False
Is the heart size normal?,3617,False
What are the key findings in this chest X-ray report?,3618,False
What abnormality is present according to the report?,3618,False
What are the key findings in this chest X-ray report?,3619,False
What abnormality is present according to the report?,3619,False
Is the heart size normal?,3619,False
What are the key findings in this chest X-ray report?,3620,False
What abnormality is present according to the report?,3620,False
Is there any atelectasis?,3620,False
What are the key findings in this chest X-ray report?,3621,False
What abnormality is present according to the report?,3621,False
What are the key findings in this chest X-ray report?,3623,False
What abnormality is present according to the report?,3623,False
What are the key findings in this chest X-ray report?,3624,False
What abnormality is present according to the report?,3624,False
Is the heart size normal?,3624,False
What are the key findings in this chest X-ray report?,3625,False
What abnormality is present according to the report?,3625,False
Is the heart size normal?,3625,False
What are the key findings in this chest X-ray report?,3626,False
What abnormality is present according to the report?,3626,False
Is there any effusion?,3626,False
What are the key findings in this chest X-ray report?,3627,False
What abnormality is present according to the report?,3627,False
Is there any atelectasis?,3627,False
What are the key findings in this chest X-ray report?,3628,False
What abnormality is present according to the report?,3628,False
What are the key findings in this chest X-ray report?,3629,False
What abnormality is present according to the report?,3629,False
Is the heart size normal?,3629,False
What are the key findings in this chest X-ray report?,3630,False
What abnormality is present according to the report?,3630,False
What are the key findings in this chest X-ray report?,3631,False
What abnormality is present according to the report?,3631,False
What are the key findings in this chest X-ray report?,3632,False
What abnormality is present according to the report?,3632,False
Is there any effusion?,3632,False
Is there any opacity?,3632,False
Is there any atelectasis?,3632,False
What are the key findings in this chest X-ray report?,3633,False
What abnormality is present according to the report?,3633,False
What are the key findings in this chest X-ray report?,3634,False
What abnormality is present according to the report?,3634,False
Is the heart size normal?,3634,False
What are the key findings in this chest X-ray report?,3635,False
What abnormality is present according to the report?,3635,False
What are the key findings in this chest X-ray report?,3636,False
What abnormality is present according to the report?,3636,False
Is there any opacity?,3636,False
What are the key findings in this chest X-ray report?,3637,False
What abnormality is present according to the report?,3637,False
Is the heart size normal?,3637,False
What are the key findings in this chest X-ray report?,3638,False
What abnormality is present according to the report?,3638,False
Is there any cardiomegaly?,3638,False
What are the key findings in this chest X-ray report?,3639,False
What abnormality is present according to the report?,3639,False
Is the heart size normal?,3639,False
What are the key findings in this chest X-ray report?,3640,False
What abnormality is present according to the report?,3640,False
What are the key findings in this chest X-ray report?,3641,False
What abnormality is present according to the report?,3641,False
What are the key findings in this chest X-ray report?,3642,False
What abnormality is present according to the report?,3642,False
What are the key findings in this chest X-ray report?,3643,False
What abnormality is present according to the report?,3643,False
What are the key findings in this chest X-ray report?,3644,False
What abnormality is present according to the report?,3644,False
What are the key findings in this chest X-ray report?,3645,False
What abnormality is present according to the report?,3645,False
What are the key findings in this chest X-ray report?,3646,False
What abnormality is present according to the report?,3646,False
Is the heart size normal?,3646,False
What are the key findings in this chest X-ray report?,3647,False
What abnormality is present according to the report?,3647,False
Is the heart size normal?,3647,False
What are the key findings in this chest X-ray report?,3648,False
What abnormality is present according to the report?,3648,False
Is the heart size normal?,3648,False
What are the key findings in this chest X-ray report?,3649,False
What abnormality is present according to the report?,3649,False
Is the heart size normal?,3649,False
What are the key findings in this chest X-ray report?,3650,False
What abnormality is present according to the report?,3650,False
What are the key findings in this chest X-ray report?,3651,False
What abnormality is present according to the report?,3651,False
What are the key findings in this chest X-ray report?,3652,False
What abnormality is present according to the report?,3652,False
What are the key findings in this chest X-ray report?,3653,False
What abnormality is present according to the report?,3653,False
Is there any atelectasis?,3653,False
What are the key findings in this chest X-ray report?,3654,False
What abnormality is present according to the report?,3654,False
Is there any opacity?,3654,False
What are the key findings in this chest X-ray report?,3655,False
What abnormality is present according to the report?,3655,False
What are the key findings in this chest X-ray report?,3656,False
What abnormality is present according to the report?,3656,False
Is there any cardiomegaly?,3656,False
What are the key findings in this chest X-ray report?,3657,False
What abnormality is present according to the report?,3657,False
What are the key findings in this chest X-ray report?,3658,False
What abnormality is present according to the report?,3658,False
What are the key findings in this chest X-ray report?,3659,False
What abnormality is present according to the report?,3659,False
What are the key findings in this chest X-ray report?,3660,False
What abnormality is present according to the report?,3660,False
Is the heart size normal?,3660,False
What are the key findings in this chest X-ray report?,3661,False
What abnormality is present according to the report?,3661,False
Is the heart size normal?,3661,False
What are the key findings in this chest X-ray report?,3662,False
What abnormality is present according to the report?,3662,False
What are the key findings in this chest X-ray report?,3663,False
What abnormality is present according to the report?,3663,False
Is the heart size normal?,3663,False
What are the key findings in this chest X-ray report?,3664,False
What abnormality is present according to the report?,3664,False
Is the heart size normal?,3664,False
What are the key findings in this chest X-ray report?,3665,False
What abnormality is present according to the report?,3665,False
Is the heart size normal?,3665,False
What are the key findings in this chest X-ray report?,3666,False
What abnormality is present according to the report?,3666,False
Is there any cardiomegaly?,3666,False
Is there any effusion?,3666,False
Is there any atelectasis?,3666,False
What are the key findings in this chest X-ray report?,3667,False
What abnormality is present according to the report?,3667,False
What are the key findings in this chest X-ray report?,3668,False
What abnormality is present according to the report?,3668,False
What are the key findings in this chest X-ray report?,3669,False
What abnormality is present according to the report?,3669,False
What are the key findings in this chest X-ray report?,3670,False
What abnormality is present according to the report?,3670,False
What are the key findings in this chest X-ray report?,3671,False
What abnormality is present according to the report?,3671,False
Is there any opacity?,3671,False
What are the key findings in this chest X-ray report?,3672,False
What abnormality is present according to the report?,3672,False
Is there any cardiomegaly?,3672,False
Is there any edema?,3672,False
What are the key findings in this chest X-ray report?,3673,False
What abnormality is present according to the report?,3673,False
Is there any opacity?,3673,False
What are the key findings in this chest X-ray report?,3674,True
What abnormality is present according to the report?,3674,False
Is the heart size normal?,3674,False
What are the key findings in this chest X-ray report?,3675,False
What abnormality is present according to the report?,3675,False
Is the heart size normal?,3675,False
What are the key findings in this chest X-ray report?,3676,False
What abnormality is present according to the report?,3676,False
What are the key findings in this chest X-ray report?,3677,False
What abnormality is present according to the report?,3677,False
What are the key findings in this chest X-ray report?,3678,False
What abnormality is present according to the report?,3678,False
What are the key findings in this chest X-ray report?,3679,False
What abnormality is present according to the report?,3679,False
Is the heart size normal?,3679,False
What are the key findings in this chest X-ray report?,3680,False
What abnormality is present according to the report?,3680,False
Is there any opacity?,3680,False
Is there any atelectasis?,3680,False
What are the key findings in this chest X-ray report?,3681,False
What abnormality is present according to the report?,3681,False
What are the key findings in this chest X-ray report?,3682,False
What abnormality is present according to the report?,3682,False
What are the key findings in this chest X-ray report?,3683,False
What abnormality is present according to the report?,3683,False
What are the key findings in this chest X-ray report?,3684,False
What abnormality is present according to the report?,3684,False
Is there any cardiomegaly?,3684,False
What are the key findings in this chest X-ray report?,3685,False
What abnormality is present according to the report?,3685,False
What are the key findings in this chest X-ray report?,3686,False
What abnormality is present according to the report?,3686,False
Is there any cardiomegaly?,3686,False
What are the key findings in this chest X-ray report?,3687,False
What abnormality is present according to the report?,3687,False
Is there any atelectasis?,3687,False
What are the key findings in this chest X-ray report?,3688,False
What abnormality is present according to the report?,3688,False
Is there any effusion?,3688,False
Is there any opacity?,3688,False
Is there any atelectasis?,3688,False
What are the key findings in this chest X-ray report?,3689,False
What abnormality is present according to the report?,3689,False
What are the key findings in this chest X-ray report?,3690,False
What abnormality is present according to the report?,3690,False
Is there any cardiomegaly?,3690,False
What are the key findings in this chest X-ray report?,3691,False
What abnormality is present according to the report?,3691,False
What are the key findings in this chest X-ray report?,3692,False
What abnormality is present according to the report?,3692,False
Is the heart size normal?,3692,False
What are the key findings in this chest X-ray report?,3693,False
What abnormality is present according to the report?,3693,False
Is the heart size normal?,3693,False
What are the key findings in this chest X-ray report?,3694,False
What abnormality is present according to the report?,3694,False
Is there any pneumothorax?,3694,False
What are the key findings in this chest X-ray report?,3695,False
What abnormality is present according to the report?,3695,False
What are the key findings in this chest X-ray report?,3696,False
What abnormality is present according to the report?,3696,False
What are the key findings in this chest X-ray report?,3697,False
What abnormality is present according to the report?,3697,False
What are the key findings in this chest X-ray report?,3698,False
What abnormality is present according to the report?,3698,False
Is the heart size normal?,3698,False
What are the key findings in this chest X-ray report?,3699,False
What abnormality is present according to the report?,3699,False
What are the key findings in this chest X-ray report?,3700,False
What abnormality is present according to the report?,3700,False
Is there any cardiomegaly?,3700,False
What are the key findings in this chest X-ray report?,3701,False
What abnormality is present according to the report?,3701,False
Is the heart size normal?,3701,False
What are the key findings in this chest X-ray report?,3702,False
What abnormality is present according to the report?,3702,False
What are the key findings in this chest X-ray report?,3703,False
What abnormality is present according to the report?,3703,False
Is the heart size normal?,3703,False
What are the key findings in this chest X-ray report?,3704,False
What abnormality is present according to the report?,3704,False
Is the heart size normal?,3704,False
What are the key findings in this chest X-ray report?,3705,False
What abnormality is present according to the report?,3705,False
What are the key findings in this chest X-ray report?,3706,False
What abnormality is present according to the report?,3706,False
What are the key findings in this chest X-ray report?,3707,False
What abnormality is present according to the report?,3707,False
What are the key findings in this chest X-ray report?,3708,False
What abnormality is present according to the report?,3708,False
What are the key findings in this chest X-ray report?,3709,False
What abnormality is present according to the report?,3709,False
What are the key findings in this chest X-ray report?,3712,False
What abnormality is present according to the report?,3712,False
What are the key findings in this chest X-ray report?,3713,False
What abnormality is present according to the report?,3713,False
What are the key findings in this chest X-ray report?,3714,False
What abnormality is present according to the report?,3714,False
What are the key findings in this chest X-ray report?,3715,False
What abnormality is present according to the report?,3715,False
What are the key findings in this chest X-ray report?,3716,False
What abnormality is present according to the report?,3716,False
What are the key findings in this chest X-ray report?,3717,False
What abnormality is present according to the report?,3717,False
What are the key findings in this chest X-ray report?,3718,False
What abnormality is present according to the report?,3718,False
What are the key findings in this chest X-ray report?,3719,False
What abnormality is present according to the report?,3719,False
Is the heart size normal?,3719,False
What are the key findings in this chest X-ray report?,3720,False
What abnormality is present according to the report?,3720,False
Is the heart size normal?,3720,False
What are the key findings in this chest X-ray report?,3721,False
What abnormality is present according to the report?,3721,False
Is there any opacity?,3721,False
Is there any atelectasis?,3721,False
What are the key findings in this chest X-ray report?,3722,False
What abnormality is present according to the report?,3722,False
Is the heart size normal?,3722,False
What are the key findings in this chest X-ray report?,3723,False
What abnormality is present according to the report?,3723,False
Is the heart size normal?,3723,False
What are the key findings in this chest X-ray report?,3724,False
What abnormality is present according to the report?,3724,False
Is the heart size normal?,3724,False
What are the key findings in this chest X-ray report?,3725,False
What abnormality is present according to the report?,3725,False
What are the key findings in this chest X-ray report?,3726,False
What abnormality is present according to the report?,3726,False
Is the heart size normal?,3726,False
What are the key findings in this chest X-ray report?,3727,False
What abnormality is present according to the report?,3727,False
What are the key findings in this chest X-ray report?,3728,False
What abnormality is present according to the report?,3728,False
Is the heart size normal?,3728,False
What are the key findings in this chest X-ray report?,3729,False
What abnormality is present according to the report?,3729,False
Is the heart size normal?,3729,False
What are the key findings in this chest X-ray report?,3730,False
What abnormality is present according to the report?,3730,False
What are the key findings in this chest X-ray report?,3731,False
What abnormality is present according to the report?,3731,False
Is the heart size normal?,3731,False
What are the key findings in this chest X-ray report?,3732,False
What abnormality is present according to the report?,3732,False
What are the key findings in this chest X-ray report?,3733,False
What abnormality is present according to the report?,3733,False
Is there any cardiomegaly?,3733,False
What are the key findings in this chest X-ray report?,3734,False
What abnormality is present according to the report?,3734,False
Is the heart size normal?,3734,False
What are the key findings in this chest X-ray report?,3735,False
What abnormality is present according to the report?,3735,False
What are the key findings in this chest X-ray report?,3736,False
What abnormality is present according to the report?,3736,False
What are the key findings in this chest X-ray report?,3737,False
What abnormality is present according to the report?,3737,False
Is the heart size normal?,3737,False
What are the key findings in this chest X-ray report?,3738,False
What abnormality is present according to the report?,3738,False
Is the heart size normal?,3738,False
What are the key findings in this chest X-ray report?,3739,False
What abnormality is present according to the report?,3739,False
What are the key findings in this chest X-ray report?,3740,False
What abnormality is present according to the report?,3740,False
Is there any opacity?,3740,False
What are the key findings in this chest X-ray report?,3741,False
What abnormality is present according to the report?,3741,False
What are the key findings in this chest X-ray report?,3742,False
What abnormality is present according to the report?,3742,False
What are the key findings in this chest X-ray report?,3743,False
What abnormality is present according to the report?,3743,False
What are the key findings in this chest X-ray report?,3744,False
What abnormality is present according to the report?,3744,False
Is the heart size normal?,3744,False
What are the key findings in this chest X-ray report?,3745,False
What abnormality is present according to the report?,3745,False
Is the heart size normal?,3745,False
What are the key findings in this chest X-ray report?,3746,False
What abnormality is present according to the report?,3746,False
What are the key findings in this chest X-ray report?,3747,False
What abnormality is present according to the report?,3747,False
Is the heart size normal?,3747,False
What are the key findings in this chest X-ray report?,3748,False
What abnormality is present according to the report?,3748,False
Is there any atelectasis?,3748,False
What are the key findings in this chest X-ray report?,3749,False
What abnormality is present according to the report?,3749,False
Is the heart size normal?,3749,False
What are the key findings in this chest X-ray report?,3750,False
What abnormality is present according to the report?,3750,False
Is there any cardiomegaly?,3750,False
Is there any effusion?,3750,False
Is there any edema?,3750,False
What are the key findings in this chest X-ray report?,3751,False
What abnormality is present according to the report?,3751,False
What are the key findings in this chest X-ray report?,3752,False
What abnormality is present according to the report?,3752,False
Is there any cardiomegaly?,3752,False
What are the key findings in this chest X-ray report?,3753,False
What abnormality is present according to the report?,3753,False
Is there any atelectasis?,3753,False
What are the key findings in this chest X-ray report?,3754,False
What abnormality is present according to the report?,3754,False
Is the heart size normal?,3754,False
What are the key findings in this chest X-ray report?,3755,False
What abnormality is present according to the report?,3755,False
What are the key findings in this chest X-ray report?,3756,False
What abnormality is present according to the report?,3756,False
Is there any opacity?,3756,False
What are the key findings in this chest X-ray report?,3757,False
What abnormality is present according to the report?,3757,False
What are the key findings in this chest X-ray report?,3758,False
What abnormality is present according to the report?,3758,False
What are the key findings in this chest X-ray report?,3759,False
What abnormality is present according to the report?,3759,False
What are the key findings in this chest X-ray report?,3760,False
What abnormality is present according to the report?,3760,False
What are the key findings in this chest X-ray report?,3761,False
What abnormality is present according to the report?,3761,False
Is there any cardiomegaly?,3761,False
What are the key findings in this chest X-ray report?,3762,False
What abnormality is present according to the report?,3762,False
What are the key findings in this chest X-ray report?,3763,False
What abnormality is present according to the report?,3763,False
Is the heart size normal?,3763,False
What are the key findings in this chest X-ray report?,3764,False
What abnormality is present according to the report?,3764,False
Is the heart size normal?,3764,False
What are the key findings in this chest X-ray report?,3765,False
What abnormality is present according to the report?,3765,False
Is the heart size normal?,3765,False
What are the key findings in this chest X-ray report?,3766,False
What abnormality is present according to the report?,3766,False
What are the key findings in this chest X-ray report?,3767,False
What abnormality is present according to the report?,3767,False
Is the heart size normal?,3767,False
What are the key findings in this chest X-ray report?,3768,False
What abnormality is present according to the report?,3768,False
Is there any cardiomegaly?,3768,False
What are the key findings in this chest X-ray report?,3769,False
What abnormality is present according to the report?,3769,False
Is there any opacity?,3769,False
What are the key findings in this chest X-ray report?,3770,False
What abnormality is present according to the report?,3770,False
What are the key findings in this chest X-ray report?,3771,False
What abnormality is present according to the report?,3771,False
Is the heart size normal?,3771,False
What are the key findings in this chest X-ray report?,3772,False
What abnormality is present according to the report?,3772,False
What are the key findings in this chest X-ray report?,3773,False
What abnormality is present according to the report?,3773,False
Is the heart size normal?,3773,False
What are the key findings in this chest X-ray report?,3774,False
What abnormality is present according to the report?,3774,False
What are the key findings in this chest X-ray report?,3775,False
What abnormality is present according to the report?,3775,False
Is the heart size normal?,3775,False
What are the key findings in this chest X-ray report?,3776,False
What abnormality is present according to the report?,3776,False
What are the key findings in this chest X-ray report?,3777,False
What abnormality is present according to the report?,3777,False
What are the key findings in this chest X-ray report?,3778,False
What abnormality is present according to the report?,3778,False
Is the heart size normal?,3778,False
What are the key findings in this chest X-ray report?,3779,False
What abnormality is present according to the report?,3779,False
Is the heart size normal?,3779,False
What are the key findings in this chest X-ray report?,3780,False
What abnormality is present according to the report?,3780,False
What are the key findings in this chest X-ray report?,3781,False
What abnormality is present according to the report?,3781,False
Is the heart size normal?,3781,False
What are the key findings in this chest X-ray report?,3783,False
What abnormality is present according to the report?,3783,False
Is the heart size normal?,3783,False
What are the key findings in this chest X-ray report?,3784,False
What abnormality is present according to the report?,3784,False
What are the key findings in this chest X-ray report?,3785,False
What abnormality is present according to the report?,3785,False
Is there any opacity?,3785,False
What are the key findings in this chest X-ray report?,3786,False
What abnormality is present according to the report?,3786,False
Is there any cardiomegaly?,3786,False
What are the key findings in this chest X-ray report?,3787,False
What abnormality is present according to the report?,3787,False
Is the heart size normal?,3787,False
What are the key findings in this chest X-ray report?,3789,False
What abnormality is present according to the report?,3789,False
Is there any cardiomegaly?,3789,False
What are the key findings in this chest X-ray report?,3790,False
What abnormality is present according to the report?,3790,False
Is there any opacity?,3790,False
What are the key findings in this chest X-ray report?,3791,False
What abnormality is present according to the report?,3791,False
What are the key findings in this chest X-ray report?,3792,False
What abnormality is present according to the report?,3792,False
Is the heart size normal?,3792,False
What are the key findings in this chest X-ray report?,3793,False
What abnormality is present according to the report?,3793,False
Is there any opacity?,3793,False
What are the key findings in this chest X-ray report?,3794,False
What abnormality is present according to the report?,3794,False
Is there any opacity?,3794,False
What are the key findings in this chest X-ray report?,3795,False
What abnormality is present according to the report?,3795,False
What are the key findings in this chest X-ray report?,3796,False
What abnormality is present according to the report?,3796,False
Is the heart size normal?,3796,False
What are the key findings in this chest X-ray report?,3797,False
What abnormality is present according to the report?,3797,False
Is there any opacity?,3797,False
Is there any atelectasis?,3797,False
What are the key findings in this chest X-ray report?,3798,False
What abnormality is present according to the report?,3798,False
Is there any opacity?,3798,False
What are the key findings in this chest X-ray report?,3799,False
What abnormality is present according to the report?,3799,False
Is there any atelectasis?,3799,False
What are the key findings in this chest X-ray report?,3801,False
What abnormality is present according to the report?,3801,False
Is there any cardiomegaly?,3801,False
Is there any edema?,3801,False
What are the key findings in this chest X-ray report?,3802,False
What abnormality is present according to the report?,3802,False
What are the key findings in this chest X-ray report?,3803,False
What abnormality is present according to the report?,3803,False
What are the key findings in this chest X-ray report?,3804,False
What abnormality is present according to the report?,3804,False
What are the key findings in this chest X-ray report?,3805,False
What abnormality is present according to the report?,3805,False
What are the key findings in this chest X-ray report?,3806,False
What abnormality is present according to the report?,3806,False
What are the key findings in this chest X-ray report?,3807,False
What abnormality is present according to the report?,3807,False
What are the key findings in this chest X-ray report?,3808,False
What abnormality is present according to the report?,3808,False
What are the key findings in this chest X-ray report?,3809,False
What abnormality is present according to the report?,3809,False
Is the heart size normal?,3809,False
What are the key findings in this chest X-ray report?,3810,False
What abnormality is present according to the report?,3810,False
What are the key findings in this chest X-ray report?,3811,False
What abnormality is present according to the report?,3811,False
Is there any cardiomegaly?,3811,False
Is there any opacity?,3811,False
Is there any edema?,3811,False
What are the key findings in this chest X-ray report?,3812,False
What abnormality is present according to the report?,3812,False
What are the key findings in this chest X-ray report?,3813,False
What abnormality is present according to the report?,3813,False
Is there any opacity?,3813,False
What are the key findings in this chest X-ray report?,3814,False
What abnormality is present according to the report?,3814,False
Is the heart size normal?,3814,False
What are the key findings in this chest X-ray report?,3815,False
What abnormality is present according to the report?,3815,False
What are the key findings in this chest X-ray report?,3816,False
What abnormality is present according to the report?,3816,False
What are the key findings in this chest X-ray report?,3817,False
What abnormality is present according to the report?,3817,False
Is the heart size normal?,3817,False
What are the key findings in this chest X-ray report?,3818,False
What abnormality is present according to the report?,3818,False
Is the heart size normal?,3818,False
What are the key findings in this chest X-ray report?,3819,False
What abnormality is present according to the report?,3819,False
Is there any cardiomegaly?,3819,False
Is there any effusion?,3819,False
What are the key findings in this chest X-ray report?,3820,False
What abnormality is present according to the report?,3820,False
What are the key findings in this chest X-ray report?,3821,False
What abnormality is present according to the report?,3821,False
What are the key findings in this chest X-ray report?,3822,False
What abnormality is present according to the report?,3822,False
What are the key findings in this chest X-ray report?,3823,False
What abnormality is present according to the report?,3823,False
Is the heart size normal?,3823,False
What are the key findings in this chest X-ray report?,3824,False
What abnormality is present according to the report?,3824,False
Is there any opacity?,3824,False
What are the key findings in this chest X-ray report?,3825,False
What abnormality is present according to the report?,3825,False
What are the key findings in this chest X-ray report?,3826,False
What abnormality is present according to the report?,3826,False
Is the heart size normal?,3826,False
What are the key findings in this chest X-ray report?,3827,False
What abnormality is present according to the report?,3827,False
Is the heart size normal?,3827,False
What are the key findings in this chest X-ray report?,3828,False
What abnormality is present according to the report?,3828,False
What are the key findings in this chest X-ray report?,3829,False
What abnormality is present according to the report?,3829,False
Is there any cardiomegaly?,3829,False
Is there any atelectasis?,3829,False
What are the key findings in this chest X-ray report?,3830,False
What abnormality is present according to the report?,3830,False
Is the heart size normal?,3830,False
What are the key findings in this chest X-ray report?,3831,False
What abnormality is present according to the report?,3831,False
Is the heart size normal?,3831,False
What are the key findings in this chest X-ray report?,3832,False
What abnormality is present according to the report?,3832,False
What are the key findings in this chest X-ray report?,3833,False
What abnormality is present according to the report?,3833,False
Is there any opacity?,3833,False
What are the key findings in this chest X-ray report?,3834,False
What abnormality is present according to the report?,3834,False
What are the key findings in this chest X-ray report?,3835,False
What abnormality is present according to the report?,3835,False
What are the key findings in this chest X-ray report?,3836,False
What abnormality is present according to the report?,3836,False
Is the heart size normal?,3836,False
What are the key findings in this chest X-ray report?,3837,False
What abnormality is present according to the report?,3837,False
Is the heart size normal?,3837,False
What are the key findings in this chest X-ray report?,3838,False
What abnormality is present according to the report?,3838,False
What are the key findings in this chest X-ray report?,3839,False
What abnormality is present according to the report?,3839,False
Is there any cardiomegaly?,3839,False
Is there any atelectasis?,3839,False
What are the key findings in this chest X-ray report?,3840,False
What abnormality is present according to the report?,3840,False
Is there any cardiomegaly?,3840,False
Is there any effusion?,3840,False
Is there any opacity?,3840,False
What are the key findings in this chest X-ray report?,3841,False
What abnormality is present according to the report?,3841,False
What are the key findings in this chest X-ray report?,3842,False
What abnormality is present according to the report?,3842,False
What are the key findings in this chest X-ray report?,3843,False
What abnormality is present according to the report?,3843,False
What are the key findings in this chest X-ray report?,3844,False
What abnormality is present according to the report?,3844,False
Is the heart size normal?,3844,False
What are the key findings in this chest X-ray report?,3845,False
What abnormality is present according to the report?,3845,False
Is the heart size normal?,3845,False
What are the key findings in this chest X-ray report?,3846,False
What abnormality is present according to the report?,3846,False
Is there any effusion?,3846,False
Is there any atelectasis?,3846,False
What are the key findings in this chest X-ray report?,3847,False
What abnormality is present according to the report?,3847,False
Is there any pneumothorax?,3847,False
What are the key findings in this chest X-ray report?,3848,False
What abnormality is present according to the report?,3848,False
Is there any cardiomegaly?,3848,False
Is there any opacity?,3848,False
What are the key findings in this chest X-ray report?,3849,False
What abnormality is present according to the report?,3849,False
What are the key findings in this chest X-ray report?,3850,False
What abnormality is present according to the report?,3850,False
What are the key findings in this chest X-ray report?,3851,False
What abnormality is present according to the report?,3851,False
What are the key findings in this chest X-ray report?,3852,False
What abnormality is present according to the report?,3852,False
What are the key findings in this chest X-ray report?,3853,False
What abnormality is present according to the report?,3853,False
Is there any cardiomegaly?,3853,False
Is there any effusion?,3853,False
What are the key findings in this chest X-ray report?,3854,False
What abnormality is present according to the report?,3854,False
What are the key findings in this chest X-ray report?,3855,False
What abnormality is present according to the report?,3855,False
What are the key findings in this chest X-ray report?,3856,False
What abnormality is present according to the report?,3856,False
Is the heart size normal?,3856,False
What are the key findings in this chest X-ray report?,3857,False
What abnormality is present according to the report?,3857,False
Is the heart size normal?,3857,False
What are the key findings in this chest X-ray report?,3858,False
What abnormality is present according to the report?,3858,False
What are the key findings in this chest X-ray report?,3860,False
What abnormality is present according to the report?,3860,False
Is the heart size normal?,3860,False
What are the key findings in this chest X-ray report?,3861,False
What abnormality is present according to the report?,3861,False
Is the heart size normal?,3861,False
What are the key findings in this chest X-ray report?,3862,False
What abnormality is present according to the report?,3862,False
What are the key findings in this chest X-ray report?,3863,False
What abnormality is present according to the report?,3863,False
Is there any cardiomegaly?,3863,False
What are the key findings in this chest X-ray report?,3865,False
What abnormality is present according to the report?,3865,False
What are the key findings in this chest X-ray report?,3866,False
What abnormality is present according to the report?,3866,False
Is there any opacity?,3866,False
What are the key findings in this chest X-ray report?,3867,False
What abnormality is present according to the report?,3867,False
Is the heart size normal?,3867,False
What are the key findings in this chest X-ray report?,3868,False
What abnormality is present according to the report?,3868,False
What are the key findings in this chest X-ray report?,3869,False
What abnormality is present according to the report?,3869,False
Is there any cardiomegaly?,3869,False
What are the key findings in this chest X-ray report?,3870,False
What abnormality is present according to the report?,3870,False
Is there any effusion?,3870,False
Is there any opacity?,3870,False
What are the key findings in this chest X-ray report?,3871,False
What abnormality is present according to the report?,3871,False
Is the heart size normal?,3871,False
What are the key findings in this chest X-ray report?,3872,False
What abnormality is present according to the report?,3872,False
What are the key findings in this chest X-ray report?,3873,False
What abnormality is present according to the report?,3873,False
Is there any opacity?,3873,False
What are the key findings in this chest X-ray report?,3874,False
What abnormality is present according to the report?,3874,False
What are the key findings in this chest X-ray report?,3875,False
What abnormality is present according to the report?,3875,False
What are the key findings in this chest X-ray report?,3876,False
What abnormality is present according to the report?,3876,False
What are the key findings in this chest X-ray report?,3877,False
What abnormality is present according to the report?,3877,False
Is there any effusion?,3877,False
Is there any opacity?,3877,False
What are the key findings in this chest X-ray report?,3878,False
What abnormality is present according to the report?,3878,False
Is there any cardiomegaly?,3878,False
What are the key findings in this chest X-ray report?,3879,False
What abnormality is present according to the report?,3879,False
Is the heart size normal?,3879,False
What are the key findings in this chest X-ray report?,3880,False
What abnormality is present according to the report?,3880,False
Is there any cardiomegaly?,3880,False
Is there any opacity?,3880,False
Is there any edema?,3880,False
What are the key findings in this chest X-ray report?,3881,False
What abnormality is present according to the report?,3881,False
What are the key findings in this chest X-ray report?,3882,False
What abnormality is present according to the report?,3882,False
What are the key findings in this chest X-ray report?,3883,False
What abnormality is present according to the report?,3883,False
Is the heart size normal?,3883,False
What are the key findings in this chest X-ray report?,3884,False
What abnormality is present according to the report?,3884,False
Is there any opacity?,3884,False
Is there any edema?,3884,False
What are the key findings in this chest X-ray report?,3885,False
What abnormality is present according to the report?,3885,False
Is the heart size normal?,3885,False
What are the key findings in this chest X-ray report?,3886,False
What abnormality is present according to the report?,3886,False
What are the key findings in this chest X-ray report?,3887,False
What abnormality is present according to the report?,3887,False
What are the key findings in this chest X-ray report?,3888,False
What abnormality is present according to the report?,3888,False
What are the key findings in this chest X-ray report?,3889,False
What abnormality is present according to the report?,3889,False
Is the heart size normal?,3889,False
What are the key findings in this chest X-ray report?,3890,False
What abnormality is present according to the report?,3890,False
Is the heart size normal?,3890,False
What are the key findings in this chest X-ray report?,3891,False
What abnormality is present according to the report?,3891,False
Is there any effusion?,3891,False
Is there any pneumothorax?,3891,False
Is there any atelectasis?,3891,False
What are the key findings in this chest X-ray report?,3892,False
What abnormality is present according to the report?,3892,False
Is there any opacity?,3892,False
What are the key findings in this chest X-ray report?,3893,False
What abnormality is present according to the report?,3893,False
What are the key findings in this chest X-ray report?,3894,False
What abnormality is present according to the report?,3894,False
Is the heart size normal?,3894,False
What are the key findings in this chest X-ray report?,3895,False
What abnormality is present according to the report?,3895,False
Is there any opacity?,3895,False
What are the key findings in this chest X-ray report?,3896,False
What abnormality is present according to the report?,3896,False
What are the key findings in this chest X-ray report?,3897,False
What abnormality is present according to the report?,3897,False
Is the heart size normal?,3897,False
What are the key findings in this chest X-ray report?,3898,False
What abnormality is present according to the report?,3898,False
What are the key findings in this chest X-ray report?,3899,False
What abnormality is present according to the report?,3899,False
What are the key findings in this chest X-ray report?,3900,False
What abnormality is present according to the report?,3900,False
Is the heart size normal?,3900,False
What are the key findings in this chest X-ray report?,3901,False
What abnormality is present according to the report?,3901,False
Is there any opacity?,3901,False
Is there any atelectasis?,3901,False
What are the key findings in this chest X-ray report?,3902,False
What abnormality is present according to the report?,3902,False
What are the key findings in this chest X-ray report?,3903,False
What abnormality is present according to the report?,3903,False
Is the heart size normal?,3903,False
What are the key findings in this chest X-ray report?,3904,False
What abnormality is present according to the report?,3904,False
Is the heart size normal?,3904,False
What are the key findings in this chest X-ray report?,3905,False
What abnormality is present according to the report?,3905,False
Is there any cardiomegaly?,3905,False
What are the key findings in this chest X-ray report?,3906,False
What abnormality is present according to the report?,3906,False
Is the heart size normal?,3906,False
What are the key findings in this chest X-ray report?,3907,False
What abnormality is present according to the report?,3907,False
Is there any cardiomegaly?,3907,False
Is there any opacity?,3907,False
Is there any atelectasis?,3907,False
What are the key findings in this chest X-ray report?,3908,False
What abnormality is present according to the report?,3908,False
What are the key findings in this chest X-ray report?,3909,False
What abnormality is present according to the report?,3909,False
What are the key findings in this chest X-ray report?,3910,False
What abnormality is present according to the report?,3910,False
What are the key findings in this chest X-ray report?,3911,False
What abnormality is present according to the report?,3911,False
Is the heart size normal?,3911,False
What are the key findings in this chest X-ray report?,3912,False
What abnormality is present according to the report?,3912,False
Is there any cardiomegaly?,3912,False
What are the key findings in this chest X-ray report?,3913,False
What abnormality is present according to the report?,3913,False
Is the heart size normal?,3913,False
What are the key findings in this chest X-ray report?,3914,False
What abnormality is present according to the report?,3914,False
Is the heart size normal?,3914,False
What are the key findings in this chest X-ray report?,3915,False
What abnormality is present according to the report?,3915,False
Is there any cardiomegaly?,3915,False
What are the key findings in this chest X-ray report?,3916,False
What abnormality is present according to the report?,3916,False
Is the heart size normal?,3916,False
What are the key findings in this chest X-ray report?,3917,False
What abnormality is present according to the report?,3917,False
Is there any cardiomegaly?,3917,False
What are the key findings in this chest X-ray report?,3918,False
What abnormality is present according to the report?,3918,False
What are the key findings in this chest X-ray report?,3919,False
What abnormality is present according to the report?,3919,False
Is there any cardiomegaly?,3919,False
What are the key findings in this chest X-ray report?,3921,False
What abnormality is present according to the report?,3921,False
What are the key findings in this chest X-ray report?,3922,False
What abnormality is present according to the report?,3922,False
Is the heart size normal?,3922,False
What are the key findings in this chest X-ray report?,3923,False
What abnormality is present according to the report?,3923,False
Is the heart size normal?,3923,False
What are the key findings in this chest X-ray report?,3924,False
What abnormality is present according to the report?,3924,False
What are the key findings in this chest X-ray report?,3925,False
What abnormality is present according to the report?,3925,False
What are the key findings in this chest X-ray report?,3926,False
What abnormality is present according to the report?,3926,False
Is there any cardiomegaly?,3926,False
Is there any atelectasis?,3926,False
What are the key findings in this chest X-ray report?,3927,False
What abnormality is present according to the report?,3927,False
What are the key findings in this chest X-ray report?,3928,False
What abnormality is present according to the report?,3928,False
What are the key findings in this chest X-ray report?,3929,False
What abnormality is present according to the report?,3929,False
What are the key findings in this chest X-ray report?,3930,False
What abnormality is present according to the report?,3930,False
What are the key findings in this chest X-ray report?,3931,False
What abnormality is present according to the report?,3931,False
Is the heart size normal?,3931,False
What are the key findings in this chest X-ray report?,3932,False
What abnormality is present according to the report?,3932,False
What are the key findings in this chest X-ray report?,3933,False
What abnormality is present according to the report?,3933,False
What are the key findings in this chest X-ray report?,3934,False
What abnormality is present according to the report?,3934,False
What are the key findings in this chest X-ray report?,3935,False
What abnormality is present according to the report?,3935,False
Is there any opacity?,3935,False
What are the key findings in this chest X-ray report?,3936,False
What abnormality is present according to the report?,3936,False
Is the heart size normal?,3936,False
What are the key findings in this chest X-ray report?,3937,False
What abnormality is present according to the report?,3937,False
What are the key findings in this chest X-ray report?,3938,False
What abnormality is present according to the report?,3938,False
Is the heart size normal?,3938,False
What are the key findings in this chest X-ray report?,3939,False
What abnormality is present according to the report?,3939,False
Is the heart size normal?,3939,False
What are the key findings in this chest X-ray report?,3940,False
What abnormality is present according to the report?,3940,False
What are the key findings in this chest X-ray report?,3941,False
What abnormality is present according to the report?,3941,False
Is there any cardiomegaly?,3941,False
What are the key findings in this chest X-ray report?,3942,False
What abnormality is present according to the report?,3942,False
What are the key findings in this chest X-ray report?,3943,False
What abnormality is present according to the report?,3943,False
What are the key findings in this chest X-ray report?,3944,False
What abnormality is present according to the report?,3944,False
What are the key findings in this chest X-ray report?,3945,False
What abnormality is present according to the report?,3945,False
Is there any effusion?,3945,False
Is there any pneumothorax?,3945,False
Is there any atelectasis?,3945,False
What are the key findings in this chest X-ray report?,3946,False
What abnormality is present according to the report?,3946,False
Is the heart size normal?,3946,False
What are the key findings in this chest X-ray report?,3947,False
What abnormality is present according to the report?,3947,False
What are the key findings in this chest X-ray report?,3948,False
What abnormality is present according to the report?,3948,False
Is the heart size normal?,3948,False
What are the key findings in this chest X-ray report?,3949,False
What abnormality is present according to the report?,3949,False
Is there any cardiomegaly?,3949,False
What are the key findings in this chest X-ray report?,3950,False
What abnormality is present according to the report?,3950,False
What are the key findings in this chest X-ray report?,3951,False
What abnormality is present according to the report?,3951,False
Is there any opacity?,3951,False
What are the key findings in this chest X-ray report?,3952,False
What abnormality is present according to the report?,3952,False
Is there any cardiomegaly?,3952,False
What are the key findings in this chest X-ray report?,3953,False
What abnormality is present according to the report?,3953,False
Is the heart size normal?,3953,False
What are the key findings in this chest X-ray report?,3954,False
What abnormality is present according to the report?,3954,False
Is the heart size normal?,3954,False
What are the key findings in this chest X-ray report?,3955,False
What abnormality is present according to the report?,3955,False
Is the heart size normal?,3955,False
What are the key findings in this chest X-ray report?,3956,False
What abnormality is present according to the report?,3956,False
What are the key findings in this chest X-ray report?,3957,False
What abnormality is present according to the report?,3957,False
Is the heart size normal?,3957,False
What are the key findings in this chest X-ray report?,3958,False
What abnormality is present according to the report?,3958,False
Is the heart size normal?,3958,False
What are the key findings in this chest X-ray report?,3959,False
What abnormality is present according to the report?,3959,False
What are the key findings in this chest X-ray report?,3960,False
What abnormality is present according to the report?,3960,False
What are the key findings in this chest X-ray report?,3961,False
What abnormality is present according to the report?,3961,False
Is there any opacity?,3961,False
What are the key findings in this chest X-ray report?,3962,False
What abnormality is present according to the report?,3962,False
Is the heart size normal?,3962,False
What are the key findings in this chest X-ray report?,3963,False
What abnormality is present according to the report?,3963,False
What are the key findings in this chest X-ray report?,3964,False
What abnormality is present according to the report?,3964,False
What are the key findings in this chest X-ray report?,3965,False
What abnormality is present according to the report?,3965,False
What are the key findings in this chest X-ray report?,3966,False
What abnormality is present according to the report?,3966,False
What are the key findings in this chest X-ray report?,3967,False
What abnormality is present according to the report?,3967,False
What are the key findings in this chest X-ray report?,3968,False
What abnormality is present according to the report?,3968,False
What are the key findings in this chest X-ray report?,3969,False
What abnormality is present according to the report?,3969,False
What are the key findings in this chest X-ray report?,3970,False
What abnormality is present according to the report?,3970,False
Is the heart size normal?,3970,False
What are the key findings in this chest X-ray report?,3971,False
What abnormality is present according to the report?,3971,False
Is the heart size normal?,3971,False
What are the key findings in this chest X-ray report?,3972,False
What abnormality is present according to the report?,3972,False
Is there any opacity?,3972,False
What are the key findings in this chest X-ray report?,3974,False
What abnormality is present according to the report?,3974,False
What are the key findings in this chest X-ray report?,3975,False
What abnormality is present according to the report?,3975,False
What are the key findings in this chest X-ray report?,3976,False
What abnormality is present according to the report?,3976,False
Is the heart size normal?,3976,False
What are the key findings in this chest X-ray report?,3977,False
What abnormality is present according to the report?,3977,False
What are the key findings in this chest X-ray report?,3978,False
What abnormality is present according to the report?,3978,False
Is the heart size normal?,3978,False
What are the key findings in this chest X-ray report?,3979,False
What abnormality is present according to the report?,3979,False
What are the key findings in this chest X-ray report?,3980,False
What abnormality is present according to the report?,3980,False
Is there any cardiomegaly?,3980,False
Is there any effusion?,3980,False
Is there any opacity?,3980,False
What are the key findings in this chest X-ray report?,3981,False
What abnormality is present according to the report?,3981,False
Is the heart size normal?,3981,False
What are the key findings in this chest X-ray report?,3982,False
What abnormality is present according to the report?,3982,False
Is the heart size normal?,3982,False
What are the key findings in this chest X-ray report?,3983,False
What abnormality is present according to the report?,3983,False
Is there any opacity?,3983,False
Is there any atelectasis?,3983,False
What are the key findings in this chest X-ray report?,3984,False
What abnormality is present according to the report?,3984,False
What are the key findings in this chest X-ray report?,3985,False
What abnormality is present according to the report?,3985,False
What are the key findings in this chest X-ray report?,3986,False
What abnormality is present according to the report?,3986,False
Is the heart size normal?,3986,False
What are the key findings in this chest X-ray report?,3987,False
What abnormality is present according to the report?,3987,False
What are the key findings in this chest X-ray report?,3988,False
What abnormality is present according to the report?,3988,False
Is there any opacity?,3988,False
What are the key findings in this chest X-ray report?,3989,False
What abnormality is present according to the report?,3989,False
What are the key findings in this chest X-ray report?,3991,False
What abnormality is present according to the report?,3991,False
What are the key findings in this chest X-ray report?,3992,False
What abnormality is present according to the report?,3992,False
What are the key findings in this chest X-ray report?,3993,False
What abnormality is present according to the report?,3993,False
Is there any cardiomegaly?,3993,False
What are the key findings in this chest X-ray report?,3994,False
What abnormality is present according to the report?,3994,False
Is there any cardiomegaly?,3994,False
What are the key findings in this chest X-ray report?,3995,False
What abnormality is present according to the report?,3995,False
Is there any atelectasis?,3995,False
What are the key findings in this chest X-ray report?,3996,False
What abnormality is present according to the report?,3996,False
What are the key findings in this chest X-ray report?,3997,False
What abnormality is present according to the report?,3997,False
Is there any opacity?,3997,False
What are the key findings in this chest X-ray report?,3998,False
What abnormality is present according to the report?,3998,False
Is the heart size normal?,3998,False
What are the key findings in this chest X-ray report?,3999,False
What abnormality is present according to the report?,3999,False
Is the heart size normal?,3999,False
